1.000000000000000000e+03,1.000000000000000000e+03,0.000000000000000000e+00
1.000000000000000000e+03,1.000000000000000000e+03,0.000000000000000000e+00
1.000016099766121897e+03,1.000009996019831192e+03,-1.331022244666421397e-05
1.000014592904875940e+03,1.000016570142845467e+03,7.239780420837416152e-05
1.000014438796995023e+03,1.000011392139790814e+03,-4.794370226632808224e-05
1.000018045569579044e+03,1.000020343165718373e+03,-5.129684259641274541e-05
1.000016493988630486e+03,1.000022848556948702e+03,-1.212386712821621204e-04
1.000009256153993988e+03,1.000015831761734262e+03,1.323237664929810650e-04
1.000015562312427733e+03,1.000016988702551203e+03,1.691584602219054346e-04
1.000011552522015108e+03,1.000022187593307990e+03,3.350702807077150769e-04
1.000016957791858545e+03,1.000018589238357890e+03,1.127440799879832678e-04
1.000013892291139314e+03,1.000018759319069659e+03,4.617672802047683767e-04
1.000020131820144911e+03,1.000020405798934462e+03,1.079959769135260518e-04
1.000023848137371942e+03,1.000022471008311413e+03,9.296288977737305985e-05
1.000013979368698187e+03,1.000024283848310233e+03,2.778882557017619219e-05
1.000017502302055959e+03,1.000020174951560989e+03,-6.244750327875849168e-05
1.000019488600029945e+03,1.000017915963934911e+03,1.331211560181555769e-04
1.000021207502529023e+03,1.000021107904758310e+03,-1.292607260096298482e-04
1.000018977272421353e+03,1.000024590296931024e+03,-3.002791560879418230e-05
1.000015795458393995e+03,1.000027026681559278e+03,-9.638240766124564843e-05
1.000012977385900058e+03,1.000021345329440351e+03,-1.149671876143597293e-04
1.000018731592534209e+03,1.000025135450273410e+03,2.262325711075839521e-04
1.000013136385550524e+03,1.000023038907340947e+03,-1.273104632561620272e-04
1.000011748972493365e+03,1.000022506520387424e+03,-1.194911156696843731e-04
1.000024046250486435e+03,1.000028080975999956e+03,-3.197892728019673060e-05
1.000023655304523686e+03,1.000026712703353155e+03,-1.323218905152475028e-04
1.000016897647077940e+03,1.000024698006091057e+03,-2.177959148587798081e-04
1.000024638572298727e+03,1.000025376214621133e+03,-4.233289397194835938e-04
1.000024315632738990e+03,1.000029641610238059e+03,-3.311641234426492800e-04
1.000020375410874294e+03,1.000028566178694291e+03,-4.318816957420631986e-04
1.000017410564035117e+03,1.000024637257633003e+03,-2.626435243420827321e-04
1.000017775407618387e+03,1.000025155771867048e+03,-3.328905223246048117e-04
1.000019403823146718e+03,1.000029758671242689e+03,-4.307315238757128363e-04
1.000015969772549965e+03,1.000024708219244872e+03,-3.225907749051713205e-04
1.000022160073197028e+03,1.000029793288435826e+03,-4.455095876293299812e-04
1.000017478096444847e+03,1.000027744125076651e+03,-4.472113875359935687e-04
1.000017804614249485e+03,1.000027226957257085e+03,-2.386976519619363234e-04
1.000022763328772612e+03,1.000023301593666474e+03,-5.334381128583657846e-04
1.000017872655126439e+03,1.000028356176350030e+03,-5.253908315994461342e-04
1.000022613287255126e+03,1.000024615754707838e+03,-5.049784342902057964e-04
1.000025611919051698e+03,1.000032068282366936e+03,-2.741851422046852880e-04
1.000019162545644349e+03,1.000029147081144401e+03,-3.139079049496079133e-04
1.000020766126336298e+03,1.000033946875415836e+03,-5.507904056479014489e-04
1.000020401781148735e+03,1.000032785391602488e+03,-2.686224633326629173e-04
1.000017492121873602e+03,1.000024896640766315e+03,-5.657430344062626230e-04
1.000018374182719867e+03,1.000031227969669317e+03,-4.764327558333201888e-04
1.000022542784722191e+03,1.000034668111113092e+03,-3.723692598124697141e-04
1.000024018632174830e+03,1.000030382921630917e+03,-4.774790129875408390e-04
1.000022025228555435e+03,1.000032873489312578e+03,-4.836736194371129335e-04
1.000020589760798998e+03,1.000026245532132293e+03,-4.589015762325727825e-04
1.000019020007060931e+03,1.000033740697602752e+03,-3.188277158262852254e-04
1.000027625082245436e+03,1.000029983298516527e+03,-2.854248091266304937e-04
1.000021453349851868e+03,1.000030517148274043e+03,-6.050092222988685429e-04
1.000025366953012508e+03,1.000032835158876992e+03,-6.149021271741136494e-04
1.000020639367258241e+03,1.000028355985318058e+03,-2.221697330477284823e-04
1.000031285033414065e+03,1.000032192516772398e+03,-4.406570046325113945e-04
1.000029452955181455e+03,1.000030031050027446e+03,-5.094100213115404941e-04
1.000032287909219576e+03,1.000027099632093382e+03,-9.328672627646791404e-04
1.000032157874852942e+03,1.000026845409118096e+03,-8.253421891253728739e-04
1.000029405508455852e+03,1.000031283178104673e+03,-5.761916343102221720e-04
1.000034810939912290e+03,1.000031543724963740e+03,-8.582119850761921664e-04
1.000039237351454062e+03,1.000036363408015745e+03,-5.810816314743074166e-04
1.000045586032143433e+03,1.000036922162105839e+03,-9.310777278214106599e-04
1.000061906785136784e+03,1.000042571802914154e+03,-6.250678561677876915e-04
1.000073691038006359e+03,1.000037691203796498e+03,-7.839579451508917442e-04
1.000081233736733680e+03,1.000035995907741722e+03,-6.119566300857540598e-04
1.000110676288642367e+03,1.000041631869840899e+03,-3.602081066287670047e-04
1.000129816309099397e+03,1.000045989323312597e+03,4.001217523221158186e-04
1.000174424658390762e+03,1.000045555196491705e+03,1.685912805271856489e-03
1.000227071886558861e+03,1.000053932014869929e+03,2.995391326437077482e-03
1.000275435601321306e+03,1.000069592634583728e+03,4.467528320494105337e-03
1.000332004566682372e+03,1.000083650276214826e+03,6.550657855177968031e-03
1.000385586384585508e+03,1.000099293142920715e+03,9.648762553126031052e-03
1.000466165154114378e+03,1.000079552017765423e+03,1.268219251254097853e-02
1.000557319172779216e+03,1.000095154945266358e+03,1.656324366952372298e-02
1.000639672358342182e+03,1.000105264809255686e+03,2.049561092455789296e-02
1.000717734924336469e+03,1.000111214710273089e+03,2.450611845342652237e-02
1.000795031905188466e+03,1.000110855340975263e+03,2.891315503270348863e-02
1.000913723436048485e+03,1.000117269453626818e+03,3.544823903210575500e-02
1.000998730357962245e+03,1.000132957907553305e+03,4.207875486807693965e-02
1.001100962945041147e+03,1.000144171434917553e+03,4.964252698224493748e-02
1.001194689190821123e+03,1.000174441800087493e+03,5.847120523269286330e-02
1.001319787335058550e+03,1.000174207300376906e+03,6.688836770923799191e-02
1.001420877747424129e+03,1.000190416912802561e+03,7.678504611798848967e-02
1.001538835576701445e+03,1.000228969536101658e+03,8.704475199953405629e-02
1.001689623907880559e+03,1.000258955207375607e+03,9.860969171966013636e-02
1.001813748689624958e+03,1.000278988233718223e+03,1.088152203743390223e-01
1.001966297266512242e+03,1.000279520308207793e+03,1.215722110345758000e-01
1.002098327608533054e+03,1.000320877265492527e+03,1.347446188105009823e-01
1.002236771482466679e+03,1.000344781552936865e+03,1.482141946733140370e-01
1.002369802380179408e+03,1.000415346170548901e+03,1.633924264910227298e-01
1.002516024253294404e+03,1.000454514657032405e+03,1.777707467854710011e-01
1.002671358906115074e+03,1.000509503765131967e+03,1.931910649490818643e-01
1.002841626954146363e+03,1.000572070144232271e+03,2.092706156568084341e-01
1.002996941621284577e+03,1.000622560969016263e+03,2.260394104355167300e-01
1.003152988960917241e+03,1.000686936686797708e+03,2.424589390878109096e-01
1.003309949627722972e+03,1.000751592167734543e+03,2.577861411869737940e-01
1.003458470033867684e+03,1.000814580534971469e+03,2.751156689330900851e-01
1.003613533621433589e+03,1.000898394143020596e+03,2.925646252419704108e-01
1.003782685009301190e+03,1.000966177767781687e+03,3.098310169788890955e-01
1.003939660042401101e+03,1.001041364931969952e+03,3.256558846246060956e-01
1.004104095534770067e+03,1.001121755421295802e+03,3.427158891010849695e-01
1.004252622380808816e+03,1.001197951458513216e+03,3.593409703093074503e-01
1.004406573701309412e+03,1.001297307035555946e+03,3.762905381299546659e-01
1.004544009754806211e+03,1.001389215311463659e+03,3.928538685159137511e-01
1.004723235205655669e+03,1.001485963780684301e+03,4.111130744224514300e-01
1.004877360561386581e+03,1.001560818232067163e+03,4.285863785175099139e-01
1.005034610925349966e+03,1.001644355871885523e+03,4.458265234344854777e-01
1.005198721838009874e+03,1.001749802851830964e+03,4.636317941123631603e-01
1.005362352696596417e+03,1.001861845666012528e+03,4.808802027310271621e-01
1.005534103397568174e+03,1.001978937962278792e+03,4.977985502842648402e-01
1.005687913903499634e+03,1.002091774900901783e+03,5.151278814368384085e-01
1.005850170940082762e+03,1.002238520694779822e+03,5.322051625149328835e-01
1.006010466445854945e+03,1.002354010871990340e+03,5.488403864164459467e-01
1.006173322235866635e+03,1.002474913449252654e+03,5.657088787937581964e-01
1.006345561523285937e+03,1.002608720906108715e+03,5.826084404870762734e-01
1.006518248217599876e+03,1.002753110051481258e+03,5.985492115969736071e-01
1.006688811789342139e+03,1.002899215699658725e+03,6.148805903224947578e-01
1.006855377529309521e+03,1.003055877047088870e+03,6.323687048126698240e-01
1.007042763997566226e+03,1.003226455042246926e+03,6.487126173046251498e-01
1.007215518350240359e+03,1.003402870200510051e+03,6.656152357961644395e-01
1.007392762566091392e+03,1.003564763069191144e+03,6.819122718158731056e-01
1.007586622158219598e+03,1.003730113556769766e+03,6.976052467042757055e-01
1.007757057917221573e+03,1.003926772337214857e+03,7.145526973089821876e-01
1.007942469484559638e+03,1.004128318167169709e+03,7.321223833506745882e-01
1.008108826734026138e+03,1.004335723610396371e+03,7.498279343135682007e-01
1.008289962433054484e+03,1.004513514520868966e+03,7.670473964473999429e-01
1.008478965599662615e+03,1.004708596501223610e+03,7.844740845001397789e-01
1.008668379425566172e+03,1.004935771216741841e+03,8.028492452877075136e-01
1.008828621205019658e+03,1.005139880352616956e+03,8.204837873824446515e-01
1.009007673272413854e+03,1.005364950553159929e+03,8.390361324275541488e-01
1.009177987177308864e+03,1.005595814858241511e+03,8.576343089074742743e-01
1.009351105146368354e+03,1.005840754634642622e+03,8.754287681160710655e-01
1.009531983213841045e+03,1.006081621844282949e+03,8.929204588165284839e-01
1.009683358317129887e+03,1.006343116704922181e+03,9.105762239696217897e-01
1.009843247814876577e+03,1.006596471378390106e+03,9.280441740628604386e-01
1.009970168443563693e+03,1.006861479334347109e+03,9.450566356196398177e-01
1.010156541139030082e+03,1.007096318711269305e+03,9.610139690301408022e-01
1.010314495760649265e+03,1.007375977507306629e+03,9.777310024311837156e-01
1.010452313827717489e+03,1.007634790867623678e+03,9.944785583232002013e-01
1.010569547114610600e+03,1.007909784280486519e+03,1.011075270630168665e+00
1.010731879893938412e+03,1.008194696348055004e+03,1.027396789759508211e+00
1.010862600387609405e+03,1.008471912439514654e+03,1.044115056662147545e+00
1.011013022230597471e+03,1.008766677148351278e+03,1.060637888423076269e+00
1.011130128907821131e+03,1.009033758803742217e+03,1.077359831516586430e+00
1.011265436053147596e+03,1.009322772869278083e+03,1.093459746532559285e+00
1.011390627744858421e+03,1.009598037841967425e+03,1.109473940115309087e+00
1.011503764526524265e+03,1.009872067548244445e+03,1.124905495340418282e+00
1.011615864707462947e+03,1.010191601479588712e+03,1.141596758435458714e+00
1.011730988528442822e+03,1.010501517069513852e+03,1.158190509118472544e+00
1.011834145048850928e+03,1.010790830653088733e+03,1.174309046676628832e+00
1.011875692496476404e+03,1.011052385253560033e+03,1.188115118571147377e+00
1.011982346400587971e+03,1.011346451838996472e+03,1.203604135540879305e+00
1.012055297056826134e+03,1.011644768610524693e+03,1.219226534963292252e+00
1.012114650635892417e+03,1.011923915044435603e+03,1.234092252955088620e+00
1.012244030499406790e+03,1.012255552971406360e+03,1.250903954018615982e+00
1.012302679007390680e+03,1.012593637664534867e+03,1.267669447570135777e+00
1.012336252496992984e+03,1.012854348243061054e+03,1.279843191402896485e+00
1.012436880661836312e+03,1.013176312842186917e+03,1.295589989231612948e+00
1.012520661059379677e+03,1.013484561811176377e+03,1.310243609087817340e+00
1.012600480827026445e+03,1.013761568869535608e+03,1.322266334672886678e+00
1.012617048549964238e+03,1.014090114332821372e+03,1.336116769828770368e+00
1.012666055251136299e+03,1.014335862651700950e+03,1.347396112367029275e+00
1.012745344683924486e+03,1.014665132271223570e+03,1.359608104808765372e+00
1.012790747291951106e+03,1.014964722232536019e+03,1.370652854307480295e+00
1.012841422784895940e+03,1.015321217210558530e+03,1.383729493732960059e+00
1.012879591113925585e+03,1.015595610410886820e+03,1.392955171405727999e+00
1.012919390533431738e+03,1.015889040410344137e+03,1.402350065588816364e+00
1.012944256765562955e+03,1.016205836933836508e+03,1.410706809323396982e+00
1.012994072111376795e+03,1.016481010157594483e+03,1.417594288945343450e+00
1.013028044326293752e+03,1.016779062610355027e+03,1.423030001810356326e+00
1.013056993716840111e+03,1.017118797290938460e+03,1.430977421531237193e+00
1.013104547374506751e+03,1.017375599700868975e+03,1.435302550411710509e+00
1.013139260119254004e+03,1.017686303553900416e+03,1.440402341120842422e+00
1.013167499224523112e+03,1.017975685675300269e+03,1.443936153868199179e+00
1.013196525485352595e+03,1.018266758159802748e+03,1.445976465630722796e+00
1.013228732184467162e+03,1.018573789443485111e+03,1.448292659907023383e+00
1.013245691255858105e+03,1.018861700764308807e+03,1.449824251717263701e+00
1.013274938367870504e+03,1.019156903571783801e+03,1.450777626191910308e+00
1.013307719492692172e+03,1.019457059816588071e+03,1.452379700034073240e+00
1.013354102663058597e+03,1.019724259345837936e+03,1.451450814449314786e+00
1.013378373276413413e+03,1.020043949884123890e+03,1.452732491104794521e+00
1.013403237611598570e+03,1.020323919939697021e+03,1.452668225057874629e+00
1.013462690923145146e+03,1.020617429424177885e+03,1.452092579042083997e+00
1.013486995852221412e+03,1.020898691067097161e+03,1.452601231346712485e+00
1.013541341152701079e+03,1.021168903602629143e+03,1.450652450043277808e+00
1.013574282780194608e+03,1.021481581916346499e+03,1.451698610066131323e+00
1.013606550139039427e+03,1.021769704410505369e+03,1.450398814143026405e+00
1.013642716961580845e+03,1.022072214789905047e+03,1.449174245792393734e+00
1.013653997673685240e+03,1.022333108635809708e+03,1.447080732615185106e+00
1.013711636655116649e+03,1.022632060584568194e+03,1.446353018013475378e+00
1.013761274457891091e+03,1.022920243003741007e+03,1.444061222578385095e+00
1.013799510320027593e+03,1.023170697108914965e+03,1.441948006776198943e+00
1.013851360164616608e+03,1.023466955381390790e+03,1.440440177057534576e+00
1.013867228493131847e+03,1.023738414152282871e+03,1.439324194374944410e+00
1.013903592778161055e+03,1.024039696922837265e+03,1.437661498458029374e+00
1.013945419499115133e+03,1.024299005542833811e+03,1.436682390924933328e+00
1.013990101049782311e+03,1.024570144938626527e+03,1.434901903206703189e+00
1.014028521206283244e+03,1.024861474722886214e+03,1.435631381791117933e+00
1.014056693161980775e+03,1.025133671206251620e+03,1.433298143050044882e+00
1.014104347420417753e+03,1.025425649813663085e+03,1.432888711960172090e+00
1.014154293551438172e+03,1.025707867318531726e+03,1.432633934730750846e+00
1.014198278282462979e+03,1.025969897573656908e+03,1.431251660230261846e+00
1.014255162705687553e+03,1.026222555890546118e+03,1.428823433205095084e+00
1.014290467005759410e+03,1.026502972532387048e+03,1.427649110884750216e+00
1.014320596868673420e+03,1.026778010314889343e+03,1.426247989631544977e+00
1.014342508097946620e+03,1.027051056731484778e+03,1.424919416095622449e+00
1.014379371855401359e+03,1.027297582459794057e+03,1.423038677245297201e+00
1.014411805064793725e+03,1.027609468561216318e+03,1.423794739547537880e+00
1.014474078342758730e+03,1.027812661876058428e+03,1.422836062225374176e+00
1.014516363166493647e+03,1.028110648073959510e+03,1.422273931213860365e+00
1.014551667142849055e+03,1.028351595103573345e+03,1.421656694461409298e+00
1.014591435060503841e+03,1.028661031559306593e+03,1.422866788891004930e+00
1.014642772313161004e+03,1.028875949208427301e+03,1.420772553101697921e+00
1.014653364031457954e+03,1.029183729802133030e+03,1.420708054422926692e+00
1.014702649921383340e+03,1.029427600354475999e+03,1.419987096710586094e+00
1.014750309091361487e+03,1.029717022806647947e+03,1.420109114732011069e+00
1.014765377419900233e+03,1.029996747451413285e+03,1.418928365770147249e+00
1.014798242249169675e+03,1.030250932532244178e+03,1.419795743028719581e+00
1.014839632703890970e+03,1.030491707200730616e+03,1.419444928365984016e+00
1.014889174922235611e+03,1.030788713226987284e+03,1.419401978943944265e+00
1.014944407880974040e+03,1.031075491252337315e+03,1.419459421635358876e+00
1.014995487013727711e+03,1.031306128890222453e+03,1.418080683331479186e+00
1.015052177201605446e+03,1.031633010278312895e+03,1.418723923049850510e+00
1.015070377965951366e+03,1.031856494939287359e+03,1.417881998404868282e+00
1.015107240283789679e+03,1.032169577015283494e+03,1.418307723865072978e+00
1.015142700079716974e+03,1.032434693438901832e+03,1.419193122868738888e+00
1.015202781857524428e+03,1.032720413160793896e+03,1.418907708078516627e+00
1.015256873689579038e+03,1.032937034541826279e+03,1.417559584658480087e+00
1.015311669280982642e+03,1.033274724659322828e+03,1.419357325766347433e+00
1.015364900605838670e+03,1.033469195997280622e+03,1.418486975321086252e+00
1.015400813375297957e+03,1.033773055948039655e+03,1.418599218202420076e+00
1.015473475915649146e+03,1.034109898394749507e+03,1.418871337709661562e+00
1.015511313985095512e+03,1.034382104056738854e+03,1.419842634484336896e+00
1.015559647770551805e+03,1.034675227504807481e+03,1.419204519693908484e+00
1.015618650948339678e+03,1.034982712318542099e+03,1.419021895485929274e+00
1.015669720739058789e+03,1.035194569296303143e+03,1.418932220040989955e+00
1.015718925448327127e+03,1.035572354343170900e+03,1.419690375125804982e+00
1.015788453601755009e+03,1.035827495776927435e+03,1.420995604174739357e+00
1.015843748503915208e+03,1.036158065554204995e+03,1.421488134037143247e+00
1.015905147051092740e+03,1.036528943314829576e+03,1.424220768182303143e+00
1.015940062720639162e+03,1.036791939728768966e+03,1.424908758566441280e+00
1.015983389754198811e+03,1.037144059801082449e+03,1.423522487521721391e+00
1.016025748055407234e+03,1.037466227257568789e+03,1.426706759594842389e+00
1.016063800113379898e+03,1.037786277937308341e+03,1.428129846486176469e+00
1.016115199497999924e+03,1.038159427467305250e+03,1.429116338087875970e+00
1.016172491356553905e+03,1.038538878266698930e+03,1.428972797379389092e+00
1.016205729408991601e+03,1.038814652847290290e+03,1.428898792274010177e+00
1.016266748022424736e+03,1.039200445686334206e+03,1.429485610335896828e+00
1.016321436440000753e+03,1.039492625309813775e+03,1.431016320960458943e+00
1.016368271819306528e+03,1.039864737222066879e+03,1.431343693754395963e+00
1.016412783319452387e+03,1.040213806269959832e+03,1.429972271101251691e+00
1.016486660541253741e+03,1.040581512097234963e+03,1.430948036963815451e+00
1.016511004195956616e+03,1.040938076106986500e+03,1.431809184626550602e+00
1.016529249136235194e+03,1.041249071869412546e+03,1.433206647219541274e+00
1.016610807877994830e+03,1.041639713708525733e+03,1.431384850754087168e+00
1.016657964185211426e+03,1.042027009097012296e+03,1.433615545542262559e+00
1.016690238724191204e+03,1.042314810102149522e+03,1.435853664561407728e+00
1.016706319659716883e+03,1.042712612183793453e+03,1.438825480658367573e+00
1.016730421242937609e+03,1.043101659355814718e+03,1.439508590002660515e+00
1.016793003573591704e+03,1.043464356089452622e+03,1.441579074179797137e+00
1.016843576968959269e+03,1.043825469685406688e+03,1.441514104000262364e+00
1.016881231862837808e+03,1.044209806096146622e+03,1.442409939056569890e+00
1.016898640669624683e+03,1.044566963281145036e+03,1.443839328424178836e+00
1.016987223938987199e+03,1.044934462251942023e+03,1.444250083524314388e+00
1.017007787319023350e+03,1.045288380077949569e+03,1.445112365636404883e+00
1.017013903944766867e+03,1.045644576955845878e+03,1.445517648447702586e+00
1.017058827706667444e+03,1.046020135981484373e+03,1.446810247452338105e+00
1.017114773563370591e+03,1.046316701701257216e+03,1.448040203294743700e+00
1.017166051576053633e+03,1.046714339733035558e+03,1.447680934396162522e+00
1.017195189226314824e+03,1.047043071250562662e+03,1.450878701873677068e+00
1.017249548068874219e+03,1.047427334659822236e+03,1.449446425464655519e+00
1.017264760717061563e+03,1.047774288284788099e+03,1.451450125647260281e+00
1.017303452332337770e+03,1.048189198331032912e+03,1.452249650399544345e+00
1.017347759980989622e+03,1.048540075855197529e+03,1.453122168341162368e+00
1.017374089972865477e+03,1.048895022792022701e+03,1.454739725635748826e+00
1.017396913632242558e+03,1.049200697608031533e+03,1.458105073896362125e+00
1.017444071055631525e+03,1.049599380677398131e+03,1.458731391647539510e+00
1.017483270838517228e+03,1.050003182884286161e+03,1.460240711136206126e+00
1.017518366432334119e+03,1.050263364772306886e+03,1.463076954691270082e+00
1.017548502199268000e+03,1.050622823525261992e+03,1.465101724699985786e+00
1.017598871599496306e+03,1.051012958094507667e+03,1.467763492893299659e+00
1.017628195468634431e+03,1.051374614727882999e+03,1.469430680786016907e+00
1.017645631715272543e+03,1.051745955226505885e+03,1.471521368996789203e+00
1.017688896782431584e+03,1.052106737370924975e+03,1.472179419173774706e+00
1.017708186928502869e+03,1.052437780691362150e+03,1.474387307419307236e+00
1.017742524693952646e+03,1.052769734834754672e+03,1.475238268623867421e+00
1.017780122563021109e+03,1.053108358158234751e+03,1.477089968394394992e+00
1.017798488842184383e+03,1.053442715415429120e+03,1.477121062758464776e+00
1.017830785697808665e+03,1.053759433643426291e+03,1.478791204164054296e+00
1.017864823510313499e+03,1.054117483211425906e+03,1.479901309380291297e+00
1.017871651184756047e+03,1.054473315749981339e+03,1.480542045432181819e+00
1.017930214645269643e+03,1.054805309793813421e+03,1.481395472317440287e+00
1.017938470364599198e+03,1.055129618259466724e+03,1.483089270243980184e+00
1.017974114660446503e+03,1.055440181842678840e+03,1.483446136771047197e+00
1.017989502158579171e+03,1.055794076488594555e+03,1.482688117986288301e+00
1.018032696638603625e+03,1.056114652857090050e+03,1.483678667874694934e+00
1.018046567674665766e+03,1.056523495078998167e+03,1.483980209066976697e+00
1.018071293496911153e+03,1.056856698455286960e+03,1.485009303298143957e+00
1.018089618960998109e+03,1.057166813824164365e+03,1.485362064347999667e+00
1.018108172548729499e+03,1.057542589996038942e+03,1.484744899692072018e+00
1.018168080539587436e+03,1.057907060829938928e+03,1.484223485643650253e+00
1.018166509917286135e+03,1.058208607702374593e+03,1.484869560241401931e+00
1.018187221739015513e+03,1.058581787057306883e+03,1.485365639641319513e+00
1.018232099144688277e+03,1.058946972076911834e+03,1.484501471278149687e+00
1.018273150666063088e+03,1.059278150389853636e+03,1.484063095381852548e+00
1.018269792175703742e+03,1.059627916032304938e+03,1.486874379936164559e+00
1.018307498349183675e+03,1.060034627597245844e+03,1.486097500619591116e+00
1.018334507539274341e+03,1.060354386000982231e+03,1.486436041743350200e+00
1.018360256964484051e+03,1.060708573495215660e+03,1.485861050820419749e+00
1.018381177799302463e+03,1.061078534604582728e+03,1.488051274112844435e+00
1.018429677340073681e+03,1.061413823910123938e+03,1.487296313828406547e+00
1.018444776536559743e+03,1.061764503167632256e+03,1.486749668145248560e+00
1.018470597297255040e+03,1.062121635642989986e+03,1.485684404149836713e+00
1.018505002654392001e+03,1.062472539017064946e+03,1.484623731510371636e+00
1.018523346420044618e+03,1.062808673384277199e+03,1.482049875172276598e+00
1.018537654060838804e+03,1.063165242541736006e+03,1.481195471565109001e+00
1.018593636977959363e+03,1.063549083259700183e+03,1.478980870195322650e+00
1.018653373614892303e+03,1.063900452397909021e+03,1.474790501985715263e+00
1.018677822682572355e+03,1.064280233993670208e+03,1.472588300550575324e+00
1.018722809258513394e+03,1.064623470494509547e+03,1.469494107997866283e+00
1.018769108354127980e+03,1.064945205166741061e+03,1.465736229604037266e+00
1.018820627775896924e+03,1.065336602066226533e+03,1.461817682883509661e+00
1.018855999807311719e+03,1.065576930879467000e+03,1.459425044599710564e+00
1.018902532805594319e+03,1.065949600397973427e+03,1.455942415650302246e+00
1.018943823936019385e+03,1.066331893490474613e+03,1.451073615676185202e+00
1.018987428216197372e+03,1.066588394148606085e+03,1.448276733360383872e+00
1.019035866626327902e+03,1.067007004502561358e+03,1.442839077495306599e+00
1.019084903592424098e+03,1.067310114927443692e+03,1.438776822537550126e+00
1.019141682382090949e+03,1.067670150065754569e+03,1.434456359482191301e+00
1.019178293756873813e+03,1.068003323952067149e+03,1.430233146366100216e+00
1.019244840849972775e+03,1.068343203879551993e+03,1.423712479612146309e+00
1.019295461448641049e+03,1.068674579424468220e+03,1.417199442820344490e+00
1.019351538363873829e+03,1.069023040202821676e+03,1.411606018496416315e+00
1.019413974862915666e+03,1.069329433634759880e+03,1.405663841018778060e+00
1.019499926707784198e+03,1.069663226545725593e+03,1.398940848847121998e+00
1.019557569849180027e+03,1.069965993018205154e+03,1.391438519426701825e+00
1.019626124578193867e+03,1.070314748394082244e+03,1.384840045514588391e+00
1.019732510931115371e+03,1.070626994530659658e+03,1.375116260554484215e+00
1.019806130153533104e+03,1.070968430563153333e+03,1.366292789069204705e+00
1.019915450100446151e+03,1.071247052396476420e+03,1.356667965468635328e+00
1.019979553159117700e+03,1.071547396174461255e+03,1.347468234519990204e+00
1.020073565921534964e+03,1.071857803226180295e+03,1.336858062305866568e+00
1.020161102909962210e+03,1.072142632597955526e+03,1.323944930923202978e+00
1.020250867103465907e+03,1.072432750926641120e+03,1.313873619270597981e+00
1.020352621343603573e+03,1.072703636207687623e+03,1.301503040840650494e+00
1.020421409939551609e+03,1.073033261336684291e+03,1.289013326212025579e+00
1.020560899816868300e+03,1.073303752010240032e+03,1.275601175922410624e+00
1.020652823113926843e+03,1.073559681851545292e+03,1.261861267019277477e+00
1.020766622383041522e+03,1.073836576160845880e+03,1.247456965063731937e+00
1.020898324733602749e+03,1.074110806796719316e+03,1.232416383791635095e+00
1.021010929122521929e+03,1.074365537990418261e+03,1.215782237911117836e+00
1.021127194123596155e+03,1.074649663100111411e+03,1.203105532695894819e+00
1.021224411323009690e+03,1.074906289167889781e+03,1.186111029828386343e+00
1.021375874371239206e+03,1.075178817821979464e+03,1.171926413586990234e+00
1.021460951027089891e+03,1.075441224808084144e+03,1.155130736033471939e+00
1.021620606458269549e+03,1.075740103235512606e+03,1.138136668385854700e+00
1.021770624749352464e+03,1.075983609456793602e+03,1.122501337030922253e+00
1.021909924812327631e+03,1.076231832468784660e+03,1.105929766282602866e+00
1.022069788459975257e+03,1.076505763487003833e+03,1.091374531636764678e+00
1.022219489398991527e+03,1.076768623230043886e+03,1.072146434877990107e+00
1.022393221907208726e+03,1.077006500502186327e+03,1.056640391028585535e+00
1.022537167946127852e+03,1.077244103101771316e+03,1.039286502924697153e+00
1.022737300502816311e+03,1.077487801839879239e+03,1.021589412262561947e+00
1.022907861556202420e+03,1.077718852488021639e+03,1.005609489506295917e+00
1.023072996844051659e+03,1.077952349997981855e+03,9.848056663602855476e-01
1.023270481255603727e+03,1.078187894832005441e+03,9.659937217915595120e-01
1.023476661279796076e+03,1.078409881525601349e+03,9.454141585096249578e-01
1.023648214098423296e+03,1.078656400440546122e+03,9.249159996736863176e-01
1.023832469782214957e+03,1.078892789335333418e+03,9.045363209805556970e-01
1.024051709601660832e+03,1.079101464966564208e+03,8.841210016359730695e-01
1.024274054337807002e+03,1.079349411700860628e+03,8.619944158662888878e-01
1.024496581946392780e+03,1.079541204190793223e+03,8.395526272808693236e-01
1.024707748211636726e+03,1.079753289962842018e+03,8.174178442954669332e-01
1.024916949969615644e+03,1.079938440894850828e+03,7.946613776745622415e-01
1.025191495919913905e+03,1.080147846570812135e+03,7.736268455662128618e-01
1.025431946977954340e+03,1.080331936613104517e+03,7.498949365255881405e-01
1.025664000620354045e+03,1.080522119330737041e+03,7.264615911581844276e-01
1.025898385068970356e+03,1.080691267646660208e+03,7.024268702254783392e-01
1.026168910056121149e+03,1.080880287149071137e+03,6.781432408756828956e-01
1.026430244372078960e+03,1.081011824396594648e+03,6.534838658256164612e-01
1.026647641543564987e+03,1.081184568614777618e+03,6.272732807805539990e-01
1.026893799316081186e+03,1.081315572162756553e+03,6.009857974978102257e-01
1.027187326499208211e+03,1.081455607605332261e+03,5.770808968445154674e-01
1.027453653403544195e+03,1.081572468454650789e+03,5.518178234600238374e-01
1.027697107020067961e+03,1.081697023755837790e+03,5.259599333626336914e-01
1.027983867196458959e+03,1.081834146133354579e+03,5.032788260637250932e-01
1.028293645898092109e+03,1.081984381573447308e+03,4.776189727760577486e-01
1.028545692574868781e+03,1.082022153013849447e+03,4.495581214231260669e-01
1.028828134712138080e+03,1.082138909202547893e+03,4.241522595571502463e-01
1.029086851298857709e+03,1.082211944224324270e+03,3.967128504498226294e-01
1.029431857627453610e+03,1.082300985930015031e+03,3.686137095112381190e-01
1.029709841926704939e+03,1.082371450367315447e+03,3.386726152405956092e-01
1.029987791287299160e+03,1.082435393236337177e+03,3.093793132869253060e-01
1.030277494528152374e+03,1.082471100163529854e+03,2.796681669149835292e-01
1.030589058117888044e+03,1.082525061125879347e+03,2.483244442762335413e-01
1.030877966990821278e+03,1.082528797209348568e+03,2.197671218637582136e-01
1.031208061123380730e+03,1.082569407363232358e+03,1.904939794435110134e-01
1.031463923028045883e+03,1.082589780451502520e+03,1.599573061517604033e-01
1.031745690393704763e+03,1.082600414022102768e+03,1.298189781209186100e-01
1.032075834611500113e+03,1.082638174740199474e+03,9.362638774154657950e-02
1.032324692357307640e+03,1.082600878366299639e+03,6.274407996998013215e-02
1.032603922272087630e+03,1.082592255679121081e+03,3.297355818127137989e-02
1.032948649730436500e+03,1.082582821387260537e+03,2.294431238131838021e-03
1.033257211355099344e+03,1.082542791161476543e+03,-2.659981648729558418e-02
1.033574995588907086e+03,1.082470659686663794e+03,-5.713853244924123331e-02
1.033856249188869924e+03,1.082429160369006240e+03,-8.473607294619307784e-02
1.034176616335361814e+03,1.082379977574283203e+03,-1.133525229473590634e-01
1.034455662128884796e+03,1.082318360993208898e+03,-1.422133782884729414e-01
1.034742668296661350e+03,1.082212468478902338e+03,-1.668072326355590496e-01
1.035050759163975954e+03,1.082136932760319951e+03,-1.945513538814212517e-01
1.035376225852953894e+03,1.082037152695696932e+03,-2.216650207964443176e-01
1.035692955836909050e+03,1.081945138975261216e+03,-2.467362396508454014e-01
1.035955217158018968e+03,1.081851169877187886e+03,-2.701768324239646191e-01
1.036281630464083037e+03,1.081721363391177192e+03,-2.910813826151502082e-01
1.036611492018891795e+03,1.081596846411954402e+03,-3.131942220633748830e-01
1.036873889592965725e+03,1.081451851553206325e+03,-3.315617845764771143e-01
1.037174566023824582e+03,1.081380596529847026e+03,-3.490431497296134777e-01
1.037458916412821736e+03,1.081291363116690263e+03,-3.611222079195384738e-01
1.037748424153065571e+03,1.081162143082373404e+03,-3.744781527684613587e-01
1.038073155482536322e+03,1.081012542497040613e+03,-3.840642069622233756e-01
1.038380894821227230e+03,1.080904728140897532e+03,-3.934758372697055306e-01
1.038700950650696541e+03,1.080764484410213072e+03,-4.003060876573079629e-01
1.038993971809836466e+03,1.080608582499572321e+03,-4.024903092798102211e-01
1.039285817138666971e+03,1.080514983984567152e+03,-4.081869640303678604e-01
1.039586804204685450e+03,1.080358129838331251e+03,-4.100505605453019231e-01
1.039888424406372451e+03,1.080260807879382583e+03,-4.133281713245164912e-01
1.040220573878758614e+03,1.080089145587979601e+03,-4.127637153498242006e-01
1.040510891185887431e+03,1.079978105485337665e+03,-4.158446376560930857e-01
1.040817471988397756e+03,1.079870252251061629e+03,-4.142343882437692359e-01
1.041111790955922970e+03,1.079739590118306069e+03,-4.150487562505986161e-01
1.041453819740271911e+03,1.079592329221838099e+03,-4.151792517955000816e-01
1.041762582657398752e+03,1.079446748580719486e+03,-4.136698099729105849e-01
1.042107696517240811e+03,1.079296236309800861e+03,-4.137126663190046072e-01
1.042394781305874858e+03,1.079183562180072613e+03,-4.139236096546368704e-01
1.042749519458263421e+03,1.079034540173652658e+03,-4.110019452234092707e-01
1.043069447680084750e+03,1.078902417013834793e+03,-4.106847041815812616e-01
1.043419471358034116e+03,1.078773475511426341e+03,-4.080581622086599802e-01
1.043762152839536384e+03,1.078653455316889222e+03,-4.078896318597199921e-01
1.044072340773497217e+03,1.078507377342232985e+03,-4.015404997615197868e-01
1.044439667515337078e+03,1.078401051020685145e+03,-3.957773026079608458e-01
1.044715724731604496e+03,1.078291179585241707e+03,-3.884081777573572536e-01
1.045066954054364260e+03,1.078149918041403907e+03,-3.797650422530354231e-01
1.045445065563644903e+03,1.078020610690446347e+03,-3.687768606912555924e-01
1.045812196154608728e+03,1.077909719818247822e+03,-3.584076375964596051e-01
1.046179746309803704e+03,1.077777255447431116e+03,-3.465678898722747703e-01
1.046556786083135876e+03,1.077689598510043879e+03,-3.344978259663921594e-01
1.046893759253265898e+03,1.077557228938598655e+03,-3.202302927793893583e-01
1.047249508697253987e+03,1.077455151334560924e+03,-3.081632201528212711e-01
1.047626691338960654e+03,1.077375167767093444e+03,-2.969787224915098056e-01
1.048001428594775234e+03,1.077287963397510339e+03,-2.829480834886581309e-01
1.048364343514183474e+03,1.077201419816230327e+03,-2.704741843799965406e-01
1.048731802292100156e+03,1.077121253214147373e+03,-2.578907102597249867e-01
1.049091252181260188e+03,1.077032232216308785e+03,-2.447731495593132856e-01
1.049433689063297152e+03,1.076978043057636569e+03,-2.349321669257809220e-01
1.049803753418743554e+03,1.076912067601924264e+03,-2.258900383419357172e-01
1.050179103465111666e+03,1.076870497442176884e+03,-2.149885427139003324e-01
1.050537224446910614e+03,1.076784937789968353e+03,-2.074252741503840869e-01
1.050856626421105148e+03,1.076741098471738269e+03,-1.988650262245419409e-01
1.051213465204260729e+03,1.076690312095330455e+03,-1.918040688207001132e-01
1.051574546386606244e+03,1.076634341448830128e+03,-1.867764528012246239e-01
1.052008595956952604e+03,1.076548544918581456e+03,-1.826716952934931415e-01
1.052347157033506846e+03,1.076495580044429289e+03,-1.767756783916724639e-01
1.052717850386367900e+03,1.076465112508962875e+03,-1.756502881759146317e-01
1.053106546861744846e+03,1.076402769881313816e+03,-1.739660472486597997e-01
1.053439515288500161e+03,1.076337949138438944e+03,-1.697766330439488824e-01
1.053818490309698973e+03,1.076284945122162753e+03,-1.674824743321367271e-01
1.054175692097559022e+03,1.076220722942984594e+03,-1.650236212467637298e-01
1.054544265767517118e+03,1.076166044155082773e+03,-1.616880151536352617e-01
1.054891866785836328e+03,1.076121122527202260e+03,-1.594122511292819511e-01
1.055260563085442527e+03,1.076064407003378392e+03,-1.559160820593387120e-01
1.055589571222829591e+03,1.076023595937808977e+03,-1.538706642180456274e-01
1.055971079678195792e+03,1.075968566694787114e+03,-1.509434955483749952e-01
1.056339763085154573e+03,1.075920520352575977e+03,-1.474191637881494543e-01
1.056716393631811115e+03,1.075870363409345373e+03,-1.472443011522378553e-01
1.057107327051820448e+03,1.075817540806342095e+03,-1.442992506651735174e-01
1.057452163088588122e+03,1.075753057093732195e+03,-1.420254306975533565e-01
1.057808815824565954e+03,1.075722979651279729e+03,-1.397318767908308501e-01
1.058172010266133611e+03,1.075668256712660195e+03,-1.368568658522171799e-01
1.058513556260272253e+03,1.075639334978373199e+03,-1.332325676427338346e-01
1.058899817863549060e+03,1.075585408826532785e+03,-1.312896087867323758e-01
1.059246137754031224e+03,1.075554241788425543e+03,-1.259023477203512487e-01
1.059632123811718202e+03,1.075512504102073308e+03,-1.238260143091215182e-01
1.059990720019799710e+03,1.075457754550694744e+03,-1.209622347693220662e-01
1.060311873114087803e+03,1.075431305441986751e+03,-1.168191214785953558e-01
1.060681230530488619e+03,1.075386452605737077e+03,-1.119052961465911017e-01
1.061071202061590384e+03,1.075331875116293986e+03,-1.097258720654993303e-01
1.061423207649536380e+03,1.075317816118257269e+03,-1.059462798619513479e-01
1.061771912523594210e+03,1.075288248138117524e+03,-1.028445530218446008e-01
1.062153920392767304e+03,1.075242358945320348e+03,-1.011773472321973316e-01
1.062543270878623389e+03,1.075214598115722310e+03,-9.842426326693456962e-02
1.062934695520669493e+03,1.075179535391222089e+03,-9.458423739004291619e-02
1.063340934759837410e+03,1.075123217810851202e+03,-9.051929475116607393e-02
1.063661107988084950e+03,1.075102825003320277e+03,-8.804293208407533433e-02
1.064047524464967637e+03,1.075083992966934829e+03,-8.492055205754002467e-02
1.064406217109477893e+03,1.075035155866281457e+03,-8.442274083396124340e-02
1.064777716016595832e+03,1.075017725224537571e+03,-8.064096687731073243e-02
1.065117832372887733e+03,1.075000986097461691e+03,-7.744696815052613814e-02
1.065475406175692342e+03,1.074976746165701798e+03,-7.436448053500563371e-02
1.065844563426315744e+03,1.074963771578458363e+03,-7.214364838377529399e-02
1.066225761189827153e+03,1.074935631319510094e+03,-7.131685234691592656e-02
1.066578230856605614e+03,1.074910945079048588e+03,-7.102382403198205518e-02
1.066923433804125125e+03,1.074871492665121195e+03,-6.895586617834942311e-02
1.067303708494028569e+03,1.074867533062543998e+03,-6.816967770505211188e-02
1.067673756025840703e+03,1.074856722404631000e+03,-6.761949109563436533e-02
1.068063810626886379e+03,1.074822497180533901e+03,-6.590650513629138507e-02
1.068428513280451398e+03,1.074799814149956546e+03,-6.504949830791587062e-02
1.068778284521035630e+03,1.074783284251116129e+03,-6.521959090839808681e-02
1.069137763726356980e+03,1.074744203568719058e+03,-6.472765237047087283e-02
1.069470873197870105e+03,1.074727281801685194e+03,-6.456241798401431142e-02
1.069853874269767402e+03,1.074724759119658756e+03,-6.387677783483379501e-02
1.070195412002455669e+03,1.074705709080204997e+03,-6.495031153481739539e-02
1.070570699316342143e+03,1.074681832356281348e+03,-6.488426902881387626e-02
1.070894208745666901e+03,1.074638870623839694e+03,-6.458306450037924751e-02
1.071241269870989527e+03,1.074621422887628341e+03,-6.644881899731931718e-02
1.071605732883119572e+03,1.074596579525640436e+03,-6.692507951127481258e-02
1.071934418377481506e+03,1.074588300701951766e+03,-6.724178225481364235e-02
1.072266734968560286e+03,1.074563208934807335e+03,-7.027767362115103222e-02
1.072566222377892473e+03,1.074538605059925658e+03,-7.212106572092034928e-02
1.072906128258444596e+03,1.074523871256750226e+03,-7.234848732028770213e-02
1.073255287366415359e+03,1.074518517799917618e+03,-7.475493247720005341e-02
1.073580461931818036e+03,1.074494947678033895e+03,-7.496812282013320949e-02
1.073898617152935230e+03,1.074462850760414767e+03,-7.834570819098861383e-02
1.074220544357924837e+03,1.074454655748313371e+03,-8.027832243789530253e-02
1.074519947436376469e+03,1.074423230607850201e+03,-8.359054305117930017e-02
1.074889321990999179e+03,1.074372957173186933e+03,-8.679088609028795531e-02
1.075192315961747909e+03,1.074335366004093203e+03,-9.043455272038146420e-02
1.075520730299271463e+03,1.074309936750908037e+03,-9.446720027423441413e-02
1.075830481185329063e+03,1.074307061757160227e+03,-1.022093771649590088e-01
1.076162571544924504e+03,1.074270240937380095e+03,-1.093581661731583970e-01
1.076501038055029767e+03,1.074230681448528458e+03,-1.168345409071157998e-01
1.076808174811747222e+03,1.074197625608458111e+03,-1.267725735352216443e-01
1.077128613448668148e+03,1.074129841251902235e+03,-1.355094472939662176e-01
1.077438879118189107e+03,1.074063502694126555e+03,-1.474171657854725093e-01
1.077738559926427797e+03,1.074026585255356622e+03,-1.597107740191905656e-01
1.078057512358501072e+03,1.073940938060822646e+03,-1.753176570296737236e-01
1.078360402831949614e+03,1.073864091666999911e+03,-1.899797932353445018e-01
1.078648503357277605e+03,1.073801572290874901e+03,-2.045112510025350328e-01
1.078955053503356794e+03,1.073729695138948728e+03,-2.187210262705115427e-01
1.079263248298746475e+03,1.073655447588468405e+03,-2.334248453149051217e-01
1.079552037221303181e+03,1.073567492190583607e+03,-2.501273451257018388e-01
1.079839507533895585e+03,1.073477379665945818e+03,-2.681727866203559296e-01
1.080119560328951820e+03,1.073369962326447876e+03,-2.874277329738511022e-01
1.080406744950017810e+03,1.073258186215601881e+03,-3.092998220107024965e-01
1.080687405378025005e+03,1.073138180213798705e+03,-3.328916129690620562e-01
1.080978923899726169e+03,1.073031737224477183e+03,-3.575282700248580414e-01
1.081275526880395091e+03,1.072879503888629642e+03,-3.814416969102186195e-01
1.081579031832961164e+03,1.072733576744038601e+03,-4.054394753016806185e-01
1.081848276682969299e+03,1.072595736966193499e+03,-4.315719287696366258e-01
1.082096108395780220e+03,1.072431219215589408e+03,-4.558896743952498554e-01
1.082336785660325404e+03,1.072256020568674103e+03,-4.819943217616005082e-01
1.082603710547583887e+03,1.072090323982044310e+03,-5.092461314350864576e-01
1.082821027333597158e+03,1.071905619581946894e+03,-5.362578270491292765e-01
1.083071081285331047e+03,1.071731104073083543e+03,-5.649400913577862227e-01
1.083312432507797212e+03,1.071529072476886995e+03,-5.915313322057781376e-01
1.083557302561528786e+03,1.071354643608804054e+03,-6.193967074534574291e-01
1.083793440978518220e+03,1.071157511702001557e+03,-6.469535890751743068e-01
1.083975789390465252e+03,1.070942749275357983e+03,-6.740419455408581673e-01
1.084203190498536060e+03,1.070701150386910058e+03,-6.996111786469932925e-01
1.084403528836876148e+03,1.070474143936648488e+03,-7.281592211631345846e-01
1.084591482874135181e+03,1.070256978926706779e+03,-7.540023258924726246e-01
1.084801085893639083e+03,1.070031412671378575e+03,-7.819444738129416317e-01
1.085005377202613772e+03,1.069822045727622026e+03,-8.092023754234795030e-01
1.085173537945037879e+03,1.069584958658123469e+03,-8.350024768920367713e-01
1.085338615516840946e+03,1.069349109210266306e+03,-8.611247688201285611e-01
1.085512848637135676e+03,1.069082009525712465e+03,-8.887449131954059389e-01
1.085659947521852473e+03,1.068813338451719801e+03,-9.128587136281756109e-01
1.085828010058207155e+03,1.068573465597364930e+03,-9.383082949217655955e-01
1.085983579963992725e+03,1.068322557858459959e+03,-9.626534876089122283e-01
1.086134828237562488e+03,1.068054082163185285e+03,-9.848532978786593839e-01
1.086288507296477746e+03,1.067807307823759174e+03,-1.005129296276289663e+00
1.086421587649299681e+03,1.067540093832144521e+03,-1.026519829148839547e+00
1.086532980868643563e+03,1.067291533282116006e+03,-1.045893075519362503e+00
1.086696338053972795e+03,1.067020608889275309e+03,-1.064641681770671644e+00
1.086800070438077000e+03,1.066753674445702700e+03,-1.080030141719801051e+00
1.086925882874498029e+03,1.066486242331289986e+03,-1.096161713267914894e+00
1.087033655886019460e+03,1.066234213129645468e+03,-1.111048279328428867e+00
1.087188877266277359e+03,1.065951632079865476e+03,-1.123592192116901423e+00
1.087276746298408625e+03,1.065663748261360524e+03,-1.133036736984242232e+00
1.087396183795857723e+03,1.065397887652691679e+03,-1.142029921008543170e+00
1.087533584308048830e+03,1.065127022156078738e+03,-1.150419716687487659e+00
1.087637316848369210e+03,1.064855229171192377e+03,-1.156048741443440386e+00
1.087725730782654409e+03,1.064589759020105703e+03,-1.161698204434056469e+00
1.087855033361833875e+03,1.064307675260905626e+03,-1.164185923325219862e+00
1.087971299056588350e+03,1.064014864665162122e+03,-1.165803218256038942e+00
1.088106750266283143e+03,1.063747045863706489e+03,-1.167304121125103178e+00
1.088253656406815480e+03,1.063473906114319334e+03,-1.168720474508648577e+00
1.088351585550546588e+03,1.063199107952622171e+03,-1.170147717259949705e+00
1.088463454102221249e+03,1.062911590694495544e+03,-1.170011030147084963e+00
1.088584730128193769e+03,1.062619901189799975e+03,-1.170420849050217260e+00
1.088698421027707127e+03,1.062340241783840611e+03,-1.171554842383157435e+00
1.088832375984917235e+03,1.062051305822015820e+03,-1.171320214759208778e+00
1.088955510426313367e+03,1.061756539222823676e+03,-1.172454678747775425e+00
1.089059243966234590e+03,1.061485549850212692e+03,-1.173950146087924029e+00
1.089190193687616102e+03,1.061180781799651413e+03,-1.174784842553846298e+00
1.089314233821960215e+03,1.060899199285868235e+03,-1.175490919520228994e+00
1.089458024273040792e+03,1.060623485952875171e+03,-1.176742097552669231e+00
1.089572858517506575e+03,1.060330903541242378e+03,-1.176327902913758994e+00
1.089687608075604203e+03,1.060042917032007836e+03,-1.176849116218547708e+00
1.089803992548467022e+03,1.059776332759515526e+03,-1.176867601553859499e+00
1.089934329085110221e+03,1.059466003690680736e+03,-1.176642148165492952e+00
1.090029027102200416e+03,1.059189891378268385e+03,-1.175343065948520671e+00
1.090170756995688180e+03,1.058901107760354307e+03,-1.175772847778476349e+00
1.090296415967263783e+03,1.058611061021448904e+03,-1.176238872430944937e+00
1.090415283391327876e+03,1.058316982098379867e+03,-1.174516642840211178e+00
1.090554359322847631e+03,1.058029810015058047e+03,-1.174959221718574920e+00
1.090700621092750225e+03,1.057698328435515350e+03,-1.171169508188247832e+00
1.090824538739284890e+03,1.057420726871435818e+03,-1.169566894940858859e+00
1.090984259402637008e+03,1.057117288402883332e+03,-1.166764315970198806e+00
1.091080421271269188e+03,1.056838897216966416e+03,-1.161901228732464819e+00
1.091243361272167249e+03,1.056540491993169553e+03,-1.156169646609260360e+00
1.091371652505557449e+03,1.056247313731233362e+03,-1.149906094999782580e+00
1.091506282481144808e+03,1.055950237567090653e+03,-1.141100048032141601e+00
1.091672021521444776e+03,1.055673500521118285e+03,-1.129498933979761865e+00
1.091807776754622182e+03,1.055393602755575557e+03,-1.117750247152008658e+00
1.091975373059169442e+03,1.055075632337869138e+03,-1.103872685886552629e+00
1.092131396893778629e+03,1.054813421022632610e+03,-1.089358697442673218e+00
1.092301346077217204e+03,1.054541211410391043e+03,-1.074746880503156587e+00
1.092488192813864998e+03,1.054280580943840278e+03,-1.059140507388463881e+00
1.092654022966180946e+03,1.054006570393380798e+03,-1.041607134539303425e+00
1.092821685049457756e+03,1.053701942768886965e+03,-1.023990723114932777e+00
1.093030713409876853e+03,1.053455243518721772e+03,-1.004458561885486212e+00
1.093224933312999383e+03,1.053178938927347872e+03,-9.856208213837519549e-01
1.093438952271573953e+03,1.052912180108578241e+03,-9.661421208743911082e-01
1.093657381724431389e+03,1.052640482658421206e+03,-9.456521668842197137e-01
1.093896646431973522e+03,1.052399891244818036e+03,-9.253372636416007380e-01
1.094108350421616933e+03,1.052137136847470401e+03,-9.043229166666886254e-01
1.094351655021951501e+03,1.051882734210483250e+03,-8.826828224384772881e-01
1.094576113829458336e+03,1.051665924126600885e+03,-8.621706669461695061e-01
1.094839127438146306e+03,1.051419557501390955e+03,-8.395567950900258980e-01
1.095096057596376340e+03,1.051185160848249325e+03,-8.176717508017341540e-01
1.095346867395745448e+03,1.050938539266332555e+03,-7.953250919975856092e-01
1.095589195691694840e+03,1.050743477263493105e+03,-7.749268940077662648e-01
1.095865591334917099e+03,1.050499299942965081e+03,-7.526239414774421599e-01
1.096147261569065222e+03,1.050302260917709873e+03,-7.310653979100457667e-01
1.096421073181556494e+03,1.050084447671876887e+03,-7.062716312943309038e-01
1.096740987091452780e+03,1.049873863736685507e+03,-6.840815952051364501e-01
1.097043986614103005e+03,1.049674968448647633e+03,-6.612185653885395142e-01
1.097315472993130015e+03,1.049494841996134710e+03,-6.406140404891919049e-01
1.097608677851079165e+03,1.049311139335305825e+03,-6.174401232858914845e-01
1.097973380018052239e+03,1.049114410048694253e+03,-5.940039273599571068e-01
1.098259568581506528e+03,1.048942220570063228e+03,-5.735694332526973804e-01
1.098569842660413769e+03,1.048790137270648529e+03,-5.522445761507714934e-01
1.098915872623511632e+03,1.048614138742005252e+03,-5.313359439997031863e-01
1.099222957909000343e+03,1.048449655444863993e+03,-5.114832464423626490e-01
1.099574293238289556e+03,1.048305447863244126e+03,-4.916813364671354103e-01
1.099865003626168800e+03,1.048158309460067358e+03,-4.737965367028629804e-01
1.100211885268345441e+03,1.048021964813171053e+03,-4.561822956023202646e-01
1.100552171038943015e+03,1.047892629455909628e+03,-4.384290318665782227e-01
1.100880367807052608e+03,1.047764076643701401e+03,-4.240475553137086906e-01
1.101231914839492447e+03,1.047631191654978693e+03,-4.067082245230681514e-01
1.101576439951520342e+03,1.047502551605856297e+03,-3.917993375044726001e-01
1.101964735801396500e+03,1.047378894364775533e+03,-3.772637291636289913e-01
1.102287285727155677e+03,1.047279831864356311e+03,-3.656517275735705619e-01
1.102605505974265270e+03,1.047158343099879630e+03,-3.531108820417047101e-01
1.102955895487982616e+03,1.047050077753072173e+03,-3.438381495778730090e-01
1.103312896585112867e+03,1.046954882287284590e+03,-3.346171647041949471e-01
1.103683295185213410e+03,1.046826810650864900e+03,-3.261233294162646512e-01
1.104032672531323442e+03,1.046730098381469816e+03,-3.192139848981010442e-01
1.104381482333261374e+03,1.046630128582239422e+03,-3.132620881403746504e-01
1.104739708427786809e+03,1.046548188316801316e+03,-3.102734135697495232e-01
1.105088349300923028e+03,1.046416203634959174e+03,-3.051924689788124700e-01
1.105424057213354445e+03,1.046316171887294558e+03,-3.023092564277645167e-01
1.105775397171424629e+03,1.046232683383250560e+03,-2.997578376145065282e-01
1.106124185116234003e+03,1.046096269869623939e+03,-2.956210360569467843e-01
1.106488900133578909e+03,1.045990443733394159e+03,-2.944159772548153309e-01
1.106824885000911308e+03,1.045909162955688544e+03,-2.940939302167941416e-01
1.107155415654990975e+03,1.045800738434454388e+03,-2.921582643663531709e-01
1.107503902259059032e+03,1.045694796206162209e+03,-2.898353773758707286e-01
1.107865511987355148e+03,1.045596210573173494e+03,-2.882009946228462627e-01
1.108177030398625675e+03,1.045490731621302530e+03,-2.865614321368416539e-01
1.108538684081617930e+03,1.045407217394539884e+03,-2.850893638423496190e-01
1.108868477313980293e+03,1.045287969079953655e+03,-2.833498294211536095e-01
1.109207255194074605e+03,1.045215588073977415e+03,-2.827671935462232056e-01
1.109515621669047732e+03,1.045131768465042569e+03,-2.816056641078896194e-01
1.109865218845530535e+03,1.045041401197040614e+03,-2.800063967478804705e-01
1.110224341378462668e+03,1.044928463817238935e+03,-2.787772517383226289e-01
1.110528863090349887e+03,1.044851702668922599e+03,-2.785152385295217581e-01
1.110895784061777476e+03,1.044746039515762504e+03,-2.772104187570074707e-01
1.111230437599384004e+03,1.044646295372077248e+03,-2.758098133175922451e-01
1.111548586397155987e+03,1.044553089430119144e+03,-2.745032828397201974e-01
1.111884309242815561e+03,1.044459754376360252e+03,-2.748594773914857514e-01
1.112228210458031981e+03,1.044383243969997466e+03,-2.720188350877401628e-01
1.112551800228236516e+03,1.044306354903917281e+03,-2.699077377058748950e-01
1.112855230897764159e+03,1.044220426707573324e+03,-2.699827710596267027e-01
1.113201043403109679e+03,1.044115871893121948e+03,-2.677606883687185801e-01
1.113547882815404364e+03,1.044018481385436417e+03,-2.656567875339003737e-01
1.113821730290477944e+03,1.043939165638327495e+03,-2.648228594279329329e-01
1.114179381109325050e+03,1.043848690639619917e+03,-2.637108595792437837e-01
1.114501556717992798e+03,1.043761829290188643e+03,-2.621194775220368478e-01
1.114798783302454012e+03,1.043676856016258625e+03,-2.613778693249418916e-01
1.115143037631616380e+03,1.043603175185360442e+03,-2.602077600266755608e-01
1.115459200053082213e+03,1.043506061107240384e+03,-2.590996078992030549e-01
1.115761378488658238e+03,1.043432665415550446e+03,-2.579497904705543299e-01
1.116109036386844537e+03,1.043358906297370822e+03,-2.573954484045972713e-01
1.116420934630340298e+03,1.043273744653527274e+03,-2.554833697343454890e-01
1.116697480261158034e+03,1.043200409119291180e+03,-2.566832795522491772e-01
1.117046470984585540e+03,1.043103991794607964e+03,-2.547125058230740313e-01
1.117357771946503590e+03,1.043038401888438102e+03,-2.548909381588707612e-01
1.117687205269979358e+03,1.042957593407644026e+03,-2.536420971510641165e-01
1.117991572595212347e+03,1.042869426111235725e+03,-2.532068744840049734e-01
1.118325542780964270e+03,1.042807971481132881e+03,-2.517985280048007923e-01
1.118612242641864214e+03,1.042729723976195146e+03,-2.519777103992673628e-01
1.118945479587034697e+03,1.042645391934759573e+03,-2.497911101997635774e-01
1.119244994650471654e+03,1.042570697710255899e+03,-2.499832400395610166e-01
1.119535736886674158e+03,1.042506906095208251e+03,-2.493762282934094410e-01
1.119867333454164736e+03,1.042411028346317153e+03,-2.477165167357315845e-01
1.120192395455889709e+03,1.042343292657628581e+03,-2.477692367571638909e-01
1.120501097953742828e+03,1.042264903382063494e+03,-2.477639292922024783e-01
1.120808005973381341e+03,1.042191737624836833e+03,-2.468742747704220364e-01
1.121114092374362599e+03,1.042116850845045064e+03,-2.474401835044619247e-01
1.121441026582371705e+03,1.042035172466286667e+03,-2.477396529749744114e-01
1.121749747526263036e+03,1.041956216766364150e+03,-2.471749822755866799e-01
1.122062338126682107e+03,1.041875766355141877e+03,-2.467149616163194226e-01
1.122400195471845109e+03,1.041799393187336591e+03,-2.456635516209999537e-01
1.122698069074942168e+03,1.041726140794217599e+03,-2.455788582499434936e-01
1.122998330848105525e+03,1.041647370635467951e+03,-2.458712284687327998e-01
1.123356368679187199e+03,1.041579126852311219e+03,-2.443978804017470363e-01
1.123658931018366957e+03,1.041494538866636958e+03,-2.455988927455698967e-01
1.123959249409464974e+03,1.041414756971367751e+03,-2.444258010804432890e-01
1.124277175354193105e+03,1.041345209916926024e+03,-2.439896432595662912e-01
1.124586281522505942e+03,1.041252811660070847e+03,-2.448607914572472621e-01
1.124922422580340026e+03,1.041174394228939946e+03,-2.443160242273589022e-01
1.125236916514362747e+03,1.041101177718011513e+03,-2.446961539789499762e-01
1.125528037296854563e+03,1.041026263199090408e+03,-2.448251806330835889e-01
1.125832314344241695e+03,1.040955013148721946e+03,-2.443725554753889140e-01
1.126176205711521561e+03,1.040868425389417553e+03,-2.446824534337422585e-01
1.126475303313391350e+03,1.040799220210470594e+03,-2.452338339161165559e-01
1.126794429660414153e+03,1.040729550650028159e+03,-2.453136484476857726e-01
1.127103631010047138e+03,1.040632981845965787e+03,-2.449253595680187523e-01
1.127435979225238725e+03,1.040561287739591535e+03,-2.453290870381244770e-01
1.127754966909977156e+03,1.040494664084972555e+03,-2.453291322722277179e-01
1.128058110791834224e+03,1.040408100853578617e+03,-2.454588577612734079e-01
1.128393214843467831e+03,1.040333141672655529e+03,-2.435417061341707823e-01
1.128711068884304723e+03,1.040242060234816563e+03,-2.448734528145395939e-01
1.129023994928985530e+03,1.040163643934477477e+03,-2.449550911399161479e-01
1.129348409299519972e+03,1.040079644940424487e+03,-2.456393822633814450e-01
1.129651718060684743e+03,1.039998817436593754e+03,-2.448461885582026709e-01
1.130008909128177947e+03,1.039898586716097270e+03,-2.442526492682464967e-01
1.130308666916608445e+03,1.039827584808759639e+03,-2.446684975384549321e-01
1.130641328883573124e+03,1.039739123366549848e+03,-2.445347291169544524e-01
1.130961587053412586e+03,1.039664718570283185e+03,-2.448343513730573962e-01
1.131268332706411911e+03,1.039592536783961577e+03,-2.464025678710116407e-01
1.131615632090228246e+03,1.039505559684767150e+03,-2.458793900391659237e-01
1.131940885713833495e+03,1.039420381201820646e+03,-2.458410665221616165e-01
1.132257134465966146e+03,1.039337979460394990e+03,-2.468996924361054057e-01
1.132587549700191857e+03,1.039242490793035813e+03,-2.461797183363102770e-01
1.132914432297812482e+03,1.039168343465989665e+03,-2.458814526835172987e-01
1.133246614279304822e+03,1.039084102915100630e+03,-2.457122105340795726e-01
1.133577452038264482e+03,1.039002526685424300e+03,-2.463645173773088004e-01
1.133928436926221138e+03,1.038919488899912722e+03,-2.464750705638627803e-01
1.134239281153238835e+03,1.038842500173254166e+03,-2.468846216811086403e-01
1.134600534131486938e+03,1.038752084325830310e+03,-2.469065675147014416e-01
1.134947630167264606e+03,1.038667627934498114e+03,-2.471910154695898532e-01
1.135241368700143539e+03,1.038590484932237359e+03,-2.471554442874291102e-01
1.135608339621970799e+03,1.038516871159553148e+03,-2.467719657361537866e-01
1.135952022387943771e+03,1.038417865835887824e+03,-2.469622832798368250e-01
1.136301096176177907e+03,1.038327068761904229e+03,-2.464378271370761819e-01
1.136645900522972852e+03,1.038231689996073101e+03,-2.477193967006468822e-01
1.137003588700629507e+03,1.038143468948716645e+03,-2.480157992357055197e-01
1.137335265826532577e+03,1.038075803245632642e+03,-2.483315294453946331e-01
1.137702174052923283e+03,1.038004556658389447e+03,-2.475070626278173536e-01
1.138046710361179066e+03,1.037908723144348869e+03,-2.482029395480273015e-01
1.138446271007519954e+03,1.037838033011647440e+03,-2.476027599920990196e-01
1.138781339283953457e+03,1.037768751941029677e+03,-2.490444673049873325e-01
1.139134369794924169e+03,1.037686203023360576e+03,-2.477256640750131467e-01
1.139467511629407227e+03,1.037594355476904411e+03,-2.470882519718088643e-01
1.139844128252674636e+03,1.037500197876624497e+03,-2.465630622764860558e-01
1.140207059025633725e+03,1.037439797483468965e+03,-2.454864463989438472e-01
1.140606671417619737e+03,1.037351884049128103e+03,-2.430737681037227760e-01
1.140974183583558897e+03,1.037263635363554158e+03,-2.427507857610114728e-01
1.141367795618831451e+03,1.037173937608678216e+03,-2.398323499291158123e-01
1.141714097023409749e+03,1.037104038477962149e+03,-2.394784708921561256e-01
1.142093846088175042e+03,1.037003420729038908e+03,-2.378484456582479201e-01
1.142469574500007184e+03,1.036928965974778293e+03,-2.380249787976834175e-01
1.142870481549148508e+03,1.036831003328628640e+03,-2.357344970790945238e-01
1.143279720970776452e+03,1.036758678530298312e+03,-2.319252916286418387e-01
1.143683119929553186e+03,1.036668277328479007e+03,-2.312311000700692509e-01
1.144037145606360355e+03,1.036588940125935324e+03,-2.284336571058856458e-01
1.144384567594858709e+03,1.036497153039175373e+03,-2.272735690114969509e-01
1.144775834527947154e+03,1.036410848473130045e+03,-2.278922450065598848e-01
1.145178600830654432e+03,1.036298307718872593e+03,-2.247466748285267546e-01
1.145580089262884258e+03,1.036200714613804848e+03,-2.229835347370007215e-01
1.145982406584375212e+03,1.036151436965932362e+03,-2.229219165374413947e-01
1.146401359939883150e+03,1.036062394899192896e+03,-2.216272567667248450e-01
1.146780047455238901e+03,1.035987234531246031e+03,-2.207333553665132286e-01
1.147210639577514939e+03,1.035893807079070029e+03,-2.176076147956591544e-01
1.147599639874949389e+03,1.035808258992772153e+03,-2.169648990124105059e-01
1.148031412173718309e+03,1.035734912844449127e+03,-2.153557004269371633e-01
1.148459072120778501e+03,1.035636128807636624e+03,-2.143209784041026078e-01
1.148855226743980666e+03,1.035557192030992610e+03,-2.125409677167485745e-01
1.149313552259422750e+03,1.035472524608258482e+03,-2.106349668935401931e-01
1.149725174355422268e+03,1.035381499977358089e+03,-2.094676136571930747e-01
1.150144876893589753e+03,1.035282987185690672e+03,-2.081541952173765198e-01
1.150532773143412442e+03,1.035215232216063896e+03,-2.085975365951584504e-01
1.150958297734984171e+03,1.035117110979210111e+03,-2.072572332651434757e-01
1.151357060341850911e+03,1.035001599996028517e+03,-2.076074571157127124e-01
1.151782883849780092e+03,1.034919481666634056e+03,-2.055105243227285938e-01
1.152218804059093600e+03,1.034856123315826608e+03,-2.030906654882446150e-01
1.152637715235367295e+03,1.034757719466140315e+03,-2.038737961617292094e-01
1.153039680035032688e+03,1.034679482055052404e+03,-2.026698051974507864e-01
1.153486768083140987e+03,1.034620317529020667e+03,-2.010239355204476719e-01
1.153921141474625529e+03,1.034508088437360129e+03,-2.005242131503780223e-01
1.154330248382617128e+03,1.034425851548347282e+03,-1.994824294962277145e-01
1.154771714489832220e+03,1.034359867149680895e+03,-1.973192146324762031e-01
1.155140512630571493e+03,1.034280237505707419e+03,-1.985736753201820526e-01
1.155548501515767384e+03,1.034186743736732524e+03,-1.967620352322389798e-01
1.155929549632636736e+03,1.034081438430768230e+03,-1.962354506024629464e-01
1.156350139230557488e+03,1.034041152154427891e+03,-1.943171696044997121e-01
1.156731809797085816e+03,1.033966123881396015e+03,-1.926677598741171615e-01
1.157119586380319106e+03,1.033910243507898940e+03,-1.916972494243057157e-01
1.157542051319785514e+03,1.033832238757425330e+03,-1.904105529663992769e-01
1.157974121601586376e+03,1.033754386893309174e+03,-1.886120608687635036e-01
1.158362922904348352e+03,1.033719052168862163e+03,-1.874131936860331804e-01
1.158795236561205229e+03,1.033629632703322159e+03,-1.866949588834645180e-01
1.159205789530995617e+03,1.033557556308980566e+03,-1.858857291125788347e-01
1.159579431778192202e+03,1.033485637108989749e+03,-1.862840390025462534e-01
1.159994259697623875e+03,1.033418719742115172e+03,-1.849482621961992812e-01
1.160400376176888813e+03,1.033361487100161185e+03,-1.834008032618507644e-01
1.160788142283832030e+03,1.033290435417809249e+03,-1.833831559559942481e-01
1.161123681762883734e+03,1.033221067518579503e+03,-1.817892203705130660e-01
1.161529059979325439e+03,1.033161331639617174e+03,-1.812720437726856870e-01
1.161914369985150643e+03,1.033100897862506827e+03,-1.792527014972649935e-01
1.162307721025857973e+03,1.033052516004757308e+03,-1.793609628472753459e-01
1.162642430368033502e+03,1.032960330995839968e+03,-1.813220851210742834e-01
1.163051954135996084e+03,1.032898888395044878e+03,-1.810468953854821872e-01
1.163395765002829648e+03,1.032824874321805510e+03,-1.815969831537521950e-01
1.163719708580731321e+03,1.032777903502366598e+03,-1.812595551940272276e-01
1.164040161606450056e+03,1.032702999731249520e+03,-1.810634267936087338e-01
1.164425126209755945e+03,1.032632201023707466e+03,-1.814275533876145707e-01
1.164793186405850975e+03,1.032571823329330300e+03,-1.830996369963124315e-01
1.165091353652609769e+03,1.032508967022765773e+03,-1.844152427149099438e-01
1.165447217920785079e+03,1.032439704565248121e+03,-1.849843498222754623e-01
1.165743729435607747e+03,1.032391244343140215e+03,-1.871864307885575118e-01
1.166060066144991879e+03,1.032328238695185746e+03,-1.880335331705565438e-01
1.166409171998961028e+03,1.032252929622595502e+03,-1.895264061719899307e-01
1.166728707542492884e+03,1.032206611422308242e+03,-1.922281535180773437e-01
1.167085616865138718e+03,1.032142455067900073e+03,-1.959168116028266737e-01
1.167391001789015718e+03,1.032065146048073302e+03,-2.002834949136484133e-01
1.167684197804047017e+03,1.032017646937966902e+03,-2.043286690677972584e-01
1.168019933227466709e+03,1.031969827300770248e+03,-2.089166818348870414e-01
1.168351279253521398e+03,1.031928826572481057e+03,-2.134825300286545824e-01
1.168693162851546504e+03,1.031835153421978703e+03,-2.182094301410228421e-01
1.168971002186550777e+03,1.031736218508214506e+03,-2.239857503402113703e-01
1.169269067687549750e+03,1.031608815541188960e+03,-2.316634360485704813e-01
1.169565667905925011e+03,1.031526095852959088e+03,-2.368787052882389832e-01
1.169843293620218446e+03,1.031470185760285858e+03,-2.434150952087709152e-01
1.170157088069385736e+03,1.031396324386864080e+03,-2.508672141941030165e-01
1.170447081007193219e+03,1.031298804101227915e+03,-2.571652786979151117e-01
1.170737669796680166e+03,1.031257440914156177e+03,-2.645164131082898273e-01
1.170993319356006850e+03,1.031189737992337996e+03,-2.716385914564837245e-01
1.171318039770441146e+03,1.031061183179193677e+03,-2.782768794973205506e-01
1.171658313126404437e+03,1.030993015434213476e+03,-2.865273446347062491e-01
1.171921464807788198e+03,1.030935478737010499e+03,-2.917296634536819533e-01
1.172244536686990386e+03,1.030816389591264624e+03,-2.996720783197461269e-01
1.172545350464885814e+03,1.030677945598725955e+03,-3.092130299496502199e-01
1.172806800478458172e+03,1.030560086882785072e+03,-3.189298825163838780e-01
1.173154853821788947e+03,1.030435190605715889e+03,-3.279827534536731704e-01
1.173427424085346502e+03,1.030335180280631903e+03,-3.383527949568489457e-01
1.173762913436339431e+03,1.030199543230791960e+03,-3.498103240454721319e-01
1.174035477689711115e+03,1.030073512864787972e+03,-3.612508570717141154e-01
1.174327808401273842e+03,1.029953797608564855e+03,-3.749386370238050881e-01
1.174642416831934042e+03,1.029847122060293941e+03,-3.886034596071640812e-01
1.174923420478202843e+03,1.029726373224655163e+03,-4.032286088940114088e-01
1.175252732541661089e+03,1.029593657790650695e+03,-4.171321629147252130e-01
1.175508500419112579e+03,1.029376815511930999e+03,-4.353362326197496301e-01
1.175800097962682230e+03,1.029240787481830466e+03,-4.527855843813042847e-01
1.176094475388782257e+03,1.029061775698709198e+03,-4.713326713681088576e-01
1.176363801183731312e+03,1.028931897186741026e+03,-4.887060767268116557e-01
1.176638669528174887e+03,1.028756514808355178e+03,-5.083272803581636579e-01
1.176928379350825480e+03,1.028564685704164731e+03,-5.284347352899961825e-01
1.177213684287988599e+03,1.028357858030441093e+03,-5.495266721956660882e-01
1.177478364719755518e+03,1.028176329287666249e+03,-5.699352216459440124e-01
1.177795384738544726e+03,1.027971462469773769e+03,-5.940985972601809939e-01
1.178054951944181539e+03,1.027771272259990155e+03,-6.157284262703573985e-01
1.178339390349356790e+03,1.027499057155344417e+03,-6.404892597271732990e-01
1.178569842049961835e+03,1.027302615103542166e+03,-6.620234241577104273e-01
1.178823038860085035e+03,1.027080501335987719e+03,-6.843261510699747419e-01
1.179057132443530918e+03,1.026831658694589578e+03,-7.084751790489255407e-01
1.179293314739607013e+03,1.026583872082066819e+03,-7.319013081016656486e-01
1.179540210099526348e+03,1.026376581619457511e+03,-7.552268719046590917e-01
1.179789302174674049e+03,1.026119842685995764e+03,-7.768312960481872365e-01
1.180011591804219734e+03,1.025836860652227188e+03,-7.994934959275445951e-01
1.180237596393116519e+03,1.025550731421249111e+03,-8.217718717323007072e-01
1.180442845513785869e+03,1.025288658102960198e+03,-8.448248132245378406e-01
1.180629970112734554e+03,1.024995592726122368e+03,-8.647511378674317406e-01
1.180829491282551999e+03,1.024716889276876600e+03,-8.866597524433676991e-01
1.181003381201680213e+03,1.024458031698326522e+03,-9.075636760967125127e-01
1.181217939513554711e+03,1.024184901385412786e+03,-9.299480209275982068e-01
1.181413700988343862e+03,1.023908166026089134e+03,-9.511629926219979936e-01
1.181611178336474040e+03,1.023621637418411638e+03,-9.733346488448805234e-01
1.181787021465322368e+03,1.023316373368836935e+03,-9.945925814157164924e-01
1.181943858961642491e+03,1.023040228199335957e+03,-1.016317802780426716e+00
1.182111675384726368e+03,1.022745023232879134e+03,-1.037664104017790523e+00
1.182259111918261397e+03,1.022399616952135602e+03,-1.059625302221160803e+00
1.182404128033900633e+03,1.022112475433088662e+03,-1.081556026758614619e+00
1.182554042226314095e+03,1.021819181314589059e+03,-1.102687011229018355e+00
1.182666709722229598e+03,1.021483984731643432e+03,-1.124270615845341492e+00
1.182789015295764102e+03,1.021150353976442716e+03,-1.145572727263300061e+00
1.182949279218731817e+03,1.020828628281137526e+03,-1.168419603916995397e+00
1.183077502513679974e+03,1.020510529469821904e+03,-1.191851473684492957e+00
1.183143334109554417e+03,1.020178556345547236e+03,-1.212065320106899158e+00
1.183240848833962673e+03,1.019840351250413619e+03,-1.234442011172438125e+00
1.183322551583729364e+03,1.019539010478921000e+03,-1.254890574719528695e+00
1.183444774809622913e+03,1.019265128794835050e+03,-1.276519437588340411e+00
1.183527104005467436e+03,1.018897435694694991e+03,-1.298234274731330906e+00
1.183587167127305520e+03,1.018541397094504418e+03,-1.318442480447619136e+00
1.183641395098157091e+03,1.018213356528177087e+03,-1.339280819078899620e+00
1.183681717205317909e+03,1.017876545535613332e+03,-1.359661506022845412e+00
1.183732896395527860e+03,1.017514733759790147e+03,-1.380609982997557106e+00
1.183758021456497318e+03,1.017213929038115566e+03,-1.398128502108049842e+00
1.183778862468624311e+03,1.016846912965673141e+03,-1.420281108357512201e+00
1.183799533764372882e+03,1.016519696338404856e+03,-1.440880802470015487e+00
1.183823822096821687e+03,1.016187436078232963e+03,-1.460573100398120605e+00
1.183877920730031747e+03,1.015855953973960368e+03,-1.481993830203639728e+00
1.183890785857534411e+03,1.015528481753915571e+03,-1.501219560902208316e+00
1.183894083532066134e+03,1.015185162948241214e+03,-1.520620328444223901e+00
1.183889477151006076e+03,1.014830089052723565e+03,-1.538411909399929112e+00
1.183869120822918603e+03,1.014465912497596491e+03,-1.554407121871969055e+00
1.183890874267384561e+03,1.014141468877941293e+03,-1.568326956727700505e+00
1.183838951730468352e+03,1.013781238710015828e+03,-1.582020388646682818e+00
1.183823936149922019e+03,1.013472206354095761e+03,-1.592793479139874124e+00
1.183819350463949377e+03,1.013152230685634095e+03,-1.603084883999080557e+00
1.183804067125091024e+03,1.012809175577645647e+03,-1.611496425721721915e+00
1.183789197343829301e+03,1.012439462374838740e+03,-1.618873990168542276e+00
1.183760096793065941e+03,1.012124340735423175e+03,-1.623641910471274930e+00
1.183739026360214211e+03,1.011800131801873022e+03,-1.629014720747517631e+00
1.183709774985824879e+03,1.011453271806945736e+03,-1.633187970530719735e+00
1.183707201346937609e+03,1.011091459253523453e+03,-1.639509288077049876e+00
1.183696233717405676e+03,1.010703975937139603e+03,-1.645409777736152934e+00
1.183666502784922841e+03,1.010393815542773382e+03,-1.648631796489210100e+00
1.183639380276833890e+03,1.010059530553629088e+03,-1.651728307273756968e+00
1.183594534792318200e+03,1.009739609347358737e+03,-1.654033740613262360e+00
1.183576365193722040e+03,1.009353402753710725e+03,-1.657299400893218699e+00
1.183523944965509372e+03,1.009021299105083244e+03,-1.660025060884054326e+00
1.183492527728790492e+03,1.008660581278348218e+03,-1.663708449501462683e+00
1.183466226929238928e+03,1.008283988846308603e+03,-1.666700578295966295e+00
1.183415453425802298e+03,1.007956939307229959e+03,-1.668554683535404370e+00
1.183387565453148909e+03,1.007598616985884291e+03,-1.669741728338927089e+00
1.183358466997151709e+03,1.007272047165126310e+03,-1.670120370257570874e+00
1.183319925229975524e+03,1.006884888080758174e+03,-1.671090348861406616e+00
1.183280143432100203e+03,1.006515695619570806e+03,-1.671233052290543419e+00
1.183251510269996743e+03,1.006154803479249495e+03,-1.674482968013022433e+00
1.183210714434158945e+03,1.005781417326091287e+03,-1.677259882628481913e+00
1.183170712365114241e+03,1.005446893806227990e+03,-1.678000287428603521e+00
1.183132059288748906e+03,1.005073148019120708e+03,-1.679246230214362923e+00
1.183089989901352055e+03,1.004674070854031243e+03,-1.680563816065638205e+00
1.183038658649122681e+03,1.004306787343864698e+03,-1.680819956204532506e+00
1.183003358295980206e+03,1.003943257294453133e+03,-1.681448943633471860e+00
1.182942377916260966e+03,1.003574183663737472e+03,-1.683981149365903596e+00
1.182920117850135739e+03,1.003164103541406348e+03,-1.685793644815056114e+00
1.182868797699827610e+03,1.002805642935992751e+03,-1.686944056526524571e+00
1.182832375150064991e+03,1.002448835325889149e+03,-1.688210735350534897e+00
1.182773806534876258e+03,1.002049288444244098e+03,-1.689560702313996687e+00
1.182728643108019696e+03,1.001657432242953632e+03,-1.690141128406675186e+00
1.182689260849207812e+03,1.001284325300297155e+03,-1.690848465790288468e+00
1.182670751422119338e+03,1.000890230052165748e+03,-1.692882160866996166e+00
1.182605692296148618e+03,1.000482435796490677e+03,-1.694263722485414680e+00
1.182562058482388693e+03,1.000119900183235245e+03,-1.696198666543469846e+00
1.182494595308498901e+03,9.996940554978012869e+02,-1.698284360936367809e+00
1.182438934783396235e+03,9.992874093362377153e+02,-1.699535839704614970e+00
1.182393201863249033e+03,9.988778041405143995e+02,-1.701262304583114338e+00
1.182324748391097955e+03,9.984617038933541835e+02,-1.704784318228947937e+00
1.182273962832999587e+03,9.980501951999139010e+02,-1.707513412887144533e+00
1.182228904053316683e+03,9.976410144691596997e+02,-1.710001887420958600e+00
1.182173650792505896e+03,9.972554772034152393e+02,-1.712722912014053911e+00
1.182117940908895662e+03,9.968467481212525172e+02,-1.715718010404165828e+00
1.182072656098352581e+03,9.964151032326660697e+02,-1.718604224719106233e+00
1.181988640668111429e+03,9.960203397198230277e+02,-1.721705520787171206e+00
1.181923938250201900e+03,9.955892122779137026e+02,-1.723799168554494887e+00
1.181877858932885829e+03,9.951918812078445171e+02,-1.726373462991489083e+00
1.181791936620319802e+03,9.947728922918855687e+02,-1.728708446218569117e+00
1.181732367868857182e+03,9.943546944106084311e+02,-1.731009555226924013e+00
1.181659519393734172e+03,9.939503475869214526e+02,-1.732447563738527041e+00
1.181622622222533209e+03,9.935397831447594399e+02,-1.734042395381390822e+00
1.181561003838478427e+03,9.931368259764803952e+02,-1.733912077619219394e+00
1.181491681039440437e+03,9.927144549230584971e+02,-1.733289108298372794e+00
1.181410911568813390e+03,9.922816764186808314e+02,-1.732893153259412733e+00
1.181330011281859242e+03,9.918709607358036919e+02,-1.732606348668591645e+00
1.181258477377625240e+03,9.914421959917451659e+02,-1.731632033678017768e+00
1.181193913919528995e+03,9.910559130498519380e+02,-1.731970691554014286e+00
1.181126388706566786e+03,9.906334591125050792e+02,-1.731031601152445587e+00
1.181063130824184100e+03,9.902135864450345935e+02,-1.731000882414286401e+00
1.181023926648853603e+03,9.898131896441485651e+02,-1.731435336414735016e+00
1.180945839913486907e+03,9.894077802841241009e+02,-1.731366869622516180e+00
1.180879424809389775e+03,9.890316346187843237e+02,-1.730433795708954836e+00
1.180824178779610520e+03,9.886434095337684766e+02,-1.730760032137608651e+00
1.180748401002774017e+03,9.882163090745857517e+02,-1.730216931922208490e+00
1.180668630002284090e+03,9.878137536672088572e+02,-1.729687580899097021e+00
1.180601114904964334e+03,9.874076303464478315e+02,-1.729192852864191776e+00
1.180541138337651546e+03,9.870217121305144019e+02,-1.728853820283162035e+00
1.180473628299389702e+03,9.866430537090640200e+02,-1.729044506553623961e+00
1.180417269479329661e+03,9.862378485857049100e+02,-1.729153728200379492e+00
1.180356143132850548e+03,9.858226411043282269e+02,-1.729461291000854217e+00
1.180303016089622815e+03,9.854155363604621698e+02,-1.729280902825869992e+00
1.180241950579990316e+03,9.850279053477635216e+02,-1.728887326178188744e+00
1.180149578170558470e+03,9.846431961683142617e+02,-1.728487892987636609e+00
1.180093088165354629e+03,9.842550203649535661e+02,-1.728900049124665106e+00
1.180030302691822271e+03,9.838546566690454256e+02,-1.728991065106017855e+00
1.179977319505716196e+03,9.834500193314436274e+02,-1.728965762205230572e+00
1.179934203995860116e+03,9.830880583519125366e+02,-1.728771670319377174e+00
1.179866957088268464e+03,9.827076313284605931e+02,-1.728607173577982214e+00
1.179817296721468210e+03,9.823051582328898803e+02,-1.728839323388922988e+00
1.179745628796696565e+03,9.819038387698881252e+02,-1.728643472376404366e+00
1.179687130260754429e+03,9.815362220512166687e+02,-1.728035203360899219e+00
1.179622878757688113e+03,9.811707000353502508e+02,-1.728480059035866656e+00
1.179552619218850623e+03,9.807899036858507316e+02,-1.728481304701674715e+00
1.179506955558731988e+03,9.804201072656685483e+02,-1.728459549417282082e+00
1.179457571427660696e+03,9.800695651064417007e+02,-1.727815248127273495e+00
1.179413653238073493e+03,9.796957131400334902e+02,-1.727775823557124113e+00
1.179350509096031828e+03,9.793309869873903608e+02,-1.728102794558382893e+00
1.179283557794090484e+03,9.789720851040514162e+02,-1.727645653652219115e+00
1.179242681294476370e+03,9.786438780524674712e+02,-1.728515044231591080e+00
1.179184881308423883e+03,9.782397631467055135e+02,-1.728484354010838997e+00
1.179152287970494399e+03,9.778649230368876033e+02,-1.728061164357897583e+00
1.179092606733246157e+03,9.774946180802436402e+02,-1.727581320546565768e+00
1.179026921689918709e+03,9.771531910400685774e+02,-1.727775593272961263e+00
1.178962967506598034e+03,9.767727792245915452e+02,-1.726513961780470563e+00
1.178900817456773893e+03,9.764564413143519914e+02,-1.726532677701917429e+00
1.178858475076726108e+03,9.761118993483149779e+02,-1.725422864045513593e+00
1.178810088657029155e+03,9.757460199432148329e+02,-1.725914515696449714e+00
1.178755143746114982e+03,9.753777542567621595e+02,-1.726725067397673063e+00
1.178731812375188156e+03,9.750260630823246402e+02,-1.726086621291116341e+00
1.178677000969845722e+03,9.746673183364042643e+02,-1.725123279382974939e+00
1.178593259732848992e+03,9.743252224332275091e+02,-1.724873091132811842e+00
1.178543711079159266e+03,9.739914291082434374e+02,-1.724730471001618470e+00
1.178487362425633592e+03,9.736543052882349230e+02,-1.724319173295606911e+00
1.178431072061744771e+03,9.732916958493857464e+02,-1.724152245135901040e+00
1.178407261001584629e+03,9.729444821955879661e+02,-1.724027238923215410e+00
1.178346209456370843e+03,9.725984319310555293e+02,-1.724555985894878685e+00
1.178297510075787386e+03,9.722565991385473581e+02,-1.724767765736583192e+00
1.178247247040683078e+03,9.718954848695948385e+02,-1.724236221185230455e+00
1.178199689756573207e+03,9.715879496817766494e+02,-1.723616639232584902e+00
1.178133624519238538e+03,9.712234758711075528e+02,-1.723178789752755957e+00
1.178086964717172123e+03,9.708759884182213682e+02,-1.723800154877969781e+00
1.178041327914731710e+03,9.705390271138634262e+02,-1.723669866822025831e+00
1.177982771458841626e+03,9.701954097747910737e+02,-1.724227567808563455e+00
1.177936544819695428e+03,9.698762331533669112e+02,-1.725714480756197489e+00
1.177882028605514279e+03,9.695556028201139043e+02,-1.728592467347046080e+00
1.177834971668509297e+03,9.692484787896744365e+02,-1.733160755077667980e+00
1.177774368380705255e+03,9.689128767531294670e+02,-1.738408658191668676e+00
1.177714753678231318e+03,9.685750685407483616e+02,-1.744856780942488861e+00
1.177653485417955835e+03,9.682613706031357879e+02,-1.750838398774947624e+00
1.177598019032458296e+03,9.679378208729965536e+02,-1.757467655057695755e+00
1.177513063887692851e+03,9.676098580490264567e+02,-1.764960325702629174e+00
1.177435698193854250e+03,9.673047268745575593e+02,-1.773497803363822234e+00
1.177356954981100898e+03,9.669833466375843045e+02,-1.780352546534581526e+00
1.177278628342234470e+03,9.666727801362226273e+02,-1.787791680687358609e+00
1.177225936227070179e+03,9.663746026595900958e+02,-1.793831030343446820e+00
1.177145556114512374e+03,9.660387469626934944e+02,-1.799884568440692112e+00
1.177073877787471474e+03,9.657405244460617268e+02,-1.803804950126826956e+00
1.176983751081834725e+03,9.654216779938934678e+02,-1.808502028410183371e+00
1.176903666830628026e+03,9.650938102711952524e+02,-1.812227585263054719e+00
1.176840377650001074e+03,9.648140318059046194e+02,-1.814798241750007257e+00
1.176763965341914627e+03,9.645332361840186195e+02,-1.816057161367541362e+00
1.176676050000315627e+03,9.642114535648106539e+02,-1.816008234192897586e+00
1.176597100658580985e+03,9.639419980053871768e+02,-1.816405787514311365e+00
1.176539234462814420e+03,9.636399237602506673e+02,-1.816491354947892933e+00
1.176467188728909150e+03,9.633188485645567880e+02,-1.816728791731889281e+00
1.176391819928436462e+03,9.630124423773187345e+02,-1.816490734193705769e+00
1.176337431282402576e+03,9.627235721010282532e+02,-1.816666859265769762e+00
1.176260463733504366e+03,9.624147383016140793e+02,-1.815435684970150954e+00
1.176188339181091123e+03,9.621480121688156260e+02,-1.813348044848145157e+00
1.176107912353477104e+03,9.618665326384979153e+02,-1.810456251124856086e+00
1.176046015111041470e+03,9.615729164484993134e+02,-1.806186455747502695e+00
1.175997792529767821e+03,9.612982209884481790e+02,-1.800493126579505887e+00
1.175931868210989251e+03,9.609640079057478488e+02,-1.795249902960014188e+00
1.175897512880381782e+03,9.607315808559502557e+02,-1.790084244113952394e+00
1.175812381857220544e+03,9.604580296786122062e+02,-1.784525046660503156e+00
1.175734912740457276e+03,9.601818867971068130e+02,-1.779219279272649779e+00
1.175719061254148301e+03,9.599063316939880224e+02,-1.773112699695365002e+00
1.175674373785164562e+03,9.596369722490773029e+02,-1.765781131553744387e+00
1.175645519709247765e+03,9.593144751886603672e+02,-1.759044977407745014e+00
1.175579522714899895e+03,9.590589950163115418e+02,-1.752290258959452007e+00
1.175534092074795581e+03,9.587400743407230266e+02,-1.746713627963661253e+00
1.175509264616042856e+03,9.584882675633926965e+02,-1.739253890254885748e+00
1.175470497942132624e+03,9.582224020672157394e+02,-1.731904856116365687e+00
1.175448171183977138e+03,9.579754457054140175e+02,-1.725883527180895438e+00
1.175407653184729497e+03,9.576735176235125664e+02,-1.719466109333098736e+00
1.175357253490003814e+03,9.573977443801848040e+02,-1.711572790005849720e+00
1.175320120231467399e+03,9.571859812114635133e+02,-1.705345844422245793e+00
1.175283175752279021e+03,9.569185845410227103e+02,-1.700289225801044024e+00
1.175269802755093224e+03,9.566511088384078221e+02,-1.692552835320664473e+00
1.175253620960051194e+03,9.564016158848137366e+02,-1.683534087930102618e+00
1.175241835392469056e+03,9.561589637357259335e+02,-1.677985571659464492e+00
1.175208229172957545e+03,9.559267727299287571e+02,-1.671534713914658354e+00
1.175193163519555128e+03,9.556957546925685847e+02,-1.664603999223781106e+00
1.175159708594569565e+03,9.554698319580578527e+02,-1.658053927126930782e+00
1.175187007700226104e+03,9.552541507992747256e+02,-1.652026044130168181e+00
1.175167235314250320e+03,9.549805430030413618e+02,-1.646077948148265468e+00
1.175158345414896075e+03,9.547533942152128930e+02,-1.639006506758099224e+00
1.175146587242790247e+03,9.545480017895621359e+02,-1.633121321597533315e+00
1.175130160717476656e+03,9.543380578789295896e+02,-1.627441567938050282e+00
1.175148765922742996e+03,9.540981830689638628e+02,-1.622001697671618059e+00
1.175180588675946638e+03,9.538744583182598262e+02,-1.614539148803144863e+00
1.175200126959701265e+03,9.536925585626992188e+02,-1.610300243946854781e+00
1.175194410509315958e+03,9.535344329465315241e+02,-1.601102595378453008e+00
1.175168800294886069e+03,9.533586310614225567e+02,-1.596477896808470520e+00
1.175138778621198753e+03,9.532139370136372918e+02,-1.591067982719164720e+00
1.175128446987800316e+03,9.530285576301918127e+02,-1.585964577466582703e+00
1.175112269657975048e+03,9.527922324111315220e+02,-1.581757499087170116e+00
1.175149717543045199e+03,9.525622294351148867e+02,-1.575761503106816619e+00
1.175128571498696374e+03,9.524035692680590728e+02,-1.571322738569180810e+00
1.175159071239796731e+03,9.522609809351047261e+02,-1.562793687997096281e+00
1.175165308044175163e+03,9.520787395238977524e+02,-1.559116051794022129e+00
1.175159664237000015e+03,9.518546904384156733e+02,-1.552326318158403939e+00
1.175168437056070843e+03,9.516976732043470975e+02,-1.546861882697883495e+00
1.175216454432615592e+03,9.515056992793015525e+02,-1.542440816976145435e+00
1.175208716663180439e+03,9.512656894887975341e+02,-1.538127020904531017e+00
1.175253023498807352e+03,9.511185662467190696e+02,-1.533208195229928128e+00
1.175293698709845103e+03,9.509574879635235902e+02,-1.529031891526226650e+00
1.175323955329428372e+03,9.507317851669289439e+02,-1.530050075304830948e+00
1.175345237142205406e+03,9.505496026191963210e+02,-1.528042863030594667e+00
1.175360971072143457e+03,9.503728520038288252e+02,-1.520944064644852434e+00
1.175354329697764115e+03,9.502061435395374929e+02,-1.517161613710766632e+00
1.175307376529554404e+03,9.500079138037330040e+02,-1.514847500609757036e+00
1.175298161063560656e+03,9.498220496811590010e+02,-1.513409313586286276e+00
1.175355866113464799e+03,9.496567183296270969e+02,-1.507976605165326056e+00
1.175419467330208818e+03,9.494920995334548479e+02,-1.505754692641892101e+00
1.175449165856209220e+03,9.493101314942991849e+02,-1.503643266369247167e+00
1.175423750041604308e+03,9.491186133615286735e+02,-1.501126749311454400e+00
1.175419771023392514e+03,9.489436620842212733e+02,-1.498337267417013008e+00
1.175426024361968757e+03,9.487769136536888936e+02,-1.494324823937315472e+00
1.175456754630782370e+03,9.486137282861008089e+02,-1.491476724340199622e+00
1.175477631106100262e+03,9.484129583568721955e+02,-1.488153735657409493e+00
1.175503392997868104e+03,9.482441039110806287e+02,-1.484464543588861041e+00
1.175514289366111143e+03,9.480810742952886585e+02,-1.480826778427161150e+00
1.175532688438995365e+03,9.478866945109328981e+02,-1.478424699625952465e+00
1.175555898672724425e+03,9.476976299621578619e+02,-1.474038913579614363e+00
1.175586864782608927e+03,9.475490242649763104e+02,-1.469456409938507679e+00
1.175603156526364273e+03,9.473735524819999227e+02,-1.467429615433256451e+00
1.175628461623749217e+03,9.471993369318026907e+02,-1.463482551448478830e+00
1.175654658433290933e+03,9.470342678347400351e+02,-1.459769950780244852e+00
1.175680226536402870e+03,9.468523211969885551e+02,-1.455578337718907544e+00
1.175700651444622054e+03,9.466934596382261589e+02,-1.451159095385756270e+00
1.175717915966249393e+03,9.464955472381210484e+02,-1.446947131679298559e+00
1.175750729134519588e+03,9.463217947282353180e+02,-1.442565989223624001e+00
1.175789131293493938e+03,9.461640243530453063e+02,-1.437738074483054573e+00
1.175802927863510831e+03,9.459657834331397908e+02,-1.433354297637135177e+00
1.175830872377991454e+03,9.457882911701327657e+02,-1.428274392526323489e+00
1.175900132549963018e+03,9.456093093061359696e+02,-1.422884847860768742e+00
1.175922379449234768e+03,9.454225664865916769e+02,-1.418378029889329373e+00
1.175957128510619441e+03,9.452108661225618107e+02,-1.411936252369125233e+00
1.175989985482926386e+03,9.450399434922763930e+02,-1.407345468353724760e+00
1.176020184781022863e+03,9.448325328399251930e+02,-1.401334707861897177e+00
1.176070963909146030e+03,9.446201902163790010e+02,-1.395861031548526032e+00
1.176129894327994180e+03,9.444200705193262593e+02,-1.389122811137441182e+00
1.176172369493144288e+03,9.442185671822984432e+02,-1.383036991756573020e+00
1.176230135041719677e+03,9.440094020542754834e+02,-1.377773200629378580e+00
1.176290626013150131e+03,9.437867140803718939e+02,-1.370997984794999569e+00
1.176356524205273217e+03,9.435814337762898276e+02,-1.364021390513754151e+00
1.176403527147342629e+03,9.433799745448042131e+02,-1.358995696417633514e+00
1.176464421163662109e+03,9.431328429423919033e+02,-1.352709387564828170e+00
1.176541171771884365e+03,9.429060288507587302e+02,-1.346634049225915675e+00
1.176608108011418153e+03,9.426872163602149612e+02,-1.340851427984209199e+00
1.176675451010643883e+03,9.424210251079024374e+02,-1.336218521460009079e+00
1.176716131969530124e+03,9.421765265940088057e+02,-1.331060757176647513e+00
1.176801951094189690e+03,9.419376507583991724e+02,-1.326397627754214881e+00
1.176864338126774101e+03,9.416836100124525046e+02,-1.322436338520013743e+00
1.176965383586204780e+03,9.414063730578565128e+02,-1.319710697435648505e+00
1.177017290775468837e+03,9.411381865579124906e+02,-1.315254836328577426e+00
1.177104705596705344e+03,9.408724254724866114e+02,-1.314447621645542075e+00
1.177178267930571337e+03,9.405953736686636830e+02,-1.311651760258724986e+00
1.177244539771759037e+03,9.403233556971358666e+02,-1.311205138418623184e+00
1.177332065697295320e+03,9.400367921999263672e+02,-1.311296587126511870e+00
1.177387912383340790e+03,9.397394005852454484e+02,-1.311549916057735743e+00
1.177476575266916825e+03,9.394427232210196053e+02,-1.311838697357307071e+00
1.177553638388843410e+03,9.391641113590210352e+02,-1.313077039681636471e+00
1.177634505224410077e+03,9.388539637423460817e+02,-1.314880944888614733e+00
1.177712979401375833e+03,9.385464887925079438e+02,-1.316040336947998490e+00
1.177788239619959995e+03,9.382300216219633739e+02,-1.318648512971133835e+00
1.177877213494026364e+03,9.379220221255682191e+02,-1.322246300482423198e+00
1.177951355341480848e+03,9.376044697602752649e+02,-1.326571445603050181e+00
1.178013372498660829e+03,9.372742845923403365e+02,-1.330294737883687350e+00
1.178108621426672016e+03,9.369381269742556242e+02,-1.335603895345221614e+00
1.178166736994754046e+03,9.365869217297356499e+02,-1.341022368734942738e+00
1.178240591872691539e+03,9.362547813023289791e+02,-1.346397904942311152e+00
1.178312511482632544e+03,9.359146526309560841e+02,-1.352258950523419490e+00
1.178396493194729146e+03,9.355794666678837075e+02,-1.359730944397159913e+00
1.178473206511569742e+03,9.352275183488866332e+02,-1.367315369019287630e+00
1.178519677800877844e+03,9.348752778110733743e+02,-1.376096563866722633e+00
1.178579209366068881e+03,9.345243057157722433e+02,-1.385655095474902954e+00
1.178618573171012486e+03,9.341531228355743224e+02,-1.397165243043230864e+00
1.178676528201119027e+03,9.338058775302994263e+02,-1.409153498332571752e+00
1.178728191431329151e+03,9.334377125447225581e+02,-1.422057841288628444e+00
1.178756325838985958e+03,9.330734529982811409e+02,-1.434896541738719389e+00
1.178794935688440773e+03,9.326940396207211279e+02,-1.448478618494358550e+00
1.178839924854123865e+03,9.323285000475065090e+02,-1.462479162969391622e+00
1.178837446713668896e+03,9.319551848967477099e+02,-1.476688921806710741e+00
1.178868975610117104e+03,9.315688814169102443e+02,-1.491357079774604966e+00
1.178870082161959090e+03,9.311802923697340475e+02,-1.506593927162541036e+00
1.178880640186179562e+03,9.308004435419571791e+02,-1.521780574330943381e+00
1.178884875024436269e+03,9.304221679804234100e+02,-1.536028445640550633e+00
1.178870878849216069e+03,9.300444117552007128e+02,-1.551968579871463749e+00
1.178895519930428236e+03,9.296413802956151358e+02,-1.568195034146553812e+00
1.178866700270514457e+03,9.292523195409964956e+02,-1.584066859840683517e+00
1.178859718884201811e+03,9.288770857871201088e+02,-1.599956463992987299e+00
1.178815863973241449e+03,9.285102328597489532e+02,-1.616570369782337258e+00
1.178763944459020195e+03,9.281372218183350924e+02,-1.634256921607231794e+00
1.178728962719313131e+03,9.277565444687953686e+02,-1.652122421290140197e+00
1.178662277335856061e+03,9.273864103531642513e+02,-1.669736696226921113e+00
1.178633830881515678e+03,9.270020589764662873e+02,-1.687731589804565058e+00
1.178563257820605031e+03,9.266375359754931651e+02,-1.705303969690072252e+00
1.178477579177950929e+03,9.262437611287938353e+02,-1.722959049539494636e+00
1.178412715114299544e+03,9.258790309001203696e+02,-1.739845798299953783e+00
1.178324161173581842e+03,9.254877981611095947e+02,-1.756667117895096997e+00
1.178223247764578446e+03,9.251086400280437374e+02,-1.773760826293764969e+00
1.178103213450169960e+03,9.247459140579568384e+02,-1.791160504840086931e+00
1.178016137827712100e+03,9.243821401075580297e+02,-1.807148569503038926e+00
1.177894427380271281e+03,9.239993926918912166e+02,-1.822370861035445433e+00
1.177795998129753343e+03,9.236455111425858604e+02,-1.837986268296017078e+00
1.177673161928272975e+03,9.232884489489814541e+02,-1.853120991205013279e+00
1.177507573557338901e+03,9.229266925221922975e+02,-1.869085281067916604e+00
1.177392242329036435e+03,9.225574549948413505e+02,-1.884221782959430769e+00
1.177281461105581229e+03,9.222244742285622578e+02,-1.900383378497369158e+00
1.177145684337746616e+03,9.218660389704712088e+02,-1.915506443009293402e+00
1.177002448322829878e+03,9.215071517540523018e+02,-1.930135467304499919e+00
1.176859504836368387e+03,9.211667298640045374e+02,-1.943898884303603580e+00
1.176713265740986344e+03,9.208297606014615440e+02,-1.957419229810877903e+00
1.176532951033040035e+03,9.204769610406871152e+02,-1.972893173143632328e+00
1.176365885842119269e+03,9.201485059651612346e+02,-1.987052487680033286e+00
1.176210660546771805e+03,9.198276738709483880e+02,-2.000725639013454682e+00
1.176013853250439524e+03,9.194908785258980970e+02,-2.014820097698852841e+00
1.175849133159935718e+03,9.191819734208863792e+02,-2.027746312196729406e+00
1.175693908985880626e+03,9.188527519701819983e+02,-2.041199359829662718e+00
1.175496705464056504e+03,9.185178455207636716e+02,-2.054854617246562043e+00
1.175294384685214027e+03,9.181981109643893433e+02,-2.067840598362612248e+00
1.175127711579163815e+03,9.178969843929647823e+02,-2.080519011188350476e+00
1.174930885871777036e+03,9.175625490327977332e+02,-2.092420134792422726e+00
1.174715584419508332e+03,9.172794627578680320e+02,-2.105092886588622481e+00
1.174553434596473608e+03,9.169719031603176518e+02,-2.117737282854230685e+00
1.174340092247602570e+03,9.166944970893364371e+02,-2.131164182837112619e+00
1.174147462946818905e+03,9.163645402222147140e+02,-2.145067841422858113e+00
1.173938390156734613e+03,9.160831521792907779e+02,-2.157995488475931811e+00
1.173738473880359834e+03,9.158171605207652419e+02,-2.170891948204956456e+00
1.173525913094968018e+03,9.155475438997472111e+02,-2.184600037276603679e+00
1.173310344373963289e+03,9.152801210208817793e+02,-2.197715885653841905e+00
1.173095748037452267e+03,9.150068538792397703e+02,-2.210399420333570841e+00
1.172895459535886630e+03,9.147565465884241576e+02,-2.223208304494622922e+00
1.172676026260593062e+03,9.144799062602959339e+02,-2.235355418663935723e+00
1.172451059787424811e+03,9.142183349628024871e+02,-2.246561945878207123e+00
1.172235614000989926e+03,9.139670278313708423e+02,-2.258389717706150268e+00
1.171995923393817520e+03,9.137022550654529596e+02,-2.271512282296704655e+00
1.171787091436104220e+03,9.134766698970739753e+02,-2.282140414273125195e+00
1.171565042792328313e+03,9.132365074766612452e+02,-2.291382071383718522e+00
1.171346222370526220e+03,9.130066814454813766e+02,-2.302425957380929589e+00
1.171125092075125167e+03,9.127641478919570091e+02,-2.313915350873684051e+00
1.170897939114637666e+03,9.125201498885478486e+02,-2.321526087334225608e+00
1.170675242416581114e+03,9.122923718662447072e+02,-2.328636505328094408e+00
1.170463310929013915e+03,9.120786880568065271e+02,-2.336944298397650943e+00
1.170256242914253107e+03,9.118799379479727349e+02,-2.343201337403475915e+00
1.170031327374264720e+03,9.116527605706323811e+02,-2.350628619293806842e+00
1.169794125771526296e+03,9.114382293219684925e+02,-2.354686897818405900e+00
1.169572438235280288e+03,9.112249837770758631e+02,-2.359272162505618997e+00
1.169355608445161579e+03,9.110218050759395965e+02,-2.363183658846902624e+00
1.169139105222286844e+03,9.108093822960016723e+02,-2.367465300074212298e+00
1.168929953759332875e+03,9.105915380325795923e+02,-2.371761921771268877e+00
1.168707757643165678e+03,9.103732067248648718e+02,-2.374226051395341042e+00
1.168499605145074156e+03,9.101565990846800105e+02,-2.377155398564282596e+00
1.168263808244738584e+03,9.099377805226208693e+02,-2.378594224651078726e+00
1.168047246841219021e+03,9.097374866706571765e+02,-2.381321313855291777e+00
1.167832300255897508e+03,9.095475278445773029e+02,-2.381109313378635850e+00
1.167610419633013180e+03,9.093459968527745332e+02,-2.382921399972209198e+00
1.167402420947270230e+03,9.091347976285046570e+02,-2.382580232819825117e+00
1.167182293041706089e+03,9.089207149599077411e+02,-2.380868491246143748e+00
1.166978744513164202e+03,9.087372280875849810e+02,-2.380886206001466832e+00
1.166745824235509190e+03,9.085006562742448750e+02,-2.381888826113180091e+00
1.166524511597999435e+03,9.082874728764500105e+02,-2.382488691200611797e+00
1.166322937970659041e+03,9.081114189439498432e+02,-2.382585525234505841e+00
1.166128884040301500e+03,9.079018782343447356e+02,-2.382703024753254795e+00
1.165898558024679460e+03,9.076963630176547895e+02,-2.382492747224115082e+00
1.165674864002370214e+03,9.074865404870544126e+02,-2.381772604892258727e+00
1.165473111149271745e+03,9.073025342571474994e+02,-2.381609738888500694e+00
1.165258716233594669e+03,9.070841052566797771e+02,-2.381688264481076622e+00
1.165047090237127804e+03,9.068624071458564231e+02,-2.381338467066401066e+00
1.164869512216349904e+03,9.066795593798118489e+02,-2.380610277208817127e+00
1.164669809126317659e+03,9.064905648240188611e+02,-2.379665462048399238e+00
1.164448926579414092e+03,9.062852836137024042e+02,-2.379341728510464549e+00
1.164226469104038415e+03,9.060708908662164731e+02,-2.378467400721052893e+00
1.164024281658676273e+03,9.058647761370737044e+02,-2.377228727624269844e+00
1.163837801507580707e+03,9.056685942359639512e+02,-2.376173789242580270e+00
1.163627682267994032e+03,9.054683267956870623e+02,-2.375564794825608228e+00
1.163416678357956016e+03,9.052775406014640112e+02,-2.374781473420887412e+00
1.163211208283843462e+03,9.050670329966883401e+02,-2.373329524478918540e+00
1.162991602823396761e+03,9.048568307909822579e+02,-2.372595308026912875e+00
1.162789383565658454e+03,9.046537156337043371e+02,-2.371408707073523026e+00
1.162601604540364406e+03,9.044522193271383230e+02,-2.370613929160448219e+00
1.162394304784208089e+03,9.042616313077302266e+02,-2.371337855745754286e+00
1.162192074101184517e+03,9.040653816221077932e+02,-2.369789890486884154e+00
1.161983323086181827e+03,9.038847254799352413e+02,-2.370046092607109411e+00
1.161781799588583226e+03,9.036824593935500616e+02,-2.369313715847994661e+00
1.161595012748454110e+03,9.034701640192168952e+02,-2.369463801543922887e+00
1.161398727268523317e+03,9.032795043640491031e+02,-2.368104380176178747e+00
1.161220243438531497e+03,9.031056340473470527e+02,-2.367938974036742916e+00
1.161022454819853465e+03,9.029141034601794900e+02,-2.366124233167556046e+00
1.160840400228579938e+03,9.027281149808474083e+02,-2.364381686227278845e+00
1.160660946000743479e+03,9.025381229327131223e+02,-2.359843571023259923e+00
1.160493219431514945e+03,9.023553689930621431e+02,-2.357507307577013211e+00
1.160300779309259269e+03,9.021534343755386089e+02,-2.353433067295376269e+00
1.160122780612807674e+03,9.019806783423324532e+02,-2.349567762455077258e+00
1.159947365812643511e+03,9.018156070409086169e+02,-2.345836105594052423e+00
1.159753999390379704e+03,9.016303000956480673e+02,-2.343773277223599294e+00
1.159575322660380607e+03,9.014468644375881468e+02,-2.339173330078643254e+00
1.159420753452985309e+03,9.012504020054969942e+02,-2.338848034625517158e+00
1.159248854044720701e+03,9.010420422932292013e+02,-2.336613369635395898e+00
1.159058063623955377e+03,9.008556981615071209e+02,-2.335949680722488431e+00
1.158921956180067582e+03,9.007031129952665651e+02,-2.337292910079508346e+00
1.158749171233966763e+03,9.005209448472699023e+02,-2.338628396807937548e+00
1.158574171437245013e+03,9.003684703789494961e+02,-2.338897963702369243e+00
1.158382520447790057e+03,9.001727228980676045e+02,-2.339617671272535393e+00
1.158197647240622246e+03,8.999968012327351516e+02,-2.339428175990119207e+00
1.158052326530154232e+03,8.998243972662227179e+02,-2.340937772827087926e+00
1.157889950304688682e+03,8.996599784049808477e+02,-2.341533054103869471e+00
1.157703500338554022e+03,8.994824268287715086e+02,-2.343014977684746203e+00
1.157544553608953947e+03,8.993159924695808058e+02,-2.344085240383894320e+00
1.157362818026865170e+03,8.991688190212112204e+02,-2.347406060183853338e+00
1.157175773537091345e+03,8.989467018983020807e+02,-2.349382815983313666e+00
1.157013497898608875e+03,8.987742957435917788e+02,-2.350590194168082903e+00
1.156823344563324554e+03,8.985587913002677851e+02,-2.352085332324601374e+00
1.156591995173556143e+03,8.983613054924043126e+02,-2.355525946854724939e+00
1.156416249169527646e+03,8.981797739348619416e+02,-2.357660423620886014e+00
1.156215127212662537e+03,8.979967382222514516e+02,-2.358600352105247655e+00
1.156023861067918460e+03,8.978105099169123378e+02,-2.359661818811294332e+00
1.155838313966789656e+03,8.975947049256540140e+02,-2.360810122637670982e+00
1.155614833722328058e+03,8.973705615500368822e+02,-2.361780698430747005e+00
1.155405775989106587e+03,8.971791001616583117e+02,-2.361463754245354707e+00
1.155187502362727400e+03,8.969745744090906783e+02,-2.363101651194883690e+00
1.154978645655829723e+03,8.967597073884312522e+02,-2.363719459814873858e+00
1.154762997713826053e+03,8.965220630820745100e+02,-2.364087823873265215e+00
1.154513954339410020e+03,8.963041171003034151e+02,-2.365136042706136088e+00
1.154295061759339887e+03,8.960939237838847475e+02,-2.367668784228419199e+00
1.154077738363166873e+03,8.958661621799194563e+02,-2.369013070560829437e+00
1.153840145113548715e+03,8.956412795720328859e+02,-2.371015607336545372e+00
1.153614173115790663e+03,8.954266136102359042e+02,-2.372761221757990757e+00
1.153379644857833455e+03,8.951799718667990646e+02,-2.374971376434737103e+00
1.153125718689325140e+03,8.949231685729920400e+02,-2.376752109034439453e+00
1.152872131292181621e+03,8.946988190014133124e+02,-2.379057253971390562e+00
1.152617858814798183e+03,8.944546696068498477e+02,-2.380951717210861851e+00
1.152336931317273866e+03,8.941981939282601388e+02,-2.383416855682915170e+00
1.152074721486262433e+03,8.939520622898292004e+02,-2.386303455817517349e+00
1.151808357547335845e+03,8.937318581965452040e+02,-2.388294392146990130e+00
1.151556612551497210e+03,8.934640263830906406e+02,-2.390646946359275660e+00
1.151281408316136094e+03,8.931891017335631204e+02,-2.392665356054742620e+00
1.151020693414986226e+03,8.929562146431162546e+02,-2.394886032612630888e+00
1.150722776498764915e+03,8.926844464695384431e+02,-2.397884167003630829e+00
1.150434640038624138e+03,8.924358383775513630e+02,-2.399437291936979300e+00
1.150150767564719217e+03,8.921608556119493869e+02,-2.401264800578135183e+00
1.149877166134156141e+03,8.919184188506294504e+02,-2.403020617576927975e+00
1.149569000492959958e+03,8.916440577162017007e+02,-2.405390331837165441e+00
1.149290604431325846e+03,8.913784344411219536e+02,-2.407646846434211341e+00
1.148969612622998056e+03,8.911052326441692912e+02,-2.410201917024827445e+00
1.148683728101673978e+03,8.908468247473870179e+02,-2.412798033344022208e+00
1.148383807933633534e+03,8.905856088433158675e+02,-2.414340497374500405e+00
1.148052258568563275e+03,8.903031197123040101e+02,-2.417020105896230397e+00
1.147765960166124842e+03,8.900381549272476605e+02,-2.418822461308693494e+00
1.147456729493828789e+03,8.897664543726926922e+02,-2.420580278366575300e+00
1.147139356857145685e+03,8.895124166625663520e+02,-2.421245283296327599e+00
1.146811468246780350e+03,8.892250179703444246e+02,-2.422580371109874342e+00
1.146483885431255658e+03,8.889192825897464445e+02,-2.424416551759811078e+00
1.146167594515135534e+03,8.886383998174673025e+02,-2.425413295130657954e+00
1.145822014369384078e+03,8.883481817282314523e+02,-2.427033836367026964e+00
1.145527266298300901e+03,8.880755702870003461e+02,-2.428279345706282566e+00
1.145178856826725678e+03,8.877986835872793563e+02,-2.428625141147325195e+00
1.144838397356191081e+03,8.874924391216505910e+02,-2.429566504177381958e+00
1.144515159423360728e+03,8.871984161262856787e+02,-2.430399792634307055e+00
1.144186002873747157e+03,8.868997666133665234e+02,-2.430908998917812092e+00
1.143852363971724117e+03,8.866133402527066210e+02,-2.431552324721290237e+00
1.143531393445068261e+03,8.863366621898937865e+02,-2.431616246021210070e+00
1.143181879675101072e+03,8.860372009178211101e+02,-2.430662567182959144e+00
1.142856184579296041e+03,8.857384051827192479e+02,-2.431146094910407118e+00
1.142492113416430811e+03,8.854220894299712654e+02,-2.432913116904343198e+00
1.142132539615908172e+03,8.851293221484615970e+02,-2.432942265994477271e+00
1.141755607051539755e+03,8.848180231922470966e+02,-2.432899903949643061e+00
1.141396466218552177e+03,8.845194199026740307e+02,-2.432591323096397140e+00
1.141043599191449857e+03,8.842044505753855219e+02,-2.432587588436629922e+00
1.140699918953531096e+03,8.838903209833164283e+02,-2.433360162721114772e+00
1.140337315792952040e+03,8.835685382301794561e+02,-2.432796672054269305e+00
1.139961165836630016e+03,8.832776064589221505e+02,-2.431192482218386797e+00
1.139606130888730149e+03,8.829838999680581537e+02,-2.430794662734645062e+00
1.139232401150580927e+03,8.826559777429484939e+02,-2.429343138239972166e+00
1.138895040917829647e+03,8.823260979737693788e+02,-2.428849622187715163e+00
1.138547260162470593e+03,8.820082484014678812e+02,-2.429911831303217973e+00
1.138165139381626886e+03,8.816705425137170096e+02,-2.429309548038389277e+00
1.137776581619253875e+03,8.813388762229244549e+02,-2.427689820210264138e+00
1.137402125280278369e+03,8.810134616190939596e+02,-2.426564143594416301e+00
1.137045840400901852e+03,8.806897480378311229e+02,-2.425685636840678949e+00
1.136673364887748676e+03,8.803457041648730410e+02,-2.424365261985892861e+00
1.136279417543463069e+03,8.800296647603715883e+02,-2.424737928884871163e+00
1.135901087889960081e+03,8.796874972330635956e+02,-2.424502817015876222e+00
1.135509470115922795e+03,8.793474668258313613e+02,-2.423178768556877305e+00
1.135090397118000283e+03,8.789688523994240086e+02,-2.422190227890269831e+00
1.134686514754242353e+03,8.786189091878968611e+02,-2.420917431612330084e+00
1.134305189896309685e+03,8.782720109112593718e+02,-2.419083543247542600e+00
1.133921563382062232e+03,8.779366407047560870e+02,-2.416552260618771708e+00
1.133513784562738692e+03,8.775801081321031916e+02,-2.413765779343467699e+00
1.133136667541955831e+03,8.772245368451024206e+02,-2.411309751896314690e+00
1.132765437504062220e+03,8.768655139190802856e+02,-2.406915144748823732e+00
1.132402123667841579e+03,8.765233292145298947e+02,-2.405566764568111804e+00
1.131999128443348127e+03,8.761647770816723551e+02,-2.403236625851521868e+00
1.131611794504051431e+03,8.758089103581654626e+02,-2.401332537709061743e+00
1.131269519294610973e+03,8.754830876463472578e+02,-2.400045573081633243e+00
1.130888942772707878e+03,8.751301503273325579e+02,-2.398166449635128927e+00
1.130522864203997415e+03,8.747639393541218169e+02,-2.396995769126292863e+00
1.130149444979635291e+03,8.744141593945203113e+02,-2.395496682341169414e+00
1.129797768653519597e+03,8.740903967979376148e+02,-2.394520607147096580e+00
1.129431449939578215e+03,8.737418626220463693e+02,-2.392109886839398403e+00
1.129055966889656020e+03,8.733881245765120411e+02,-2.391443561489929426e+00
1.128690499205254810e+03,8.730602924669879030e+02,-2.390910367895240363e+00
1.128323350481321540e+03,8.726815855178266474e+02,-2.389410932452270764e+00
1.127981441559986251e+03,8.723589622593091235e+02,-2.388472697517215249e+00
1.127617671094903244e+03,8.720143297238029163e+02,-2.388865418403641971e+00
1.127216454067698805e+03,8.716520812460504430e+02,-2.387152822078274284e+00
1.126875360808756568e+03,8.713193121290668159e+02,-2.386278350222497124e+00
1.126507303411445491e+03,8.709511245675330429e+02,-2.385355604828303999e+00
1.126167061862427772e+03,8.706117244866580904e+02,-2.384483846888498348e+00
1.125791982372594248e+03,8.702639169808165889e+02,-2.383754129302006142e+00
1.125425752890512285e+03,8.699109699605678543e+02,-2.382844411373599147e+00
1.125075385171674498e+03,8.695725003517526375e+02,-2.382438246860328235e+00
1.124698057460070459e+03,8.692242089054570897e+02,-2.381699175620437980e+00
1.124360956235165077e+03,8.689097924573629825e+02,-2.380712510552979388e+00
1.124019274495396530e+03,8.685645525390062858e+02,-2.380146353996658082e+00
1.123692731956467014e+03,8.682347740719170588e+02,-2.379376351442095583e+00
1.123324367401067320e+03,8.678854460784757521e+02,-2.378576004865388782e+00
1.122972482308802228e+03,8.675269009220396583e+02,-2.377949647578795123e+00
1.122596516934175725e+03,8.671762054960121304e+02,-2.376318216736339473e+00
1.122257646370499742e+03,8.668344448365708104e+02,-2.375225042078337179e+00
1.121895221884726880e+03,8.664991110747973835e+02,-2.374822303677933899e+00
1.121550334112964265e+03,8.661534695338904157e+02,-2.372529964787073897e+00
1.121213165956676903e+03,8.658499521131963093e+02,-2.370755926208762521e+00
1.120869728044517615e+03,8.654868958701985093e+02,-2.369710465021340084e+00
1.120502498796238569e+03,8.651114173423263765e+02,-2.367706380147432732e+00
1.120185365349996573e+03,8.648057130455376864e+02,-2.365724540234488416e+00
1.119833501481902204e+03,8.644594164249739379e+02,-2.363646671254419296e+00
1.119491827858500983e+03,8.641339739837217166e+02,-2.360499372106515725e+00
1.119167694832987763e+03,8.638053071570740258e+02,-2.357617988695936084e+00
1.118792890873834494e+03,8.634097972737312148e+02,-2.355916593041209151e+00
1.118457869847904476e+03,8.630588611573592743e+02,-2.353234405252696781e+00
1.118153806120725903e+03,8.627232244864572976e+02,-2.350085517296252480e+00
1.117819095238919317e+03,8.623744669066198867e+02,-2.347147660518334789e+00
1.117471173168498581e+03,8.620266903065198676e+02,-2.343462444555213242e+00
1.117107376145177568e+03,8.616679984960529737e+02,-2.340131359986025394e+00
1.116807470026880537e+03,8.613160817196313701e+02,-2.335330879660367565e+00
1.116449903699043944e+03,8.609644472378748787e+02,-2.332879642983008761e+00
1.116169956593777215e+03,8.606249711381520910e+02,-2.328204824383993898e+00
1.115818123273776564e+03,8.602280029340234933e+02,-2.324313641543310105e+00
1.115498386794223734e+03,8.599179747758715848e+02,-2.321177418719253982e+00
1.115202709701126423e+03,8.595573256143458138e+02,-2.317388735312772674e+00
1.114874785901426549e+03,8.591994630753744104e+02,-2.312876141626148740e+00
1.114568157577194143e+03,8.588562527255918440e+02,-2.309768043480294075e+00
1.114278289908836086e+03,8.585066294893858867e+02,-2.306016037974748745e+00
1.113950914065304460e+03,8.581454006051859551e+02,-2.301909353603224684e+00
1.113637100338934488e+03,8.577944988305355309e+02,-2.298268248630420008e+00
1.113311829438774339e+03,8.574376156310166834e+02,-2.294478987648566282e+00
1.113016838993818737e+03,8.570813005130523834e+02,-2.291423830087397029e+00
1.112727018874804344e+03,8.567388856273216788e+02,-2.287470451956393092e+00
1.112420843521343158e+03,8.563871751877346696e+02,-2.283954031542209773e+00
1.112119931999936171e+03,8.560133830946632543e+02,-2.280433316435154456e+00
1.111842312334264079e+03,8.556680647194882567e+02,-2.277212443097933914e+00
1.111525067934953086e+03,8.552925479198232779e+02,-2.273828855692943574e+00
1.111228410096032349e+03,8.549397991454239900e+02,-2.271515091004979947e+00
1.110940419985750850e+03,8.545818692002879970e+02,-2.268486587240345020e+00
1.110626384755828667e+03,8.542195042491583763e+02,-2.266017449361515279e+00
1.110326316070191524e+03,8.538602589508911933e+02,-2.262743640090012054e+00
1.110059143929837319e+03,8.534951678799814090e+02,-2.260801243074801903e+00
1.109769657296023070e+03,8.531363701693026087e+02,-2.257226117785382513e+00
1.109496127375548667e+03,8.527806557545901569e+02,-2.254496348768166403e+00
1.109187540402289642e+03,8.524109407749139109e+02,-2.251492925227001063e+00
1.108904885027204273e+03,8.520184158718794833e+02,-2.248821123429502578e+00
1.108621803302607532e+03,8.516729233151748986e+02,-2.246466121422347140e+00
1.108332823869105823e+03,8.512899077256188320e+02,-2.243293661234764258e+00
1.108062166587370029e+03,8.509396457089588921e+02,-2.240710987536789656e+00
1.107765837927577650e+03,8.505504711030253020e+02,-2.236463332220921973e+00
1.107500422786720492e+03,8.502178635001090470e+02,-2.234865995759292456e+00
1.107224576667340898e+03,8.498680650475455423e+02,-2.232466120717966351e+00
1.106951720218149831e+03,8.494996761709969633e+02,-2.229181292807665749e+00
1.106655334983901639e+03,8.490994982467660748e+02,-2.226419435487515752e+00
1.106383254229532668e+03,8.487298069587621967e+02,-2.223497827083853906e+00
1.106096476971312086e+03,8.483522815105753807e+02,-2.221012004255033645e+00
1.105820368858399888e+03,8.479791061559338914e+02,-2.218436006802086080e+00
1.105562222284213249e+03,8.476106143405187368e+02,-2.215571361782843418e+00
1.105290896839347397e+03,8.472368383369191633e+02,-2.212579106497049697e+00
1.105012030429255447e+03,8.468690554738209357e+02,-2.211379992536248729e+00
1.104743086725036392e+03,8.464939662374637237e+02,-2.208721492202108561e+00
1.104474909741933288e+03,8.461191349516691389e+02,-2.206407695102450717e+00
1.104217303561988729e+03,8.457313356643206816e+02,-2.204609931468573869e+00
1.103924784275861839e+03,8.453550434530130815e+02,-2.202691373439925382e+00
1.103629474898635408e+03,8.449865830854154183e+02,-2.201672437496771106e+00
1.103369670433593683e+03,8.446230873035885907e+02,-2.199645729181260556e+00
1.103087490639730049e+03,8.442308987665909399e+02,-2.198310614962794229e+00
1.102819763033125128e+03,8.438305306151580680e+02,-2.196771074745281105e+00
1.102563652706045332e+03,8.434497949077978092e+02,-2.195344283412371311e+00
1.102286727986259621e+03,8.430786727462963199e+02,-2.194128443706045317e+00
1.102030832401852877e+03,8.426901497472497340e+02,-2.193565673530979421e+00
1.101773577280337577e+03,8.423372203285036903e+02,-2.194254320301355587e+00
1.101496715813563242e+03,8.419463191034998317e+02,-2.193570665770129935e+00
1.101232225830728339e+03,8.415768373974893848e+02,-2.193464579432259587e+00
1.100951943031282326e+03,8.411979797023949459e+02,-2.193222939295499163e+00
1.100654878214546898e+03,8.407995099630051072e+02,-2.193190994289980100e+00
1.100381181330186564e+03,8.404072412297414303e+02,-2.193559057046891247e+00
1.100106482908930275e+03,8.400272277095235722e+02,-2.192913831335922659e+00
1.099825906392679371e+03,8.396486294363985508e+02,-2.192879337939309004e+00
1.099565877775773288e+03,8.392811551724082619e+02,-2.193546011475035584e+00
1.099298077866774747e+03,8.388874560921998409e+02,-2.192949150123449709e+00
1.099024404964545056e+03,8.384967932521011562e+02,-2.193387237222462094e+00
1.098758630985589889e+03,8.381133874843524154e+02,-2.192819728796644441e+00
1.098481985769763014e+03,8.377316512231469687e+02,-2.192843607550639007e+00
1.098231527557331901e+03,8.373450014765348897e+02,-2.192594704514096104e+00
1.097942746421282891e+03,8.369486626776138110e+02,-2.193106151127174552e+00
1.097668759816204101e+03,8.365616688159086607e+02,-2.192980814895270303e+00
1.097396318283988649e+03,8.361522091670575492e+02,-2.191942402539607482e+00
1.097119446191096813e+03,8.357724655014528707e+02,-2.192646093886323477e+00
1.096859812175653815e+03,8.353785397381697067e+02,-2.191732870495491703e+00
1.096584564343572993e+03,8.350085652134196152e+02,-2.191644219471548638e+00
1.096323225754098303e+03,8.346391529128264892e+02,-2.192127229947634870e+00
1.096041071634753962e+03,8.342519683564185016e+02,-2.192163306803591727e+00
1.095768105403445816e+03,8.338503700671723209e+02,-2.192549180002038245e+00
1.095506782762336343e+03,8.334719455396096919e+02,-2.191476431644522993e+00
1.095219175444953635e+03,8.330848035179502631e+02,-2.191892134506616241e+00
1.094938496869404844e+03,8.327115587837951125e+02,-2.191390887525132225e+00
1.094673880827464473e+03,8.323254326946816946e+02,-2.192321737831805617e+00
1.094392491130359531e+03,8.319282352809108261e+02,-2.191393111889358369e+00
1.094111614888077156e+03,8.315385229120997792e+02,-2.191792298661797034e+00
1.093854997915148942e+03,8.311632139441798017e+02,-2.192017555358047431e+00
1.093580684384293363e+03,8.307564300012159038e+02,-2.192578431890042090e+00
1.093296458129204439e+03,8.303656838092845192e+02,-2.192726513130946131e+00
1.093010914199494664e+03,8.299649121073581455e+02,-2.194673222775138210e+00
1.092738647444721437e+03,8.295682543567822904e+02,-2.195841921427255539e+00
1.092456257747854124e+03,8.291771652039225273e+02,-2.197386075145957296e+00
1.092189575345085814e+03,8.288058818587098813e+02,-2.198285323827890991e+00
1.091916591811766466e+03,8.284333312330152239e+02,-2.200252374813857159e+00
1.091650116905735331e+03,8.280460101368081496e+02,-2.201270794825624044e+00
1.091351290795830437e+03,8.276246081803989227e+02,-2.204022979009156114e+00
1.091096808829976453e+03,8.272485741525619005e+02,-2.205203593932518746e+00
1.090800599535780975e+03,8.268675855153496741e+02,-2.206610884718703147e+00
1.090513045175070602e+03,8.264924335887978941e+02,-2.209139809030853385e+00
1.090228436915825341e+03,8.261161355232683263e+02,-2.211914917550143134e+00
1.089933675513070511e+03,8.257124581753588473e+02,-2.212758436920729377e+00
1.089649010687109921e+03,8.253342486059453904e+02,-2.215431071929397255e+00
1.089371088233991031e+03,8.249572535185029665e+02,-2.218454312823698427e+00
1.089068355049432739e+03,8.245408771015561342e+02,-2.221476517583950372e+00
1.088788386847739730e+03,8.241929310802692044e+02,-2.225104304643156450e+00
1.088492183744720251e+03,8.238039273759313801e+02,-2.228408844067282679e+00
1.088203317247511904e+03,8.234191939965982101e+02,-2.230950028649469008e+00
1.087919651714168367e+03,8.230217017121782419e+02,-2.234422425966329673e+00
1.087613275043796648e+03,8.226488038331236794e+02,-2.237614352568200182e+00
1.087316555629822460e+03,8.222607866994271717e+02,-2.240188101839503787e+00
1.087023351015885055e+03,8.218815657371956149e+02,-2.243802195711066982e+00
1.086721124306068077e+03,8.215074747530533159e+02,-2.247210213166095816e+00
1.086401937984496954e+03,8.211043737936114439e+02,-2.250071632053459503e+00
1.086098088286640404e+03,8.207357971486453607e+02,-2.254425082007751158e+00
1.085805717414266610e+03,8.203564039004545521e+02,-2.256904835742939763e+00
1.085485229378498161e+03,8.199879321498324316e+02,-2.259951325149465617e+00
1.085153092834045992e+03,8.195992465853720432e+02,-2.265024865615740346e+00
1.084850571581143186e+03,8.192467252740792674e+02,-2.268214162536585476e+00
1.084534030600530969e+03,8.188900165673038600e+02,-2.272176939469157997e+00
1.084214053134355026e+03,8.185213264611296609e+02,-2.276077181546202421e+00
1.083891867664458459e+03,8.181664576543788598e+02,-2.278801176531494388e+00
1.083562424308396658e+03,8.177833072097486138e+02,-2.282747723649497296e+00
1.083245346415926861e+03,8.174285980549367423e+02,-2.286232217306728653e+00
1.082943810259784641e+03,8.170599848090191699e+02,-2.289913799034058783e+00
1.082631366002093728e+03,8.167025509745674299e+02,-2.293436441892594768e+00
1.082307973913793148e+03,8.163493818972962117e+02,-2.296078472030607998e+00
1.081985694307576750e+03,8.159751667834511863e+02,-2.299804884033199937e+00
1.081643476769422932e+03,8.156140688625936264e+02,-2.302600813719398953e+00
1.081313191356710604e+03,8.152295173969963571e+02,-2.304832245085042253e+00
1.080972477801937202e+03,8.148716485214486056e+02,-2.307124066714482780e+00
1.080646693762897712e+03,8.145321574965230411e+02,-2.309509609893805493e+00
1.080312790384349000e+03,8.141678250926033797e+02,-2.310943123308386138e+00
1.079974205214533413e+03,8.138177999168888164e+02,-2.311154070754131151e+00
1.079641851727006269e+03,8.134622855456266279e+02,-2.312518850839375251e+00
1.079314035960548381e+03,8.130839788057367059e+02,-2.312445799264418511e+00
1.078980868559402097e+03,8.127101615162757753e+02,-2.313802524563284280e+00
1.078671764730973564e+03,8.123410721073754530e+02,-2.314046983405811719e+00
1.078360834097999486e+03,8.119764103975131775e+02,-2.313975576210252960e+00
1.078046185014264211e+03,8.116071507916045675e+02,-2.313950469362465512e+00
1.077720232378542505e+03,8.112400862972715458e+02,-2.315729019436350899e+00
1.077371929372808836e+03,8.108836783980322025e+02,-2.314885734950951957e+00
1.077033470682719553e+03,8.104897212263572328e+02,-2.315557523454225830e+00
1.076695551813539851e+03,8.101188702963303285e+02,-2.316847741869966448e+00
1.076389610108769830e+03,8.097609602406864724e+02,-2.318759075974296202e+00
1.076058090931165452e+03,8.093981642936848857e+02,-2.319671078442532508e+00
1.075723841344160292e+03,8.090635709502956843e+02,-2.321378508238062910e+00
1.075382575207887157e+03,8.087102656082192880e+02,-2.322975469060211573e+00
1.075031579415549231e+03,8.083502431714421164e+02,-2.324727109155302784e+00
1.074694295799559768e+03,8.080034278363618796e+02,-2.325232134759913194e+00
1.074366957749273752e+03,8.076259315707902715e+02,-2.326432406348408310e+00
1.074017600056957008e+03,8.072599394357778237e+02,-2.327577653510346956e+00
1.073673432986435728e+03,8.068836721515873478e+02,-2.330197714064286441e+00
1.073333019069654028e+03,8.065265850757317594e+02,-2.330359827154824703e+00
1.073003700250507563e+03,8.061697505768014480e+02,-2.332098208481823143e+00
1.072657099500413551e+03,8.058160377072688334e+02,-2.333336777467643675e+00
1.072322778791385645e+03,8.054632115916643897e+02,-2.335093549388217671e+00
1.071960588363556326e+03,8.051134518529751176e+02,-2.337355947715669569e+00
1.071648207293219912e+03,8.047383303098825991e+02,-2.338263748493431660e+00
1.071304808444118407e+03,8.043864152909335417e+02,-2.339803990405880274e+00
1.070962768499133290e+03,8.040292267731074389e+02,-2.340913724890548053e+00
1.070624868235388476e+03,8.036563454027664193e+02,-2.342532205270665635e+00
1.070277691013290223e+03,8.032996411145899174e+02,-2.344850196399225428e+00
1.069925803238210392e+03,8.029364887901169823e+02,-2.346296290581071808e+00
1.069579472228957002e+03,8.025881469232826930e+02,-2.348870606858816767e+00
1.069247013327332525e+03,8.022645187014751400e+02,-2.351078312722721719e+00
1.068914989409455302e+03,8.019309253624306848e+02,-2.354041920693494383e+00
1.068543701881517563e+03,8.015852173925272837e+02,-2.356113619287271810e+00
1.068203424428971175e+03,8.012466347510164724e+02,-2.358875000202519612e+00
1.067875772145129986e+03,8.008949520216735891e+02,-2.361256474776423087e+00
1.067537798234547836e+03,8.005459861460443562e+02,-2.363236819637967834e+00
1.067168918667864318e+03,8.001989598205252605e+02,-2.366549080930870019e+00
1.066801911965303134e+03,7.998774557855189187e+02,-2.370519061446863418e+00
1.066442872014922841e+03,7.995426082758926896e+02,-2.373202698475714190e+00
1.066125857821780528e+03,7.991769944591228523e+02,-2.375290007355704169e+00
1.065771692617892313e+03,7.988568201310041559e+02,-2.378767713691203767e+00
1.065422926419752685e+03,7.985151502280920113e+02,-2.381144636803986803e+00
1.065059734123207591e+03,7.981985840794443448e+02,-2.384631382892290041e+00
1.064671676824526003e+03,7.978313622345120848e+02,-2.388649949453069521e+00
1.064326050251185734e+03,7.975221993765625257e+02,-2.392216992944426135e+00
1.063958685904254708e+03,7.972075713229911571e+02,-2.396431886105566456e+00
1.063607560323237067e+03,7.968660669863397743e+02,-2.400430976760488111e+00
1.063236895845111576e+03,7.965370934409670554e+02,-2.403788101362094753e+00
1.062879755306519201e+03,7.962428253067884043e+02,-2.409262756023891061e+00
1.062504664957461728e+03,7.959138087432564816e+02,-2.413008436915673460e+00
1.062145250938927575e+03,7.955677442326027631e+02,-2.417231996315821085e+00
1.061764998076598886e+03,7.952470456146935476e+02,-2.421692199886152252e+00
1.061386877709696364e+03,7.949015097839779855e+02,-2.425512296144805902e+00
1.061029017264190998e+03,7.945739042663092278e+02,-2.430076139489186549e+00
1.060661640872704538e+03,7.942419161730622363e+02,-2.434147076588608627e+00
1.060268685433583641e+03,7.938987223386207006e+02,-2.437840981367156878e+00
1.059870885516440694e+03,7.936075133071028631e+02,-2.442849434830020261e+00
1.059505990859450321e+03,7.933077164021342469e+02,-2.448981489062652450e+00
1.059140671707231832e+03,7.929966381628844374e+02,-2.452676475256062361e+00
1.058736804576448549e+03,7.926728116574865908e+02,-2.457516879601588933e+00
1.058339386341688851e+03,7.923121586868021495e+02,-2.462352996940369021e+00
1.057954698210467996e+03,7.919929296380275900e+02,-2.466838189827273986e+00
1.057554333914661129e+03,7.916927805747297953e+02,-2.472422082091492612e+00
1.057157218470880480e+03,7.913949920818865849e+02,-2.478149058507669089e+00
1.056733797716278104e+03,7.910718345774633917e+02,-2.482708307011237903e+00
1.056331323224326752e+03,7.907785229349276506e+02,-2.487121514387500287e+00
1.055920740854877749e+03,7.904361351804486731e+02,-2.491844643777115120e+00
1.055511526233118957e+03,7.901214640943555878e+02,-2.498042525479379883e+00
1.055109544240223158e+03,7.898279368006636787e+02,-2.502135808476896095e+00
1.054710648988706225e+03,7.895294664732093679e+02,-2.508117076229149589e+00
1.054277414652432981e+03,7.892294579421027265e+02,-2.513320125782209313e+00
1.053854203585256300e+03,7.889332890029395458e+02,-2.518731408672020056e+00
1.053428544001769524e+03,7.886431867255247425e+02,-2.522928322038664017e+00
1.052987246607126735e+03,7.883446632763829029e+02,-2.527782038883943816e+00
1.052585185774975798e+03,7.880572944974051097e+02,-2.534478090694631369e+00
1.052151566430111643e+03,7.877507490995540138e+02,-2.538766513663153201e+00
1.051740718628419927e+03,7.874723988468368816e+02,-2.544782689121311670e+00
1.051300352286975567e+03,7.871983658455759496e+02,-2.549396646511795428e+00
1.050876881215634057e+03,7.869162638612973524e+02,-2.554209387614747584e+00
1.050432875813630972e+03,7.866284023247475261e+02,-2.560395143154192699e+00
1.050009652799591777e+03,7.863479937188591293e+02,-2.565626158170120075e+00
1.049579817927851309e+03,7.860680732893030154e+02,-2.570519804533745400e+00
1.049133686590958860e+03,7.857630697327382450e+02,-2.574909068507283294e+00
1.048701346330223942e+03,7.855082116254360471e+02,-2.581404577189114757e+00
1.048246060684019085e+03,7.852338485876798586e+02,-2.585872231815515843e+00
1.047823001705620300e+03,7.849304845514518547e+02,-2.590539409451865449e+00
1.047390366915198683e+03,7.846640092266196689e+02,-2.595480333469504686e+00
1.046959940674749987e+03,7.844369691743769408e+02,-2.601757648095365028e+00
1.046515655523416626e+03,7.841749052732679957e+02,-2.607756816757465845e+00
1.046073233997093439e+03,7.839218422574863325e+02,-2.612609396063544587e+00
1.045654715675347688e+03,7.836768275086047879e+02,-2.618893581274538196e+00
1.045208828140337118e+03,7.833969823643509471e+02,-2.624638078554399900e+00
1.044779179393042568e+03,7.831972931626042964e+02,-2.631190030308328875e+00
1.044323266999612997e+03,7.829163909786637987e+02,-2.633607344804246519e+00
1.043885774742050671e+03,7.827099154581185303e+02,-2.640472564560158553e+00
1.043447503838844341e+03,7.824761647255962771e+02,-2.646370513481329567e+00
1.042985974039289658e+03,7.822575634407405687e+02,-2.651567743154413126e+00
1.042537612292293488e+03,7.820402606394661689e+02,-2.655000655649946584e+00
1.042121258092619655e+03,7.818288356632692739e+02,-2.661161744354948233e+00
1.041683385680363472e+03,7.816282148102465044e+02,-2.665309797515001744e+00
1.041253446730563383e+03,7.814251855961176716e+02,-2.671028567672966592e+00
1.040807138511165249e+03,7.811918859627839993e+02,-2.676002735167296365e+00
1.040358451834926655e+03,7.809688448478253804e+02,-2.679809420149761756e+00
1.039922409514998208e+03,7.807409682844900090e+02,-2.683608043072004623e+00
1.039476252775505827e+03,7.804996830137743018e+02,-2.687718328966235415e+00
1.039020334365916369e+03,7.802826154128817961e+02,-2.692802485989150618e+00
1.038571084823205865e+03,7.800741343334013891e+02,-2.697247221405028039e+00
1.038101473886372787e+03,7.798589511499682203e+02,-2.703063454384141195e+00
1.037647117534513200e+03,7.796338679500255466e+02,-2.707424040340244975e+00
1.037223431846472067e+03,7.794095358738659343e+02,-2.712249567465614408e+00
1.036765978041306880e+03,7.792143824933830274e+02,-2.716242736104726774e+00
1.036331716990738869e+03,7.790214800914136504e+02,-2.721777439649228469e+00
1.035864467906158325e+03,7.788136951364663219e+02,-2.725843336623315238e+00
1.035377280562419401e+03,7.786038587718765029e+02,-2.730638343938746271e+00
1.034940271947509018e+03,7.784087193161976757e+02,-2.736013053882379698e+00
1.034468912480490644e+03,7.782059282782089440e+02,-2.741032727917413592e+00
1.034010466119631246e+03,7.780203310550914466e+02,-2.746516111303939134e+00
1.033544859148121532e+03,7.778448676839035443e+02,-2.751182903876713048e+00
1.033087674487893082e+03,7.776559712083413842e+02,-2.755363920205221806e+00
1.032575149927676648e+03,7.774439769813374141e+02,-2.759665007567616346e+00
1.032116732065958786e+03,7.772545840775234183e+02,-2.762992810979986391e+00
1.031620985145806799e+03,7.770750949588212961e+02,-2.765679847521056889e+00
1.031128534850382721e+03,7.768688152509170095e+02,-2.766715642154826682e+00
1.030659679356641163e+03,7.766476482746434158e+02,-2.768698462140350980e+00
1.030165931584004056e+03,7.764420955771767012e+02,-2.768811653000622375e+00
1.029661880156694224e+03,7.762697770417422589e+02,-2.770118033331071317e+00
1.029166606214049125e+03,7.760871049140312152e+02,-2.770784954044695159e+00
1.028679892793141789e+03,7.758951611990327137e+02,-2.771251029777176633e+00
1.028209898716645966e+03,7.757192681829579897e+02,-2.771140144953546436e+00
1.027733818370884137e+03,7.754908002379445406e+02,-2.771426747561821724e+00
1.027241342803324414e+03,7.753072005811974350e+02,-2.772077258181736337e+00
1.026720903147728450e+03,7.751328228595200471e+02,-2.773739403603857845e+00
1.026249245148773753e+03,7.749112902183403548e+02,-2.773080498457778376e+00
1.025757777558063481e+03,7.747450123059901443e+02,-2.773917536809092255e+00
1.025286169906700707e+03,7.745285341668778756e+02,-2.772181886264703632e+00
1.024757221646561220e+03,7.743337955215903321e+02,-2.771702932969816402e+00
1.024267140580873729e+03,7.741430283520419380e+02,-2.770723102206753108e+00
1.023765959144631779e+03,7.739452702324448410e+02,-2.770860868656459530e+00
1.023290682779370854e+03,7.737317980382345013e+02,-2.769857259105259484e+00
1.022765036290494891e+03,7.735329420978251846e+02,-2.769477216044671675e+00
1.022280597056731722e+03,7.733458635527372280e+02,-2.768428923221874616e+00
1.021761730716842635e+03,7.731534093063644377e+02,-2.767901297830174023e+00
1.021253568725510263e+03,7.729491305675394415e+02,-2.767136390417521685e+00
1.020736761513068359e+03,7.727495597010693018e+02,-2.766280562996168424e+00
1.020245846701673372e+03,7.725408436652127193e+02,-2.765797603990034492e+00
1.019738328190403877e+03,7.723489225320373635e+02,-2.765788422291945547e+00
1.019243802685154719e+03,7.721045415079423719e+02,-2.762733527585344184e+00
1.018747117138960334e+03,7.719328863058265142e+02,-2.764740336282642374e+00
1.018252015917695758e+03,7.717236180703065429e+02,-2.762561317855068754e+00
1.017775409059242747e+03,7.715564516283092189e+02,-2.763545902637632778e+00
1.017257026269523521e+03,7.713310610854960032e+02,-2.762484584273767307e+00
1.016755655179817381e+03,7.711520849612456914e+02,-2.762577267183504048e+00
1.016282116298865390e+03,7.709418504075449619e+02,-2.761686152243782555e+00
1.015780909403651776e+03,7.707247123228742112e+02,-2.761963147929872964e+00
1.015302990847590308e+03,7.705336293260625098e+02,-2.762136880615763790e+00
1.014794803795722714e+03,7.703296465621905327e+02,-2.761027809131037181e+00
1.014294715952637716e+03,7.701384206371078562e+02,-2.760884246058732838e+00
1.013789897594013155e+03,7.699433363346951182e+02,-2.760666252138179733e+00
1.013298239304946492e+03,7.697217036722450985e+02,-2.760145585725629847e+00
1.012824023575518936e+03,7.695264405618721639e+02,-2.759248439386191354e+00
1.012349940853179078e+03,7.693486667119195772e+02,-2.760762555747616087e+00
1.011858247518917210e+03,7.691400095663562979e+02,-2.758636255609197008e+00
1.011402225398180690e+03,7.689518017285994347e+02,-2.759375617997137375e+00
1.010916827504623143e+03,7.687585504785143939e+02,-2.758483577967971279e+00
1.010444688475710450e+03,7.685732776748897095e+02,-2.758231794716242025e+00
1.009976600734896920e+03,7.683713310502479317e+02,-2.757788071359924320e+00
1.009502785362991517e+03,7.681613746046525648e+02,-2.755976892225229236e+00
1.009018211390686020e+03,7.679695314041141501e+02,-2.757355026916825214e+00
1.008526994246419235e+03,7.677752112846604859e+02,-2.757183445775361452e+00
1.008037475908204328e+03,7.675808800635859370e+02,-2.756123065548452544e+00
1.007587853061380883e+03,7.673731924788095284e+02,-2.755036444434980414e+00
1.007123090803179366e+03,7.671732298264330439e+02,-2.754935541124403198e+00
1.006638819893861523e+03,7.669883450852737496e+02,-2.754814800208880143e+00
1.006155336997149448e+03,7.667920930687815826e+02,-2.754571096111029682e+00
1.005692177358540789e+03,7.665906120133748800e+02,-2.753855927311563700e+00
1.005214698389212117e+03,7.663847998175766634e+02,-2.753192159383703430e+00
1.004775933838700098e+03,7.661974352518867590e+02,-2.754406686916354818e+00
1.004311287513656907e+03,7.660017922983853396e+02,-2.753964535681413306e+00
1.003860042591175670e+03,7.658152749218834288e+02,-2.753236786799669655e+00
1.003362244652641834e+03,7.655996587553786412e+02,-2.752596139084063864e+00
1.002906291835988327e+03,7.653998605762293437e+02,-2.751685376307742015e+00
1.002444237718289742e+03,7.652360121879969483e+02,-2.750422408110771766e+00
1.001953090502414057e+03,7.650124627220933462e+02,-2.747729018198662221e+00
1.001521584548475289e+03,7.648062332641003422e+02,-2.746998727021972897e+00
1.001051461351363514e+03,7.646189166323144946e+02,-2.744065285979342850e+00
1.000586596254123947e+03,7.644142638883655536e+02,-2.741603198908179273e+00
1.000130508935226771e+03,7.642377604539227605e+02,-2.738122284119253624e+00
9.996707686078373172e+02,7.640091959980920819e+02,-2.734371530697989439e+00
9.991932202152056561e+02,7.638153061851014627e+02,-2.729817097558457473e+00
9.987280598124864355e+02,7.635671738713782588e+02,-2.722539787599863370e+00
9.982899175688220339e+02,7.633761428978452841e+02,-2.718654464064671039e+00
9.978534156891988687e+02,7.631702123755148932e+02,-2.713771017791481555e+00
9.974023005397100405e+02,7.629881145530099502e+02,-2.708246055788025686e+00
9.969483546857270539e+02,7.627533887422822545e+02,-2.701586401161186757e+00
9.964988724586561375e+02,7.625035403697509082e+02,-2.695202093157257117e+00
9.960843541136824797e+02,7.623044973199457672e+02,-2.688224065328348900e+00
9.956501470645149539e+02,7.620684088083770575e+02,-2.681872565219995508e+00
9.952117092141490957e+02,7.618489835994796522e+02,-2.675662557095099370e+00
9.947541104821802946e+02,7.616397955143869467e+02,-2.672037173023580348e+00
9.943277471972463673e+02,7.613955559433195504e+02,-2.665907972768398082e+00
9.938698346992019879e+02,7.611315104798968605e+02,-2.659045352676281393e+00
9.934414789768497940e+02,7.608937571160470270e+02,-2.654085000664857308e+00
9.930190819058659599e+02,7.606697136343852890e+02,-2.649021337479059657e+00
9.926031905919199971e+02,7.604273459237925863e+02,-2.645512315844351647e+00
9.921898675583515796e+02,7.601680843291532028e+02,-2.640938261193613190e+00
9.917295637708232334e+02,7.599299843702434600e+02,-2.636978588352006714e+00
9.912917565548854100e+02,7.596915747331663624e+02,-2.634334754870460760e+00
9.908470820698081525e+02,7.594448584743837500e+02,-2.630587734846708159e+00
9.904184919876120148e+02,7.591814597758095715e+02,-2.626748992770134628e+00
9.900528165022611802e+02,7.589513687687041283e+02,-2.625770711610125208e+00
9.896031205953902372e+02,7.586893016080978214e+02,-2.623415977171454472e+00
9.891458125899771403e+02,7.584116286980922723e+02,-2.620610832522251687e+00
9.887556324981559328e+02,7.581984739893634924e+02,-2.620188391230283464e+00
9.883285277704151213e+02,7.579448871201572047e+02,-2.620914471102621324e+00
9.878968042537088650e+02,7.576768072336705018e+02,-2.619689131324541620e+00
9.874624857370107520e+02,7.574103981915482109e+02,-2.619097751067755997e+00
9.870180780014852644e+02,7.571727708508362866e+02,-2.617875288223491470e+00
9.866202444773862226e+02,7.569358651376701346e+02,-2.618288127307224933e+00
9.861878567889260694e+02,7.566693974137594978e+02,-2.618192116313285300e+00
9.857587213138471043e+02,7.564221172154233273e+02,-2.617630809938462200e+00
9.853497179168009552e+02,7.561937029918462940e+02,-2.618807642960450988e+00
9.849122565744615940e+02,7.559200516731248172e+02,-2.617222334566846609e+00
9.845180411388824950e+02,7.556892512662838044e+02,-2.617346856969092528e+00
9.841053477283817301e+02,7.554512872192835857e+02,-2.617625722615842587e+00
9.836592720119203932e+02,7.551997814624455714e+02,-2.616897832615305397e+00
9.832425297947977469e+02,7.549489486376756986e+02,-2.615373510063984774e+00
9.828292734415022096e+02,7.546952463667645361e+02,-2.614682991862517625e+00
9.824116957136890278e+02,7.544382816143614718e+02,-2.613303984312390860e+00
9.819880311780847251e+02,7.542161107295646616e+02,-2.611561830743904356e+00
9.815765881043305399e+02,7.539450871363004580e+02,-2.609446191942198734e+00
9.811703025947904280e+02,7.536957840706243132e+02,-2.608093946865750024e+00
9.807552460756959363e+02,7.534385939203609723e+02,-2.604578560281573640e+00
9.803468224256490657e+02,7.531871983290781145e+02,-2.603522260694687063e+00
9.799290793898304628e+02,7.529284552639010144e+02,-2.600838870003792103e+00
9.795226149076661386e+02,7.526760624683699916e+02,-2.597497706589375621e+00
9.791275935873969729e+02,7.524271459458495883e+02,-2.595765826936363041e+00
9.787223606579015041e+02,7.521767740153036357e+02,-2.591202347842411768e+00
9.783315949985087627e+02,7.519133117661459664e+02,-2.589412397472840688e+00
9.779241269601411659e+02,7.516541252284905568e+02,-2.585889709810055503e+00
9.775339077455141705e+02,7.514064086986259099e+02,-2.583256483445087515e+00
9.771284849046473937e+02,7.511430280165193381e+02,-2.578403656964581181e+00
9.767366526045254886e+02,7.508786432927410033e+02,-2.575289321291177824e+00
9.763639547111185948e+02,7.506435241106261174e+02,-2.572055275507204808e+00
9.759459869929627303e+02,7.503619335338992187e+02,-2.566702167725887218e+00
9.755953849719217033e+02,7.501235833253573446e+02,-2.562753214684489578e+00
9.751989640804378041e+02,7.498588321031015766e+02,-2.557982644745581347e+00
9.747572274005544841e+02,7.495549135000836714e+02,-2.553030228622196418e+00
9.744001901206702314e+02,7.493082448443788053e+02,-2.547566427475750128e+00
9.740150750792055305e+02,7.490516416347871882e+02,-2.542695955857381396e+00
9.736164380529625078e+02,7.487542326339048486e+02,-2.536741603345054497e+00
9.732852480051011526e+02,7.484973518637665393e+02,-2.531194252290582369e+00
9.729032679373274277e+02,7.482214641860153961e+02,-2.524053784205589679e+00
9.725348692036792499e+02,7.479554151041343175e+02,-2.517879949883918833e+00
9.721564436177205835e+02,7.476711039169088053e+02,-2.512104836735418179e+00
9.717581534915734665e+02,7.473707180336626834e+02,-2.505496256255855592e+00
9.713876096627003562e+02,7.470824334979023433e+02,-2.498337088863795241e+00
9.710175209348348062e+02,7.467968303329272430e+02,-2.491713170472553696e+00
9.706736433899059193e+02,7.465138555525352331e+02,-2.484622806014685548e+00
9.702962269752601969e+02,7.462203216688275234e+02,-2.478017756939172145e+00
9.699496684635327028e+02,7.459176749009302512e+02,-2.470856629623604750e+00
9.695915991176291300e+02,7.455908607707183364e+02,-2.464161754080849587e+00
9.692326520819967755e+02,7.453149158788231716e+02,-2.456932079767922605e+00
9.688726293560443992e+02,7.450155249848475023e+02,-2.451228804675157580e+00
9.685077168420135649e+02,7.446833964257951948e+02,-2.444100872287613413e+00
9.681445160316392275e+02,7.443712938325184041e+02,-2.438783775717346725e+00
9.677971973168955628e+02,7.440912593233625785e+02,-2.433794212470203888e+00
9.674345791623725290e+02,7.437606219619973444e+02,-2.428231135332584500e+00
9.671188242979367260e+02,7.434756242678050739e+02,-2.422570830085974958e+00
9.667380479704726213e+02,7.431442551610439295e+02,-2.417757779082732039e+00
9.663924918540595854e+02,7.428282014123448107e+02,-2.412516290766694826e+00
9.660785964431638604e+02,7.424856780030310119e+02,-2.405105778747520073e+00
9.656875388747951092e+02,7.421172307598710631e+02,-2.399089167710890536e+00
9.653110726673204454e+02,7.417688467762596929e+02,-2.394177897947288081e+00
9.649701341723983887e+02,7.414657510631968762e+02,-2.390612309814598824e+00
9.645998537305046057e+02,7.411297271884867541e+02,-2.386757327705358200e+00
9.642528340561229925e+02,7.407666949554723033e+02,-2.381798138595009995e+00
9.638825165013191736e+02,7.404231262883699856e+02,-2.377814902983459433e+00
9.635647896206702399e+02,7.401044450021091734e+02,-2.376132814590726117e+00
9.632265856212272865e+02,7.397657962294924801e+02,-2.371919745070542263e+00
9.628797293614479713e+02,7.394050796613099692e+02,-2.368430053256268319e+00
9.625298152176827671e+02,7.390578557854491919e+02,-2.364052503822548168e+00
9.621892607408622098e+02,7.387434785532287833e+02,-2.360204909534306950e+00
9.618410267442304757e+02,7.383748713736049467e+02,-2.358397166998641215e+00
9.614949431032263192e+02,7.379828710601021839e+02,-2.353495275627709216e+00
9.611619056583477914e+02,7.376460818169028926e+02,-2.351289904869297676e+00
9.608000760095820851e+02,7.372618725616021038e+02,-2.349201349979865405e+00
9.604897681481361360e+02,7.369402555064010585e+02,-2.346384113331689392e+00
9.601582950891104247e+02,7.365946332494811486e+02,-2.343924032714607364e+00
9.598396857446516606e+02,7.362776603243213458e+02,-2.340054953758287315e+00
9.594898068580065456e+02,7.358750764020876431e+02,-2.336193730250732958e+00
9.591273798039292160e+02,7.354828755081638292e+02,-2.333393294817038832e+00
9.587871197106433101e+02,7.351399929470765073e+02,-2.330514327191505863e+00
9.584482168260250319e+02,7.347536539232696668e+02,-2.326219914618204321e+00
9.581372456255601264e+02,7.344120101037445920e+02,-2.321973569608083654e+00
9.577683195494938673e+02,7.340135931808649730e+02,-2.317561021513661057e+00
9.574277653571399469e+02,7.336639462582716078e+02,-2.312080651299527112e+00
9.570644223586562021e+02,7.332646374934762434e+02,-2.305389113054097994e+00
9.567784680310282965e+02,7.329368273882720359e+02,-2.298661161043749068e+00
9.564198272975309010e+02,7.325055956498059686e+02,-2.289996853207634242e+00
9.560822224104680345e+02,7.321440118443732672e+02,-2.283616255954134200e+00
9.557490095464681872e+02,7.317543624303881415e+02,-2.277796448990576206e+00
9.554345800008542255e+02,7.313523665168070238e+02,-2.269694372975336272e+00
9.551578263238172894e+02,7.309648320992502022e+02,-2.262857637472915240e+00
9.548361489234632700e+02,7.305794046974709772e+02,-2.257637504555381813e+00
9.545413437446421767e+02,7.301598312619504441e+02,-2.250526481985767546e+00
9.542164627595303728e+02,7.297566684216068325e+02,-2.243198268488472369e+00
9.539002647138332804e+02,7.293441295859039428e+02,-2.236649675354466016e+00
9.536142133916860075e+02,7.289586656383061154e+02,-2.230078761878464988e+00
9.532688747071812259e+02,7.285211483690343357e+02,-2.224318882219533666e+00
9.529748895298179150e+02,7.280839507830611410e+02,-2.218318690448136010e+00
9.527019500823361113e+02,7.276769841413922677e+02,-2.212821807406070374e+00
9.524154836237943300e+02,7.272779665216252170e+02,-2.207000048930206848e+00
9.521036977119205176e+02,7.268506791880320179e+02,-2.201603452643814407e+00
9.517841683866508902e+02,7.263998105010387007e+02,-2.198285532013193322e+00
9.514968274494555089e+02,7.259780349752611528e+02,-2.195947354108386484e+00
9.511996518688414426e+02,7.255652786578597215e+02,-2.194590923828955820e+00
9.509282737281324671e+02,7.251534453833102134e+02,-2.193861327426833707e+00
9.506039512851560858e+02,7.247262376496597653e+02,-2.195033864585950845e+00
9.502746252550076633e+02,7.242622150095368170e+02,-2.196015258629608891e+00
9.500276736010935110e+02,7.238955407120889731e+02,-2.196822432047074614e+00
9.497085471176544615e+02,7.234659131198295654e+02,-2.197848394657775373e+00
9.494120053842055995e+02,7.230427635437638401e+02,-2.199198335658802517e+00
9.490808134191738645e+02,7.226020719126604490e+02,-2.201514251155813007e+00
9.487978253690815791e+02,7.221742934010497947e+02,-2.203245355154540341e+00
9.485074984686679045e+02,7.217349009180467192e+02,-2.206917930047671561e+00
9.481857402611245789e+02,7.212851444468283262e+02,-2.211352120187436654e+00
9.478931328506840828e+02,7.209002994534185973e+02,-2.217288117138079606e+00
9.475604754334333393e+02,7.204478384888243454e+02,-2.221770577558194848e+00
9.472273366703932425e+02,7.200258534836971194e+02,-2.228336353722077501e+00
9.469049826673527832e+02,7.196335493376025170e+02,-2.233274888772426081e+00
9.465898938910518154e+02,7.192104421401327272e+02,-2.238847622284791505e+00
9.462238356926216056e+02,7.187842458762714841e+02,-2.244929861684125338e+00
9.458999473571105909e+02,7.183697021191943577e+02,-2.248683433594854453e+00
9.455379485187837645e+02,7.179578363870582507e+02,-2.256676048865239093e+00
9.452347746131750910e+02,7.175801403795784381e+02,-2.260705155130340760e+00
9.448674829326328108e+02,7.171398690759419878e+02,-2.266310586040551467e+00
9.445750511373632889e+02,7.167579912627222711e+02,-2.269636240825414486e+00
9.442192927479487707e+02,7.163412093173317317e+02,-2.274773296618482377e+00
9.438857495201469874e+02,7.159443106472683667e+02,-2.279871477124574941e+00
9.435571580216384291e+02,7.155377047750388328e+02,-2.283944524707962387e+00
9.432095393372466106e+02,7.151268589200426504e+02,-2.287630888931097672e+00
9.428727967554564202e+02,7.147007036750566158e+02,-2.292525839125234999e+00
9.424570191876366607e+02,7.142744791830904205e+02,-2.295610246255630482e+00
9.421331519162127961e+02,7.139126312150235663e+02,-2.298450407343826996e+00
9.417877362889264532e+02,7.135189410671637233e+02,-2.299086710591242255e+00
9.414120818122663650e+02,7.131190076071169415e+02,-2.299122872626916170e+00
9.410605321669268051e+02,7.127195346325219134e+02,-2.301011108007149808e+00
9.407185956023257631e+02,7.123211851602875413e+02,-2.302986316763995678e+00
9.403469065593899359e+02,7.118984618971193186e+02,-2.304769752902616098e+00
9.400023098603079461e+02,7.114910259225363234e+02,-2.304543116885600540e+00
9.396349265792930510e+02,7.110806968569489754e+02,-2.303533774668443890e+00
9.393128754434820848e+02,7.107239552365272175e+02,-2.302245875242688200e+00
9.389501614290902580e+02,7.102986852464564436e+02,-2.303697711917603641e+00
9.386080108339916706e+02,7.098826502584128093e+02,-2.305850310137039116e+00
9.382584387868862450e+02,7.095252875453442130e+02,-2.305250407621180830e+00
9.378940246021518305e+02,7.090799119889514941e+02,-2.306412389608660796e+00
9.375400576052429642e+02,7.086943842888770178e+02,-2.305761650779693639e+00
9.371903523347677947e+02,7.082982685205678308e+02,-2.305362039515727712e+00
9.368243384844787442e+02,7.079038548933264110e+02,-2.304406133734946405e+00
9.365027157275102354e+02,7.075391884059821450e+02,-2.305128258567451294e+00
9.361455656396374252e+02,7.071142027787784627e+02,-2.304141623559869512e+00
9.357939859632357411e+02,7.067418998537383459e+02,-2.303564924337431208e+00
9.354321095604275342e+02,7.063095513198437629e+02,-2.305308833158219439e+00
9.350583136487421143e+02,7.059186127244632871e+02,-2.304483063934104070e+00
9.346843026345887893e+02,7.055084617643018419e+02,-2.304341704684486736e+00
9.343636158751293124e+02,7.051235596548730200e+02,-2.304554925725046388e+00
9.340136816916663065e+02,7.047341063521956812e+02,-2.303264393723163383e+00
9.336284513063061468e+02,7.042957301320424222e+02,-2.303880819755252940e+00
9.332819138929436349e+02,7.039112076533243680e+02,-2.304308935158205340e+00
9.329504993072155230e+02,7.034934797995648523e+02,-2.304437258426848434e+00
9.325855078128560081e+02,7.031101474083944822e+02,-2.302428064833871968e+00
9.322460247441298407e+02,7.027097062134376984e+02,-2.303591174588878410e+00
9.318912720811463259e+02,7.022988898581596686e+02,-2.303374978901692405e+00
9.315060800897592799e+02,7.019093736531798413e+02,-2.304186334720577989e+00
9.311744744916786658e+02,7.015079413442972509e+02,-2.303084770932130709e+00
9.308006234089848476e+02,7.011069658445578625e+02,-2.304243819160443074e+00
9.304334230141485023e+02,7.006987605844923337e+02,-2.303253885784770194e+00
9.300629944365113033e+02,7.002691466964733991e+02,-2.301818182125962675e+00
9.297177312385175583e+02,6.998956273989781494e+02,-2.301852807010107860e+00
9.293561768605021598e+02,6.994688237574193863e+02,-2.302135564753461150e+00
9.289873669466398951e+02,6.990566901135371154e+02,-2.301523443408468150e+00
9.286252349354557509e+02,6.986248553781928194e+02,-2.301996994851470468e+00
9.282859258870369104e+02,6.982279491124809283e+02,-2.301605847150463013e+00
9.279257262932972026e+02,6.978258457960779424e+02,-2.302843288352084183e+00
9.275760519744447947e+02,6.974153969806526447e+02,-2.302024346781323505e+00
9.271901054290998445e+02,6.970047705922131627e+02,-2.302306748714461282e+00
9.268239543042894866e+02,6.965811329909274718e+02,-2.302177715750927334e+00
9.264911149037313862e+02,6.961986196108268814e+02,-2.302365761461664384e+00
9.261199329416857609e+02,6.957818278121618505e+02,-2.302918930506097972e+00
9.257615267647909150e+02,6.953479487219741486e+02,-2.303235949403454441e+00
9.253939788138166023e+02,6.949700403059152904e+02,-2.303016738289505483e+00
9.250433470273226249e+02,6.945607691841562428e+02,-2.303601170277341126e+00
9.246826353845042377e+02,6.941644321541692761e+02,-2.303361398858802200e+00
9.243235040609540647e+02,6.937465119340578212e+02,-2.303849775127262856e+00
9.239694256905030443e+02,6.933707996914132536e+02,-2.305346360414489482e+00
9.236065250134677171e+02,6.929916638368167696e+02,-2.304722249020427327e+00
9.232492529035783946e+02,6.925907290042447357e+02,-2.304263883694527504e+00
9.228892893195400120e+02,6.921695331394615778e+02,-2.305557482984494921e+00
9.225304340979932931e+02,6.917576373094237852e+02,-2.305087136429860628e+00
9.221755759627058069e+02,6.913810345498063725e+02,-2.304672543651161920e+00
9.218071890013914071e+02,6.909569781689912134e+02,-2.305194061898700131e+00
9.214684543614438326e+02,6.905481081524719684e+02,-2.305398544178340003e+00
9.211213953209426109e+02,6.901558532352097473e+02,-2.305026655877066677e+00
9.207655169237286827e+02,6.897179727409693442e+02,-2.305346599868423496e+00
9.203975329231533351e+02,6.893090929615259483e+02,-2.305970042119591223e+00
9.200179713015608058e+02,6.888779952299008755e+02,-2.306314789481536565e+00
9.196853366610833973e+02,6.885122155842681195e+02,-2.306525588560449869e+00
9.193332182584664451e+02,6.880832160486623934e+02,-2.307796715403223509e+00
9.189878014104326667e+02,6.876604283117056866e+02,-2.307978304326208097e+00
9.186021926049695594e+02,6.872752879450800947e+02,-2.307914267230325223e+00
9.182145705732202714e+02,6.868686640691191769e+02,-2.308462763664104411e+00
9.178748998455081392e+02,6.864688171984557812e+02,-2.307774266415084430e+00
9.175101449594862970e+02,6.860800282971491697e+02,-2.308380640296332498e+00
9.171486349907222575e+02,6.856498750604533825e+02,-2.308602040863158678e+00
9.167839186932357052e+02,6.852880356243816777e+02,-2.307737777563835024e+00
9.164175922659644584e+02,6.848841104009890159e+02,-2.308208693723401872e+00
9.160418990628169240e+02,6.844654507414356885e+02,-2.308411653560417776e+00
9.156865688257238389e+02,6.840628888568550110e+02,-2.308785173541228808e+00
9.153350018829279406e+02,6.836394676026196748e+02,-2.308485236192094892e+00
9.150048977159262904e+02,6.832434103970513206e+02,-2.308567436067630041e+00
9.146440205523148279e+02,6.828169909570087839e+02,-2.308066175044503066e+00
9.142910241584577307e+02,6.824236575466428576e+02,-2.308583079920416559e+00
9.139435442995717267e+02,6.820060755376515544e+02,-2.308736730989486841e+00
9.135807513247133329e+02,6.816123193834525864e+02,-2.308538799878534942e+00
9.132207648691177155e+02,6.812441451994332056e+02,-2.308928578582418289e+00
9.128408405721405643e+02,6.808201937998924222e+02,-2.309305917329194102e+00
9.124754357025158242e+02,6.804520845988154178e+02,-2.309790498132881176e+00
9.121167387809929323e+02,6.800385133274612599e+02,-2.311548645910161515e+00
9.117663446614202485e+02,6.796718757736636007e+02,-2.312477114853244142e+00
9.114326129748229732e+02,6.792666616854871791e+02,-2.314582600645968657e+00
9.110359616585013782e+02,6.788990250463795064e+02,-2.315546183297937155e+00
9.106711181262813852e+02,6.785157227683869223e+02,-2.316168609389195332e+00
9.103013685373830413e+02,6.781079593325212045e+02,-2.317936495249024453e+00
9.099387887553371002e+02,6.777212305944045738e+02,-2.318149002996257479e+00
9.095828650562141320e+02,6.773158487864467361e+02,-2.319451195003080723e+00
9.092026666475668435e+02,6.769247358052608661e+02,-2.320975676351059391e+00
9.088495612820005363e+02,6.765127326314770926e+02,-2.322021053923911005e+00
9.084681408789710986e+02,6.761320143987975371e+02,-2.324428427915432138e+00
9.080949556946228540e+02,6.757530008596002062e+02,-2.325564882941463907e+00
9.077262372281697935e+02,6.753597020482702646e+02,-2.326547653071093791e+00
9.073772739039895896e+02,6.749631521806271621e+02,-2.327004090429909855e+00
9.069918969330809659e+02,6.745822845510132311e+02,-2.327334943560358305e+00
9.066057311528426226e+02,6.741932325709929046e+02,-2.328238898323402584e+00
9.062459089650043325e+02,6.737918079777797402e+02,-2.329939299690124255e+00
9.058763516091413521e+02,6.734043179219149806e+02,-2.328549512555010637e+00
9.055054096755943647e+02,6.730235777453864330e+02,-2.329662392095142476e+00
9.051270907984728638e+02,6.726183726332315018e+02,-2.329845349791346720e+00
9.047649130504020150e+02,6.722380190472177901e+02,-2.330636657232155962e+00
9.044181054802146491e+02,6.718349590038004635e+02,-2.331724234133574658e+00
9.040460227524994252e+02,6.714292746631001592e+02,-2.333295458502652409e+00
9.036829644047272723e+02,6.710620836383869801e+02,-2.333407210565020318e+00
9.033137612044561138e+02,6.706550616854890450e+02,-2.334826282718855950e+00
9.029195561842823281e+02,6.702502586708325225e+02,-2.334416223748694730e+00
9.025428848896876843e+02,6.698567826127228955e+02,-2.333517683324762615e+00
9.021483936500555956e+02,6.694538184925431779e+02,-2.334901183356007159e+00
9.017946276654904523e+02,6.690644075827206052e+02,-2.335525925519351897e+00
9.014278287297180441e+02,6.686521733205531746e+02,-2.335953745364123701e+00
9.010526537018729414e+02,6.682584014528275702e+02,-2.336467123330320028e+00
9.006528648771097778e+02,6.678721790471776103e+02,-2.336613067853146486e+00
9.002792098011711914e+02,6.674694950516330891e+02,-2.337599228053998335e+00
8.998828036069218115e+02,6.670621116795316539e+02,-2.337417821933514883e+00
8.994961117163552444e+02,6.666481581180319154e+02,-2.337304158187993863e+00
8.991299915220801040e+02,6.662603508071081251e+02,-2.337528409987854605e+00
8.987316880965435075e+02,6.658499124557355344e+02,-2.337295447829618844e+00
8.983638437962862326e+02,6.654496830441621569e+02,-2.337373845924175075e+00
8.979804925586016680e+02,6.650317444926981807e+02,-2.337527187543273044e+00
8.976216107234021138e+02,6.646654490663811430e+02,-2.338557914044808062e+00
8.972200766355714450e+02,6.642284162913539376e+02,-2.337812911073159583e+00
8.968221749822938591e+02,6.638176385603003382e+02,-2.338050096902644537e+00
8.964381537941811757e+02,6.634183202226362255e+02,-2.337915276177318535e+00
8.960716638515663135e+02,6.630093824602482755e+02,-2.338533977456384250e+00
8.956983347355213709e+02,6.625996657381548403e+02,-2.339287524826157760e+00
8.952765636782487491e+02,6.621707799108406789e+02,-2.338974876093292021e+00
8.948729845914183443e+02,6.617724046716887187e+02,-2.338718570023282872e+00
8.944901716998574557e+02,6.613627055871369294e+02,-2.338861889249243653e+00
8.940863122861793499e+02,6.609334905758817058e+02,-2.338808382668362551e+00
8.937185026455716752e+02,6.605541109452864248e+02,-2.337977371586589914e+00
8.933270558788852895e+02,6.601184055025154294e+02,-2.338120514878098799e+00
8.929633687095370078e+02,6.597278753256175605e+02,-2.338946616434843584e+00
8.925703270598534118e+02,6.593249125071087064e+02,-2.339095693558409295e+00
8.921798471968412514e+02,6.589011204812175038e+02,-2.338589068360378942e+00
8.917994362937802180e+02,6.585062446052197629e+02,-2.339242017190413581e+00
8.914179399457239015e+02,6.581070307840205942e+02,-2.338627323225412891e+00
8.910031504888477230e+02,6.577006528621435564e+02,-2.338131982821638477e+00
8.905818222002519633e+02,6.572625850494905535e+02,-2.338030818095294450e+00
8.901798082129807881e+02,6.568422881738712249e+02,-2.337625506518748786e+00
8.897622334769205281e+02,6.564143513700670383e+02,-2.335260496847195277e+00
8.894024030704414372e+02,6.560174371484401945e+02,-2.334577138833061394e+00
8.889943879328207004e+02,6.555950892631360603e+02,-2.331718905141912490e+00
8.886063294431655777e+02,6.551849281691420401e+02,-2.329531694911042727e+00
8.882296170630432925e+02,6.547734981834653354e+02,-2.327052012290800054e+00
8.878221701501469170e+02,6.542939905742136943e+02,-2.323843956593016458e+00
8.873852811654146535e+02,6.538879100851556814e+02,-2.319124439802261683e+00
8.870424064395699588e+02,6.534853552846317370e+02,-2.318150608242866006e+00
8.866227680026880762e+02,6.530325858553377429e+02,-2.314758067190221702e+00
8.862416131017693033e+02,6.526186367358142206e+02,-2.311640837418307726e+00
8.858681295654084806e+02,6.521885306215727951e+02,-2.308787760589213089e+00
8.854854584076891797e+02,6.517319926369544874e+02,-2.306399765298901006e+00
8.850793934876181766e+02,6.513057204622898553e+02,-2.303383395956115631e+00
8.847143667275792041e+02,6.508860702281571093e+02,-2.301272182237476649e+00
8.843348923383797455e+02,6.504578883163230785e+02,-2.298078680908042681e+00
8.839563987012222697e+02,6.499995036448057135e+02,-2.296928672433215191e+00
8.835919741429976284e+02,6.495752990661219428e+02,-2.294578974333773669e+00
8.832022913821438124e+02,6.491328584137619373e+02,-2.292928573593989050e+00
8.828571289190268772e+02,6.487145464108302804e+02,-2.291120254526786582e+00
8.824588764045985272e+02,6.482490515045076336e+02,-2.289441066081653986e+00
8.820976444337544535e+02,6.478430375236787313e+02,-2.287470608683261020e+00
8.817184085923508974e+02,6.474030165171345743e+02,-2.286195991307486519e+00
8.813477234242861869e+02,6.469493442014381799e+02,-2.285320499998706900e+00
8.809814948924918099e+02,6.465170821185057548e+02,-2.284203530028550144e+00
8.806069037050945099e+02,6.460847132198090321e+02,-2.282303793939261638e+00
8.802623016007182741e+02,6.456733916161547313e+02,-2.281621145511311344e+00
8.798917828645413692e+02,6.452205149975889071e+02,-2.280655316816208700e+00
8.795098664223817195e+02,6.447705349348013897e+02,-2.280325784556639590e+00
8.791781145187267157e+02,6.443734053041359857e+02,-2.279385259339208769e+00
8.788229359195239567e+02,6.439536988319443935e+02,-2.278680551835095880e+00
8.784371112947939082e+02,6.434927963975798093e+02,-2.277574975420602499e+00
8.780698040863901497e+02,6.430602358218239942e+02,-2.278323857820747644e+00
8.776980517967492688e+02,6.426274316580623918e+02,-2.277929651814481815e+00
8.773608644012905415e+02,6.422201694696946106e+02,-2.278281961212609286e+00
8.770056021678175284e+02,6.417996103710761417e+02,-2.278328102109000497e+00
8.766412303790541500e+02,6.413684729783149123e+02,-2.278488373733648764e+00
8.762789208292249441e+02,6.409488180222477922e+02,-2.276964906075169548e+00
8.759453919028921973e+02,6.405577325312706307e+02,-2.277015366437064259e+00
8.755928871869031127e+02,6.401493370986819400e+02,-2.277713038945651469e+00
8.752059447360403510e+02,6.397046220243418020e+02,-2.277866841652011143e+00
8.748554765142145015e+02,6.392616998988335126e+02,-2.279633727870020277e+00
8.745256270202269206e+02,6.388511880610712979e+02,-2.279527161008057412e+00
8.741833356187611344e+02,6.384482355059631118e+02,-2.281198271303549685e+00
8.738204052787452838e+02,6.379970224699302435e+02,-2.282602562003966717e+00
8.734629511216031688e+02,6.375828169885692205e+02,-2.284270748334773060e+00
8.731132278172320866e+02,6.371971290558487908e+02,-2.287440498381725362e+00
8.727488233924607357e+02,6.367782879310307180e+02,-2.288617563123448218e+00
8.724088675031289313e+02,6.363840622641305345e+02,-2.290368500066183977e+00
8.720740527899872632e+02,6.359999402831990665e+02,-2.291504383163512237e+00
8.717207949843462984e+02,6.355853814685283396e+02,-2.292405522852144717e+00
8.713829152148628054e+02,6.352123847009615929e+02,-2.292521678668263174e+00
8.710329383283743709e+02,6.348117896673661562e+02,-2.292830592208811247e+00
8.707035292605127097e+02,6.344067677609024258e+02,-2.292880650372835838e+00
8.703732011064370226e+02,6.340317862641439888e+02,-2.292708736819176085e+00
8.700550093207631335e+02,6.336584465571606870e+02,-2.293042158911402062e+00
8.697163407665010482e+02,6.332834135433747633e+02,-2.294790685725374590e+00
8.693763523525589108e+02,6.328908994679636635e+02,-2.296163053176483171e+00
8.690290644688350312e+02,6.325251053672285479e+02,-2.298197143394742348e+00
8.686935826264912066e+02,6.321563665720226481e+02,-2.300937815958829624e+00
8.683587385407870443e+02,6.317770231550887274e+02,-2.303657328026128326e+00
8.680398367641095092e+02,6.314173765214256946e+02,-2.305800957592496481e+00
8.677134136678779441e+02,6.310532780242477884e+02,-2.308760352871914279e+00
8.673859406278404549e+02,6.306890289695126057e+02,-2.310983114663420768e+00
8.670604383427953508e+02,6.303288151160039661e+02,-2.313781637834171345e+00
8.667306695169079376e+02,6.299645380928037639e+02,-2.316215841955379773e+00
8.664081640945082654e+02,6.296236517507510371e+02,-2.319480681490376561e+00
8.660622028691876721e+02,6.292648658156364263e+02,-2.322814166320169349e+00
8.657327356586974929e+02,6.289194236103146523e+02,-2.324987461239940600e+00
8.654155535538396862e+02,6.285872062184216702e+02,-2.328063715696234492e+00
8.650781102942436291e+02,6.282592794757765660e+02,-2.330465425921699918e+00
8.647433100955813643e+02,6.278764731015160123e+02,-2.331280216353760260e+00
8.644146550140948193e+02,6.275303202447015565e+02,-2.332049354738382263e+00
8.640691915238635374e+02,6.271791350890322292e+02,-2.333390166561482459e+00
8.637391749161038206e+02,6.268025960117788600e+02,-2.335224082332932216e+00
8.634406016879828485e+02,6.264695935057543466e+02,-2.334785659392294654e+00
8.630937005950150933e+02,6.261189382145037143e+02,-2.336563701729481135e+00
8.627509590221164899e+02,6.257678906626669004e+02,-2.337666979423723923e+00
8.624118003927501377e+02,6.254249349839101342e+02,-2.338972117011147489e+00
8.620756113527273783e+02,6.250575039939957378e+02,-2.340454176008246900e+00
8.617481568571290609e+02,6.247194894816969963e+02,-2.342004850224274293e+00
8.613817350628407894e+02,6.243671097000145664e+02,-2.344168340450069721e+00
8.610318029677786171e+02,6.240012922748090887e+02,-2.345646062762340112e+00
8.606880868871577377e+02,6.236439790365143381e+02,-2.347723186243590998e+00
8.603555197824543939e+02,6.233132892047750602e+02,-2.349862404819434314e+00
8.599925002538208219e+02,6.229449349763034434e+02,-2.351725211055033515e+00
8.596385350886188235e+02,6.225992347653536854e+02,-2.355274540950429429e+00
8.592669973445250662e+02,6.222347968268256864e+02,-2.358427122223530681e+00
8.589339341341084264e+02,6.218757386332613351e+02,-2.361275765800803228e+00
8.585568716503055384e+02,6.215108284211469254e+02,-2.363424821695383038e+00
8.581972547050762614e+02,6.211592210753119616e+02,-2.366469341219988198e+00
8.578394915748548328e+02,6.208079461870760269e+02,-2.369623048738710658e+00
8.574678802704139571e+02,6.204434325020134793e+02,-2.373154781102563948e+00
8.571241051509795170e+02,6.201020873799596984e+02,-2.376167742024436702e+00
8.567331507491899174e+02,6.197263272521569206e+02,-2.378497292007642372e+00
8.563541252134025399e+02,6.193632357006304119e+02,-2.380633564111023670e+00
8.559645588372775364e+02,6.190063081568802090e+02,-2.383520130695520933e+00
8.555896442101607136e+02,6.186597354861195299e+02,-2.386028544574514854e+00
8.552257822997588619e+02,6.183080740701101377e+02,-2.387270399150156486e+00
8.548360238184320679e+02,6.179399182316305996e+02,-2.389112224261137118e+00
8.544445850510534228e+02,6.175785961999209803e+02,-2.390675437672009629e+00
8.540659338366244810e+02,6.172184315005330291e+02,-2.391067540107493450e+00
8.536746124378304330e+02,6.168595151837292860e+02,-2.391034086548775139e+00
8.532896995029551590e+02,6.165121661262788848e+02,-2.392340433276344491e+00
8.529067923092625279e+02,6.161474055701321504e+02,-2.392397344617686716e+00
8.525120797975918094e+02,6.157835065857510699e+02,-2.393011813680634425e+00
8.521189905679251524e+02,6.153985793753236067e+02,-2.392943050750547140e+00
8.517346058872273034e+02,6.150434606798588675e+02,-2.392998446281005442e+00
8.513454828799738152e+02,6.146781725964152656e+02,-2.393187923941959561e+00
8.509585196484489416e+02,6.143237673256032849e+02,-2.393613213697809439e+00
8.505752351841250629e+02,6.139528735470950096e+02,-2.393000075730863596e+00
8.501921060848940215e+02,6.135956303724390182e+02,-2.393315687154708105e+00
8.497828175392484127e+02,6.132189302158079727e+02,-2.392597335884677712e+00
8.493994758049805114e+02,6.128338428759213912e+02,-2.391539780787328873e+00
8.490042853849993207e+02,6.124818098230617807e+02,-2.390813488099930773e+00
8.486111129694293140e+02,6.120945611287786505e+02,-2.389342939118809905e+00
8.482206275939051920e+02,6.117376336704857067e+02,-2.388547360938993780e+00
8.478157912082268695e+02,6.113478949758236922e+02,-2.386332871503179298e+00
8.474334124412049505e+02,6.109716361100059885e+02,-2.384513882733222623e+00
8.470112850056596017e+02,6.105616813572781894e+02,-2.381588943872116282e+00
8.466511282594635759e+02,6.101757885787503710e+02,-2.378872253501376655e+00
8.462872430536006050e+02,6.097909520389376894e+02,-2.377061349656486744e+00
8.459097770385150170e+02,6.094426540218454420e+02,-2.375392620305209590e+00
8.455285655190349416e+02,6.090606679518526789e+02,-2.373984593386966324e+00
8.451280226301772700e+02,6.086777254339365300e+02,-2.371304879009213273e+00
8.447445485804524878e+02,6.083120025010779273e+02,-2.368737271435782610e+00
8.443727043802800836e+02,6.079357532457961497e+02,-2.366038585176361675e+00
8.439983506536467530e+02,6.075382304879865387e+02,-2.362530921230044267e+00
8.436169543516601834e+02,6.071320014900196611e+02,-2.359983507600817099e+00
8.432477951778579381e+02,6.067699654460602687e+02,-2.357182198999455025e+00
8.428735187426250377e+02,6.063802619203864879e+02,-2.353967873313447257e+00
8.425068416283274928e+02,6.060016840875128992e+02,-2.351980198158166946e+00
8.421324256120236669e+02,6.056117671190779674e+02,-2.349197019937061093e+00
8.417996992520949107e+02,6.052366398161904044e+02,-2.347635162451118696e+00
8.414314852375470082e+02,6.048581803280605982e+02,-2.345414810727346477e+00
8.410657244954649059e+02,6.044748803059326292e+02,-2.344350523615497561e+00
8.407027677293717716e+02,6.041271068107755582e+02,-2.341784363831539650e+00
8.403323579243819950e+02,6.037585121353763498e+02,-2.340053736980025167e+00
8.399548439289171711e+02,6.033588766928353380e+02,-2.337954392619867594e+00
8.396082790994660172e+02,6.029816927268304880e+02,-2.335302609883723068e+00
8.392602979782670900e+02,6.026068771784612181e+02,-2.333290568045262248e+00
8.389006426658860391e+02,6.021930908686319981e+02,-2.331754367604972789e+00
8.385397946898616510e+02,6.018319531063863224e+02,-2.329877276912038386e+00
8.381664201718485856e+02,6.014524074561575162e+02,-2.328157805000629743e+00
8.378284153495485498e+02,6.010787668027127211e+02,-2.326037964287618998e+00
8.374604070759834258e+02,6.006911640237645997e+02,-2.324171595097241028e+00
8.371054878246102362e+02,6.003295759742262589e+02,-2.322271906340811043e+00
8.367797609499792770e+02,5.999633302803551942e+02,-2.319806451856742502e+00
8.364409419711619194e+02,5.995737454778221718e+02,-2.318188717964358769e+00
8.361025948156561753e+02,5.991891251389209856e+02,-2.315805616349532414e+00
8.357540193066280381e+02,5.988198318449086628e+02,-2.313427211787276505e+00
8.354075977946301919e+02,5.984281423953646026e+02,-2.311512222441812980e+00
8.350522903613449444e+02,5.980550864102813193e+02,-2.311574258912764801e+00
8.347313610559749577e+02,5.976864425212392007e+02,-2.310187460046044361e+00
8.343955369656982839e+02,5.973091018514983261e+02,-2.309833914047698222e+00
8.340352893190641907e+02,5.969145915489395975e+02,-2.309712873871125449e+00
8.337092113488491805e+02,5.965586504259995309e+02,-2.309997372427804230e+00
8.333718204442207025e+02,5.961772002507890420e+02,-2.309441065549765248e+00
8.330441952990940990e+02,5.957948884751826881e+02,-2.308905383224023389e+00
8.326856645122088594e+02,5.954217871488236824e+02,-2.308239544280950462e+00
8.323556999060425596e+02,5.950621346454908007e+02,-2.307039835962162666e+00
8.320354318923193659e+02,5.946828415663117084e+02,-2.305673957433479249e+00
8.316959373781685372e+02,5.943235969371515921e+02,-2.304592579637251060e+00
8.313662064447412376e+02,5.939430540021834304e+02,-2.303239497688418513e+00
8.310339837819793729e+02,5.935853826634579491e+02,-2.302702598386487942e+00
8.307166143425070004e+02,5.932165459893182060e+02,-2.301078642797202978e+00
8.303774832253495788e+02,5.928431863966740138e+02,-2.299700425302242390e+00
8.300341351186249312e+02,5.924458596148177776e+02,-2.299064219774067830e+00
8.297141578569795684e+02,5.920896312893611366e+02,-2.297993800688991506e+00
8.294013305389062225e+02,5.917145785156725424e+02,-2.296920932979614527e+00
8.290763094847245611e+02,5.913337934094855655e+02,-2.296479953286945985e+00
8.287627373575414822e+02,5.909970582138628288e+02,-2.295956255943403246e+00
8.284604855442241842e+02,5.906255855344925294e+02,-2.295269593167440725e+00
8.281413543771724335e+02,5.902893137345247396e+02,-2.294829279081834983e+00
8.278282590946997743e+02,5.899344056447140474e+02,-2.294603808976923620e+00
8.275374753514709028e+02,5.895724165147256599e+02,-2.294540373338483263e+00
8.272399606090376665e+02,5.892374201846574806e+02,-2.293983843391887323e+00
8.269420083356482110e+02,5.889142167671089965e+02,-2.293759128884516940e+00
8.266461279562090567e+02,5.886032559631364620e+02,-2.293705211345068662e+00
8.263803089143993930e+02,5.882892545153575838e+02,-2.292835119378996200e+00
8.260955967900846417e+02,5.879671515213336761e+02,-2.292614651608181564e+00
8.258216909426720349e+02,5.876253558280409379e+02,-2.292160708970207406e+00
8.255469346860630822e+02,5.873180162407122680e+02,-2.291939477011868842e+00
8.252879060741828425e+02,5.870280787082143661e+02,-2.291234883169439129e+00
8.250202114278275758e+02,5.867128467824996960e+02,-2.291084591882036836e+00
8.247853537736014005e+02,5.864220070074136402e+02,-2.290585731535939917e+00
8.245273281374605858e+02,5.861398668920610362e+02,-2.290787192709847542e+00
8.242747755723986529e+02,5.858276513764734545e+02,-2.290656333584608628e+00
8.240246665241636492e+02,5.855567305259960449e+02,-2.290906332045481886e+00
8.237824274223887642e+02,5.852529237054435498e+02,-2.291688157536884152e+00
8.235344726978935341e+02,5.849842059043231757e+02,-2.291263205856572061e+00
8.233034147270194580e+02,5.847198038947825580e+02,-2.290722226534064987e+00
8.230868002364977656e+02,5.844519516456282417e+02,-2.291265635611885010e+00
8.228467137760629839e+02,5.841800546222840467e+02,-2.290444440846469920e+00
8.226132041647736060e+02,5.839081112058444205e+02,-2.290789112204897560e+00
8.223790846784955875e+02,5.836586050628798148e+02,-2.291248467852905257e+00
8.221725261703924161e+02,5.834070476334512705e+02,-2.290919263758341984e+00
8.219504688788703106e+02,5.831484051366480799e+02,-2.291488944124589811e+00
8.217529407849636982e+02,5.829008990501559992e+02,-2.291883234974096517e+00
8.215356753893806854e+02,5.826653731464526800e+02,-2.291731432473424146e+00
8.213245739843658839e+02,5.824013049604693606e+02,-2.291835199361178521e+00
8.211005942422094677e+02,5.821668147524524102e+02,-2.292024432830787717e+00
8.208978913410593350e+02,5.819025319866341306e+02,-2.292318599271525592e+00
8.206749523921852187e+02,5.816765018166179289e+02,-2.292716214648294226e+00
8.204626215948159142e+02,5.814300129346596577e+02,-2.292623313071894930e+00
8.202494828185365350e+02,5.811773643524797990e+02,-2.292952702203897797e+00
8.200273035323895101e+02,5.809217255043772639e+02,-2.293450089085507404e+00
8.198178776710425382e+02,5.806830759850879531e+02,-2.292882991101375278e+00
8.196125256095846225e+02,5.804144633406621097e+02,-2.293071411588278874e+00
8.193731295333268463e+02,5.801697743142023000e+02,-2.293171684496075891e+00
8.191643918860105487e+02,5.799131656752891786e+02,-2.293062358755983077e+00
8.189265356929381596e+02,5.796312300293093358e+02,-2.293253864786471308e+00
8.186768851395406728e+02,5.793870672071017225e+02,-2.293352939983515082e+00
8.184602371962212146e+02,5.791276840614048069e+02,-2.292536226099284313e+00
8.182108001167994189e+02,5.788455513651433648e+02,-2.292238855199880909e+00
8.179760167104846005e+02,5.785880265109476568e+02,-2.291489174309842003e+00
8.177289937731487726e+02,5.783128195943164656e+02,-2.290848013328490307e+00
8.175002830500291111e+02,5.780242546922170277e+02,-2.289056370884611891e+00
8.172419759604130149e+02,5.777526582941355855e+02,-2.288981989094000191e+00
8.169823783348790585e+02,5.774582895708479100e+02,-2.287512214636308716e+00
8.167186006523276092e+02,5.771588202121904487e+02,-2.287121887799921538e+00
8.164570204311811494e+02,5.768675520125843832e+02,-2.286579511510290263e+00
8.162139366421546356e+02,5.765299710566818021e+02,-2.287163925441124235e+00
8.159512317575697580e+02,5.762015570380808640e+02,-2.287192161238766008e+00
8.156520853685254906e+02,5.759076972363995992e+02,-2.286285690193647913e+00
8.153855375332208268e+02,5.755596392200616265e+02,-2.285414154217701110e+00
8.151026774668594044e+02,5.752489526313977422e+02,-2.283740101764003327e+00
8.148167871454495526e+02,5.749104263058538891e+02,-2.282999561448182391e+00
8.145298272633268652e+02,5.745756632107635369e+02,-2.282330568946786098e+00
8.142341483115662868e+02,5.742363108564140930e+02,-2.281591615880544488e+00
8.139197527036495785e+02,5.738859965818761566e+02,-2.280824964688203504e+00
8.136315219064484836e+02,5.735542742319793206e+02,-2.278881340455138016e+00
8.133604993702829233e+02,5.732079732331345667e+02,-2.278933528862652658e+00
8.130397955138093948e+02,5.728666876720185428e+02,-2.279041815480193023e+00
8.127632985395638343e+02,5.725346840589721751e+02,-2.278364558240824955e+00
8.124604152208800087e+02,5.721762314438080921e+02,-2.278710422638035027e+00
8.121710163713885322e+02,5.717937068142298358e+02,-2.279803764802959876e+00
8.118761467661903453e+02,5.714415274858783960e+02,-2.279248986504588625e+00
8.115427791731813159e+02,5.710669434165392886e+02,-2.279473460857750045e+00
8.112260680203879701e+02,5.707051844405538077e+02,-2.280533577845818005e+00
8.109180658937643784e+02,5.703149248427679368e+02,-2.280630995951624662e+00
8.105960355515234141e+02,5.699484960857421356e+02,-2.280732594661542656e+00
8.102507760111154766e+02,5.695854461881936004e+02,-2.281661403898290530e+00
8.099480903576501305e+02,5.692216254633616472e+02,-2.282840261472300458e+00
8.096362421025637559e+02,5.688521067497348440e+02,-2.283332092018320214e+00
8.093234984407472439e+02,5.684615090565521314e+02,-2.283758776177133409e+00
8.089890098460519994e+02,5.680443313040519797e+02,-2.284639869469379470e+00
8.086805217027874733e+02,5.676871400812196953e+02,-2.283734403566950455e+00
8.083471590613705757e+02,5.672756262305895234e+02,-2.284641068101574746e+00
8.080078640424685545e+02,5.668997620462187115e+02,-2.285059804604470113e+00
8.076773924149359800e+02,5.665187293538177755e+02,-2.284387173258006332e+00
8.073158447136968334e+02,5.661225664613867821e+02,-2.284437662927484514e+00
8.069908976083172547e+02,5.657230212933973235e+02,-2.284107666034543183e+00
8.066648033728196197e+02,5.653062382325890667e+02,-2.283099616030147327e+00
8.063413002871905064e+02,5.649138605681230274e+02,-2.282201971556310660e+00
8.059906729343251754e+02,5.644908702910165630e+02,-2.281098970668751225e+00
8.056337273497726983e+02,5.640976961501054348e+02,-2.280146860857785285e+00
8.052790948498895887e+02,5.636946877497503010e+02,-2.278534545631916153e+00
8.049385710650603869e+02,5.632784158266414352e+02,-2.276836831632164326e+00
8.045927425726341653e+02,5.628625495644104149e+02,-2.274202323382519708e+00
8.042438059440767120e+02,5.624398374339589282e+02,-2.272570998918304497e+00
8.038913207953972915e+02,5.620171239830276591e+02,-2.270526681347786901e+00
8.035434267997318329e+02,5.615781723802034548e+02,-2.268241543504274649e+00
8.032049158346922013e+02,5.611703680704607677e+02,-2.265215622478609969e+00
8.028418558968068055e+02,5.607181026179332548e+02,-2.264021466348420386e+00
8.025020221997162935e+02,5.602991851973771418e+02,-2.262031272773864288e+00
8.021476964394286142e+02,5.598740631491373279e+02,-2.260026926110683121e+00
8.017986857029778776e+02,5.594454436936489401e+02,-2.257550082715596318e+00
8.014467415093373575e+02,5.590153189745661848e+02,-2.256270768715936903e+00
8.011028709509294004e+02,5.585874181986008580e+02,-2.254637809690391848e+00
8.007554186510046748e+02,5.581612532992667184e+02,-2.252969173229073530e+00
8.003930911495643841e+02,5.577130544038642483e+02,-2.250615860994603867e+00
8.000467223468504017e+02,5.572525654296259745e+02,-2.249591953443029535e+00
7.997189304903055245e+02,5.568257238305369583e+02,-2.247783501861213118e+00
7.993262013051012218e+02,5.563684548021897172e+02,-2.245858868485539617e+00
7.989778807408968078e+02,5.559253589058207581e+02,-2.244453662117305459e+00
7.986483380687892577e+02,5.554960166204027701e+02,-2.243141467949969048e+00
7.983207254734854814e+02,5.550742463505365549e+02,-2.242509489920109012e+00
7.979703732511459293e+02,5.546326151788081233e+02,-2.240995875309456320e+00
7.976296274162194777e+02,5.542018360360956422e+02,-2.239700419686005972e+00
7.972832806605118776e+02,5.537429409568317169e+02,-2.239376221713797133e+00
7.969444294925234544e+02,5.532989773827805493e+02,-2.238790910002226298e+00
7.966194406529384651e+02,5.528619952060151945e+02,-2.238707474931046271e+00
7.962916941510112565e+02,5.524249495793753795e+02,-2.238737968539621814e+00
7.959378205452082966e+02,5.519644689305119982e+02,-2.238580058804683581e+00
7.955916478583424123e+02,5.515276288256609405e+02,-2.238853314376810122e+00
7.952376559569345318e+02,5.510798174468399111e+02,-2.238076561930710362e+00
7.948618569223729082e+02,5.506249264459002006e+02,-2.237389278589162256e+00
7.945491054096351036e+02,5.501780643368082337e+02,-2.236876100634655362e+00
7.942095874106141764e+02,5.497279015351690532e+02,-2.237173761893727075e+00
7.938533901877727885e+02,5.492788457717014126e+02,-2.236414316217526732e+00
7.934935293285849411e+02,5.488287369808617768e+02,-2.235547762828826723e+00
7.931471031290545852e+02,5.483608211131798953e+02,-2.235962355083891406e+00
7.927995601679115225e+02,5.479146553873088124e+02,-2.236832488954128895e+00
7.924606152159628891e+02,5.474533968779608131e+02,-2.237311183218540833e+00
7.921124568983200334e+02,5.470183181722849213e+02,-2.236928498861230352e+00
7.917516452418993822e+02,5.465634449014399934e+02,-2.236193382416128195e+00
7.914077770280006234e+02,5.461283120206462627e+02,-2.235802731327205084e+00
7.910505366637933093e+02,5.456672905977942492e+02,-2.235913330806457822e+00
7.907015235873926713e+02,5.452265573657580262e+02,-2.236154708023066817e+00
7.903471014036149427e+02,5.447763200443354208e+02,-2.236444372592998775e+00
7.899796940805085796e+02,5.443045027484417915e+02,-2.236242709886073321e+00
7.896228341630063596e+02,5.438581464782173498e+02,-2.235706947996443539e+00
7.892895144342902540e+02,5.434005246424612778e+02,-2.235953432488488879e+00
7.889151534461722122e+02,5.429531596401956222e+02,-2.235546180615041845e+00
7.885777219900475075e+02,5.425160737198324341e+02,-2.236292316854573858e+00
7.882242328523058177e+02,5.420840017162710183e+02,-2.236369189195045237e+00
7.878608744836240021e+02,5.416085210346365102e+02,-2.236840211508096310e+00
7.875113062203054142e+02,5.411512650452848447e+02,-2.236113035724234699e+00
7.871764107777141817e+02,5.406931293303218808e+02,-2.236094883858545934e+00
7.867948878147766436e+02,5.402256603938553781e+02,-2.236600220657587457e+00
7.864258834470489319e+02,5.397657490283875177e+02,-2.236445419792471689e+00
7.860633373060085205e+02,5.392988264597975103e+02,-2.236989151501138195e+00
7.857354159626694354e+02,5.388477848988203505e+02,-2.238312305814747827e+00
7.853732975622574486e+02,5.383595007125293250e+02,-2.237634806886053429e+00
7.850186907254009157e+02,5.379031643417200712e+02,-2.237700064616124251e+00
7.846586351411598343e+02,5.374459920999913720e+02,-2.238943830866346740e+00
7.842936742864972075e+02,5.369873469352125994e+02,-2.238909531980947776e+00
7.839507817705999742e+02,5.365329026204408365e+02,-2.239168641197167631e+00
7.835867297836938405e+02,5.360946147398266248e+02,-2.238730796299266412e+00
7.832493902253086162e+02,5.356204802245900964e+02,-2.239437976666184049e+00
7.828722837693328529e+02,5.351588790926982711e+02,-2.239423147669576064e+00
7.825064702015122293e+02,5.346835991494187965e+02,-2.240372572107803162e+00
7.821626412346374764e+02,5.342468388224409637e+02,-2.240749874051713331e+00
7.817852766662307431e+02,5.337675704204796148e+02,-2.241133005415467672e+00
7.814454466526896113e+02,5.333277662651115634e+02,-2.241142394344769695e+00
7.810865167443162136e+02,5.328682841236944796e+02,-2.241764984072994071e+00
7.807386912026576056e+02,5.324023198608314260e+02,-2.242071121764222408e+00
7.803557209073826471e+02,5.319360574274271585e+02,-2.241941550002031214e+00
7.800043867580222923e+02,5.314907560996699658e+02,-2.242980566397159148e+00
7.796553581505490911e+02,5.310298021382557181e+02,-2.242645422732171046e+00
7.792877049827441169e+02,5.305616116119250592e+02,-2.242914126171199563e+00
7.789104828654848234e+02,5.300504239471839583e+02,-2.242354474088408711e+00
7.785601009332507374e+02,5.296294345289099965e+02,-2.242560720874186231e+00
7.781947121888604215e+02,5.291575216485675810e+02,-2.242449734692911978e+00
7.778205073743182538e+02,5.286971658151398969e+02,-2.242294604392994550e+00
7.774582432883190677e+02,5.282493188476827299e+02,-2.242568477617766121e+00
7.771063314127615058e+02,5.277713035285207752e+02,-2.243053011214696024e+00
7.767397723179143441e+02,5.273070426190290618e+02,-2.242823411542821610e+00
7.763817828700639438e+02,5.268499337726295835e+02,-2.243119848704647534e+00
7.760143929911769192e+02,5.264089339278117450e+02,-2.243435857793007582e+00
7.756349495929277964e+02,5.259349703102176363e+02,-2.243492611738548970e+00
7.752572228620472288e+02,5.254670792438580520e+02,-2.244183309909926649e+00
7.749074818159500637e+02,5.250053862131196638e+02,-2.244093610147537721e+00
7.745349708873183090e+02,5.245507557975342934e+02,-2.244377753059703107e+00
7.741710149828352314e+02,5.240871276936939012e+02,-2.244412688938091982e+00
7.737994897417090669e+02,5.236636996579347851e+02,-2.245145362671499001e+00
7.734041146368093678e+02,5.231553855427083590e+02,-2.245812354171330849e+00
7.730601086101739838e+02,5.226983466276270747e+02,-2.245752060584245591e+00
7.726703902585446713e+02,5.222346693257724155e+02,-2.245911195804958016e+00
7.722962056361423038e+02,5.217566089961997022e+02,-2.246062636488154407e+00
7.719371235399357829e+02,5.213104918306667059e+02,-2.246240320133593205e+00
7.715574288281018198e+02,5.208569426860900649e+02,-2.246736917085113028e+00
7.712059167101583625e+02,5.203828911651033877e+02,-2.246922163861419186e+00
7.708261356989769411e+02,5.199086412360471741e+02,-2.247001806721868888e+00
7.704393308100793547e+02,5.194439468293517166e+02,-2.246815313201599995e+00
7.700647808167921085e+02,5.189785690643989255e+02,-2.247140922794390594e+00
7.697173397844601368e+02,5.185043293646102711e+02,-2.246927116949943404e+00
7.693145593630431449e+02,5.180183296577797591e+02,-2.248257502660138130e+00
7.689391888751574697e+02,5.175629529933411277e+02,-2.248869062269440722e+00
7.685521253154962551e+02,5.170714411191949011e+02,-2.249817143300115063e+00
7.681608675517198890e+02,5.165828744072234713e+02,-2.249522693565037645e+00
7.677882908271083124e+02,5.161332159947238551e+02,-2.250320026087875735e+00
7.674166190295596834e+02,5.156627434231007783e+02,-2.251829165469924732e+00
7.670485022833593121e+02,5.152247460285714169e+02,-2.251780063090232709e+00
7.666707411238277246e+02,5.147319015270545606e+02,-2.252193415371404051e+00
7.662886382820424842e+02,5.142563819315645333e+02,-2.252675148672523164e+00
7.658955639577864076e+02,5.137687541783584493e+02,-2.252846646679395270e+00
7.655400363306702047e+02,5.132956009900152594e+02,-2.253195695336632554e+00
7.651591031055726262e+02,5.128085319722661097e+02,-2.254071598343936333e+00
7.647634982553466898e+02,5.123157547900791542e+02,-2.254316306061487030e+00
7.643994570448268178e+02,5.118520188495678553e+02,-2.254375616746529865e+00
7.640221510239440477e+02,5.113827677323491798e+02,-2.255534812155445934e+00
7.636223269985885054e+02,5.108762200384085190e+02,-2.256598135893133517e+00
7.632619498910731863e+02,5.104363705845466939e+02,-2.257291078202354750e+00
7.628740595931809594e+02,5.099476148346701052e+02,-2.257837543609715780e+00
7.624970447107598375e+02,5.094816442067970002e+02,-2.258013838136185392e+00
7.620985687648395697e+02,5.089833054629445428e+02,-2.258867415673699419e+00
7.617160047695185767e+02,5.085321207807206747e+02,-2.259275308603040155e+00
7.613216689789159091e+02,5.080522530821457394e+02,-2.259651288642810840e+00
7.609405139908058118e+02,5.075812630738366238e+02,-2.260156453032561519e+00
7.605507039548430157e+02,5.071029624743958948e+02,-2.260515132294433904e+00
7.601556372071698888e+02,5.066315499322325309e+02,-2.260462308864321201e+00
7.597605357655730813e+02,5.061618613539736771e+02,-2.260056926372685737e+00
7.593623746452228715e+02,5.056666883598509799e+02,-2.259656278428567422e+00
7.589776814995609584e+02,5.051900595953027846e+02,-2.259066788488238053e+00
7.586027647705760728e+02,5.047276515535427848e+02,-2.257901747857950170e+00
7.582135105098341228e+02,5.042412352346867692e+02,-2.256935827213141010e+00
7.578178863247770778e+02,5.037465753577376972e+02,-2.256313212627802045e+00
7.574252313139644457e+02,5.032713199331811893e+02,-2.254765526944504828e+00
7.570589988847799532e+02,5.027805699362542668e+02,-2.253774010272346473e+00
7.566670708752003520e+02,5.022945174441805989e+02,-2.252043797145369730e+00
7.562795942736157713e+02,5.018122054255719604e+02,-2.250428598343334752e+00
7.559065415947177371e+02,5.013180864206853471e+02,-2.249120574252077009e+00
7.554984607343844800e+02,5.008229364863424280e+02,-2.247819566491763510e+00
7.551452496351142827e+02,5.003450076562197637e+02,-2.246764878354497341e+00
7.547286953223359660e+02,4.998471687659536542e+02,-2.245661386351552657e+00
7.543353927926311826e+02,4.993531558756251911e+02,-2.244451561474254841e+00
7.539630463155424422e+02,4.988815314548747324e+02,-2.243632439978494375e+00
7.535697096807343769e+02,4.983584656598254696e+02,-2.242911939380063391e+00
7.531815026831229716e+02,4.978405142706097308e+02,-2.241816201876748682e+00
7.528113997254857850e+02,4.973472295653192532e+02,-2.240335353195262780e+00
7.524053410587048347e+02,4.968607850645539656e+02,-2.240283094382312434e+00
7.520465612648023352e+02,4.963924028565434696e+02,-2.238643895706680986e+00
7.516455106204620051e+02,4.958756361667051920e+02,-2.237639385171434903e+00
7.512611793023847895e+02,4.953573996874696377e+02,-2.236425528062943702e+00
7.508830394511161330e+02,4.948365505675630516e+02,-2.234722091808367672e+00
7.504916932891513852e+02,4.943278734902739870e+02,-2.232877021904112969e+00
7.501137202338014731e+02,4.938179065539709427e+02,-2.232620146384371118e+00
7.496973765717863216e+02,4.932853006941602416e+02,-2.231852688223570080e+00
7.493460152950866586e+02,4.928139042075222278e+02,-2.230519715248981516e+00
7.489412571308092765e+02,4.922773446190145705e+02,-2.229274142782042833e+00
7.485547485099954201e+02,4.917891685035723981e+02,-2.228147839007552644e+00
7.481343790760139427e+02,4.912748984492004070e+02,-2.227070879989153873e+00
7.477609264087385554e+02,4.907716776556313221e+02,-2.226333268968743617e+00
7.473711596320304125e+02,4.902515488628955040e+02,-2.225583108391176790e+00
7.469784497083802535e+02,4.897250967357923628e+02,-2.224441939278426261e+00
7.465800302078106370e+02,4.891991596848316135e+02,-2.224146159300822045e+00
7.461990861465982334e+02,4.886879318456985288e+02,-2.223056875261600229e+00
7.457869516882831249e+02,4.881677703447711565e+02,-2.221731694758155129e+00
7.453781396106930970e+02,4.876228090990606461e+02,-2.219920440639887804e+00
7.449943455033630926e+02,4.870874362833537816e+02,-2.217977148438964097e+00
7.445958019657620071e+02,4.865541428501449559e+02,-2.215827770846238831e+00
7.442136152636340967e+02,4.860141313399494720e+02,-2.214523156839713014e+00
7.438243311681700334e+02,4.854568229846079817e+02,-2.213730513311860104e+00
7.434133012193559580e+02,4.849222050713569274e+02,-2.212631090654763266e+00
7.430268821778902293e+02,4.843792012331026626e+02,-2.210918326485660668e+00
7.426501430627362197e+02,4.838303163148352155e+02,-2.208070672301908122e+00
7.422457277083207146e+02,4.833147027061189078e+02,-2.207040844785094880e+00
7.418553050423188324e+02,4.827654239147700537e+02,-2.205523733193548885e+00
7.414412419968432459e+02,4.821944346107562183e+02,-2.204183509980883748e+00
7.410485784372961007e+02,4.816474978574215697e+02,-2.201657470969325736e+00
7.406726775714550968e+02,4.811401596911311458e+02,-2.200304191786673691e+00
7.402471234463954488e+02,4.805699438503190208e+02,-2.198965981214866083e+00
7.398778331703369986e+02,4.800156359613748123e+02,-2.197469638565370698e+00
7.394759189538469855e+02,4.794610033526620896e+02,-2.196342887085779072e+00
7.390979312421101213e+02,4.789266030811268138e+02,-2.195070653082160650e+00
7.386886342692490643e+02,4.783243981591693341e+02,-2.194254158561480761e+00
7.383199229807220263e+02,4.777826503215952130e+02,-2.191898279798485394e+00
7.379350628681032731e+02,4.772145032707082919e+02,-2.190265938519273092e+00
7.375624964018646779e+02,4.766568861550568954e+02,-2.188082858802189445e+00
7.371816065760326637e+02,4.761062250675043401e+02,-2.185958932196252036e+00
7.368134426635514274e+02,4.754996071432988174e+02,-2.183623864419317329e+00
7.363990467404391893e+02,4.749555918011778317e+02,-2.182387455580582003e+00
7.360056323734014541e+02,4.743765752036227354e+02,-2.180159036545050721e+00
7.356479016187710158e+02,4.738076906959504981e+02,-2.177396481717676302e+00
7.352646273205457419e+02,4.732188637718303426e+02,-2.175267287079352574e+00
7.348832305427416713e+02,4.726659033366271387e+02,-2.173097756855172147e+00
7.344924198034939309e+02,4.720591500876802229e+02,-2.169303128492756194e+00
7.341022851650577650e+02,4.714920579641648146e+02,-2.167475621948739661e+00
7.337070005194736950e+02,4.709121091036824964e+02,-2.165176008499546612e+00
7.333215640282242020e+02,4.703120366804280366e+02,-2.162226316838133044e+00
7.329172164525048174e+02,4.697189311172702446e+02,-2.159434360354519633e+00
7.325426471123194005e+02,4.691326768416540745e+02,-2.155286940481157654e+00
7.321474474301169266e+02,4.685260222852032257e+02,-2.151280029400894467e+00
7.317251637503293296e+02,4.679385985912458068e+02,-2.148557398684919573e+00
7.313415843307824389e+02,4.673383275520945972e+02,-2.144571746892836028e+00
7.309638641255006632e+02,4.667177780835805265e+02,-2.140455792020819814e+00
7.305657532210792624e+02,4.661072924235051573e+02,-2.135568783120853631e+00
7.302505926681629944e+02,4.655047406958528313e+02,-2.130116888511095929e+00
7.298641767625905459e+02,4.648864122865899731e+02,-2.125352863118803004e+00
7.294349413928543981e+02,4.642495478796328143e+02,-2.119741252803659215e+00
7.290468600428912396e+02,4.636548930419424437e+02,-2.113465207527168488e+00
7.286890097531195352e+02,4.630340890815123771e+02,-2.106765951152721250e+00
7.283401572479746164e+02,4.623881128397322300e+02,-2.099817042234525477e+00
7.280091757461023008e+02,4.617548035124482908e+02,-2.091860966879844685e+00
7.276775610129742518e+02,4.611338621012921521e+02,-2.084458901806250264e+00
7.272923958701987885e+02,4.604659816933513525e+02,-2.077139473271331305e+00
7.269783586853681072e+02,4.598189034856097805e+02,-2.068721959239385288e+00
7.266383693862961763e+02,4.591841879368762989e+02,-2.061836195346730793e+00
7.263455720473683641e+02,4.585222804334321722e+02,-2.053633834103875788e+00
7.260226416152464708e+02,4.578830455945190465e+02,-2.046352414158645772e+00
7.257381481735318403e+02,4.572145045209081218e+02,-2.037460961966733208e+00
7.254132804918220927e+02,4.565515328721177184e+02,-2.030115028862735205e+00
7.251243539258260853e+02,4.558634317375070282e+02,-2.022004916783234574e+00
7.248032124843739439e+02,4.551930006088438745e+02,-2.015603153114557067e+00
7.245273031489023197e+02,4.545239007128384401e+02,-2.007133591567590525e+00
7.242163065773218023e+02,4.538487419599122177e+02,-2.000277586195466029e+00
7.238797095691016921e+02,4.531442290702679543e+02,-1.991691692204282660e+00
7.235740573304092322e+02,4.524809841435093745e+02,-1.983786648595945445e+00
7.232771071139789001e+02,4.517817926168306712e+02,-1.977098159010264977e+00
7.230252021314877311e+02,4.510961474662965998e+02,-1.971043824871773653e+00
7.227609146328182987e+02,4.503943912617668275e+02,-1.962881379191919073e+00
7.224867908567292716e+02,4.496768875401290302e+02,-1.957597459126886541e+00
7.222053451785731113e+02,4.489740661171458669e+02,-1.951071308607394306e+00
7.219273344053070787e+02,4.482782518736153179e+02,-1.945760863538148033e+00
7.216767259764916389e+02,4.475787928914292593e+02,-1.942475470302106766e+00
7.213904255342449687e+02,4.468630147658384999e+02,-1.938818203003537466e+00
7.211184502890304202e+02,4.461394828175217526e+02,-1.936359341451337368e+00
7.208429003286845500e+02,4.454294913745250710e+02,-1.934465114874034386e+00
7.205965289254990012e+02,4.447169483327538728e+02,-1.933446245294177190e+00
7.202989062457585305e+02,4.439837880063752777e+02,-1.931580824663490015e+00
7.200450151738276645e+02,4.432777611535846063e+02,-1.931458467058188022e+00
7.197708354488263467e+02,4.425523887365028486e+02,-1.930214821743496234e+00
7.195101821247833414e+02,4.418446837452771661e+02,-1.930688354453809374e+00
7.192496282003208989e+02,4.410987192276391511e+02,-1.929177956639009706e+00
7.189983232269119071e+02,4.403733059439227873e+02,-1.929772395519577799e+00
7.187210088640001686e+02,4.396336119322758691e+02,-1.928218119388683371e+00
7.184429778860749138e+02,4.389115805680946210e+02,-1.929586501950313338e+00
7.181695773940775780e+02,4.381742936050774233e+02,-1.930109550352583359e+00
7.179092281524166310e+02,4.374609080297151991e+02,-1.929541895354334402e+00
7.176408758973338990e+02,4.367244231665433745e+02,-1.929961968747242018e+00
7.173804376672316039e+02,4.359866849266763325e+02,-1.929971416434700826e+00
7.171056625585578104e+02,4.352863666136991583e+02,-1.931077361749508725e+00
7.168079723043678086e+02,4.345521131068069280e+02,-1.930158803789048472e+00
7.165650982509396272e+02,4.338258112774610709e+02,-1.931682999115064581e+00
7.162824128396188144e+02,4.330717137777908192e+02,-1.931439135305366150e+00
7.160562514715228417e+02,4.323709414275051017e+02,-1.931886107779295036e+00
7.157457729829571917e+02,4.316284293574818207e+02,-1.931399911226467259e+00
7.154796391659363053e+02,4.309176247391942525e+02,-1.931397300674533524e+00
7.151975381162619669e+02,4.301998900834819324e+02,-1.931567745186870466e+00
7.149590232534580991e+02,4.295245751553094351e+02,-1.930943360680863474e+00
7.147212998132876010e+02,4.288135017719612847e+02,-1.931490437922237957e+00
7.144424536032045125e+02,4.281243399506539618e+02,-1.931023347512253796e+00
7.141913115859116488e+02,4.274105279804541624e+02,-1.931182564712049077e+00
7.139399170792897849e+02,4.267097399373222970e+02,-1.931391051850672280e+00
7.136855610250297559e+02,4.259950539335362123e+02,-1.930971896071224325e+00
7.134326895673613080e+02,4.253395990654748289e+02,-1.931285427716497027e+00
7.131724038907234444e+02,4.246828075456670604e+02,-1.930850209614692004e+00
7.129320694675533332e+02,4.239690835156713433e+02,-1.929789607115754535e+00
7.126845404337773289e+02,4.233115956975980225e+02,-1.929476284870223157e+00
7.124297712190117409e+02,4.226094434051432245e+02,-1.930049870465552209e+00
7.121710390062256693e+02,4.219626888109935976e+02,-1.930006963254238705e+00
7.119394305706067598e+02,4.212795309248078297e+02,-1.928900314185549858e+00
7.116839432059342698e+02,4.206036983954889479e+02,-1.929180470855067497e+00
7.114295878754071509e+02,4.199532117866469321e+02,-1.929775160690863078e+00
7.111915337910264725e+02,4.192580082941099704e+02,-1.929501979234299114e+00
7.109563858110942647e+02,4.186094769567345679e+02,-1.928150201465187452e+00
7.107133208609761823e+02,4.179770270996678505e+02,-1.928585618418818592e+00
7.104564091634390479e+02,4.173380632226466105e+02,-1.929308838860433140e+00
7.102102294552192916e+02,4.166483381689484418e+02,-1.930060620907136038e+00
7.099487418973222930e+02,4.159341386350857874e+02,-1.929972273647459824e+00
7.097294345788891405e+02,4.152830956574078414e+02,-1.929778452714156156e+00
7.094889736656892865e+02,4.146475905769701740e+02,-1.929711796193453344e+00
7.092356668118396783e+02,4.139793611445207944e+02,-1.929776722483515394e+00
7.090112674776015638e+02,4.133480915548809662e+02,-1.929582065944842606e+00
7.087561940878456426e+02,4.126894565429798263e+02,-1.928827337761152450e+00
7.085360128732284011e+02,4.120224637518264785e+02,-1.929668416016205423e+00
7.082930044394374818e+02,4.113949911250888363e+02,-1.929577974795676276e+00
7.080503427723332379e+02,4.107089240436648652e+02,-1.929816577738348027e+00
7.077989567713548240e+02,4.100711714470665470e+02,-1.929531031537548236e+00
7.075794928530882544e+02,4.094185765032426616e+02,-1.927753863503008480e+00
7.073272794223058781e+02,4.087687640745223803e+02,-1.927087389253926197e+00
7.070939180437419509e+02,4.081033477729625929e+02,-1.925621278277104276e+00
7.068727756757620000e+02,4.074398101043637439e+02,-1.924099306253881370e+00
7.066416341545658497e+02,4.067811428974987393e+02,-1.923805619513519582e+00
7.063937012441726893e+02,4.061453124807496806e+02,-1.923310632073957249e+00
7.061801190409256606e+02,4.055058406593253721e+02,-1.921784254406309511e+00
7.059273555334240200e+02,4.048514836531264223e+02,-1.920423266304136733e+00
7.057153742215713237e+02,4.041852124782704436e+02,-1.920589282410566145e+00
7.054627889661295512e+02,4.035421811412851980e+02,-1.917822736528355554e+00
7.052430856913183561e+02,4.028813791765345513e+02,-1.915306031852339830e+00
7.050378097045098684e+02,4.022142830856341220e+02,-1.914521139467451727e+00
7.048071024048745130e+02,4.015445418802201516e+02,-1.912579335614536857e+00
7.045754678552726773e+02,4.008971913837148691e+02,-1.911497383363202296e+00
7.043421537566304096e+02,4.002466539247976698e+02,-1.910401073261845939e+00
7.041086185267334940e+02,3.995886485089416738e+02,-1.909134704358256496e+00
7.038990466713246406e+02,3.989500580962870799e+02,-1.908020756406724194e+00
7.036686318310569277e+02,3.983063538427223875e+02,-1.906325647129593071e+00
7.035060909035444183e+02,3.976353379967476371e+02,-1.904421943823867647e+00
7.032616578012158470e+02,3.969336716272507601e+02,-1.902504912441283169e+00
7.030517474696039244e+02,3.962859444969688525e+02,-1.901250143882051047e+00
7.028218528719365850e+02,3.956343542372972024e+02,-1.899050255437932710e+00
7.026167527966224498e+02,3.949760961044459577e+02,-1.898041824349167683e+00
7.024164481620114202e+02,3.943568212273016798e+02,-1.896140787509282610e+00
7.022041471758756188e+02,3.936984414106937606e+02,-1.894526347419530632e+00
7.019716717194762623e+02,3.930670050836995983e+02,-1.893019461634988021e+00
7.017657046433517962e+02,3.924177254147475651e+02,-1.891570202321633642e+00
7.015340583517994446e+02,3.917582292765079615e+02,-1.889801127728280905e+00
7.013531609075932920e+02,3.911312698367793814e+02,-1.887539503447474010e+00
7.011506675617147266e+02,3.904917687132228252e+02,-1.887169943356477475e+00
7.009491445373424767e+02,3.898456096502713990e+02,-1.886708904608703774e+00
7.007512723058792972e+02,3.892368479390102038e+02,-1.885683529855146423e+00
7.005265040727819041e+02,3.885976571951275673e+02,-1.885142077279573503e+00
7.003482619811333052e+02,3.879118333333523765e+02,-1.882895302210549016e+00
7.001435125364220085e+02,3.873185102493276872e+02,-1.882365792148340100e+00
6.999318853923468851e+02,3.866947929627152121e+02,-1.883298541994509412e+00
6.997568727650376559e+02,3.860475794831413054e+02,-1.880133591504065560e+00
6.995483060076068114e+02,3.854070252763481790e+02,-1.880294481190697642e+00
6.993739229215578916e+02,3.847741561643991872e+02,-1.879371952043525029e+00
6.991854546151459999e+02,3.841419620847768783e+02,-1.879025534779721118e+00
6.989840221819137014e+02,3.835449795039703531e+02,-1.878601467487619914e+00
6.987991695651120381e+02,3.829193117044730457e+02,-1.878321221661239493e+00
6.986076830772242374e+02,3.823145897043849004e+02,-1.878668258697528071e+00
6.984214505012503196e+02,3.817031309749245338e+02,-1.878206608238160324e+00
6.982229857427212210e+02,3.810789447082446486e+02,-1.878228517393489172e+00
6.980244735089546566e+02,3.804708075885579888e+02,-1.878492973384550346e+00
6.978720613769773990e+02,3.798438273814284685e+02,-1.876465690077973258e+00
6.976763600732791701e+02,3.792382309997215657e+02,-1.876489059713915664e+00
6.974940974274345535e+02,3.786546382669183686e+02,-1.875967656331734013e+00
6.972376976575965273e+02,3.780574971403557356e+02,-1.877313463873431898e+00
6.970563270316948774e+02,3.774791511598757552e+02,-1.877084765724205573e+00
6.968684424232786796e+02,3.768519319829617871e+02,-1.876972235950653101e+00
6.967138898611810873e+02,3.762432257821926669e+02,-1.876512148018994797e+00
6.965448690553686220e+02,3.756186953368350032e+02,-1.875033162232264905e+00
6.963497000388476863e+02,3.750340608180997037e+02,-1.874046422773824494e+00
6.961654349364557675e+02,3.744550850565639735e+02,-1.874404873152900386e+00
6.959493604432583425e+02,3.738484247100769267e+02,-1.873106621412874206e+00
6.958005113356122138e+02,3.732589042747043209e+02,-1.872005860721543291e+00
6.956198685369057557e+02,3.726200626639213738e+02,-1.870964735465864948e+00
6.955123279005863424e+02,3.720008638877485510e+02,-1.870723726931892372e+00
6.953623122579791698e+02,3.714233545088970345e+02,-1.870287616346529846e+00
6.951074335213742188e+02,3.708387291799227796e+02,-1.869133812476195811e+00
6.949145499513629147e+02,3.703070425815968747e+02,-1.869442063910074836e+00
6.947245360179190357e+02,3.697272332979507610e+02,-1.868983709547129335e+00
6.945535912022862703e+02,3.691150012313208322e+02,-1.868434346972607463e+00
6.944010329330679951e+02,3.685241472559478666e+02,-1.866922808901142261e+00
6.942568084202486034e+02,3.679688747816041996e+02,-1.866325854713500432e+00
6.940922827139465880e+02,3.673881158713591617e+02,-1.865112114848341385e+00
6.938876513838089295e+02,3.667488706789879416e+02,-1.863552813810606779e+00
6.937036095077970685e+02,3.661822489785264452e+02,-1.862436407566549601e+00
6.935524873803749415e+02,3.656158867724719244e+02,-1.862032212125454445e+00
6.934256089395819345e+02,3.649903698974295025e+02,-1.860249048138209460e+00
6.932857020619007926e+02,3.644006718261973674e+02,-1.858954279716148905e+00
6.930719335598500948e+02,3.638567585532519502e+02,-1.858579923523692390e+00
6.928868882760970109e+02,3.632896395985002869e+02,-1.857253955620491670e+00
6.927561406194093934e+02,3.627089466570985792e+02,-1.855609884473700788e+00
6.926303562127901614e+02,3.621435025723514514e+02,-1.854573903633094600e+00
6.924698978853107292e+02,3.615456682394010954e+02,-1.853103744415318888e+00
6.922986549072011258e+02,3.609592858017004460e+02,-1.851065901723532692e+00
6.921315662304907619e+02,3.604021973172750677e+02,-1.850542644054321562e+00
6.919536684675163087e+02,3.598261701867519946e+02,-1.849829172411494360e+00
6.917823474480994719e+02,3.592398562284718651e+02,-1.847593241187370339e+00
6.916272496253560575e+02,3.586456591001576726e+02,-1.845227029795557971e+00
6.914975027922538402e+02,3.580859440938849616e+02,-1.843644327153321383e+00
6.913552164163048701e+02,3.575122800422049636e+02,-1.842652147123667206e+00
6.912032488154891325e+02,3.569176750675632093e+02,-1.840710088324244431e+00
6.910810699761076421e+02,3.563465839330885387e+02,-1.839857658787961148e+00
6.909281280942518606e+02,3.557616195671653827e+02,-1.838760254142833173e+00
6.908080105681166287e+02,3.551644128878302809e+02,-1.836921856191866986e+00
6.906634771576118510e+02,3.545897976738043553e+02,-1.835172650539040218e+00
6.905151655744398340e+02,3.540146484063520234e+02,-1.834111575852934051e+00
6.903461922156493529e+02,3.534363007154584579e+02,-1.834547168372333115e+00
6.901561195999749998e+02,3.528722035493568683e+02,-1.833145391156821402e+00
6.900144600856858688e+02,3.523261237985767593e+02,-1.830497161109510884e+00
6.898932195033863763e+02,3.517646950180711087e+02,-1.827380594992424223e+00
6.897678386361787943e+02,3.512052503709628581e+02,-1.827492759775728226e+00
6.895948098755569617e+02,3.506367906973912909e+02,-1.825159948037196722e+00
6.894576906372878966e+02,3.500623088474265501e+02,-1.825552829679959688e+00
6.892897351819357254e+02,3.494755611483063831e+02,-1.825499328601559723e+00
6.891541053869060534e+02,3.489193951825099020e+02,-1.824219329678998802e+00
6.890276887084879718e+02,3.483554264190880758e+02,-1.824254433073620341e+00
6.888649851623969198e+02,3.477887434174199370e+02,-1.824440381918996934e+00
6.887354702696784443e+02,3.472186804011355434e+02,-1.824653529693366583e+00
6.885999557029424523e+02,3.466666146438285523e+02,-1.824163529760045810e+00
6.884717638373961108e+02,3.460924753755492702e+02,-1.823372240957038981e+00
6.883496153874938273e+02,3.455000355255004933e+02,-1.822747381069660166e+00
6.882123870924541507e+02,3.449197365513023215e+02,-1.822665009285723281e+00
6.880897755160428915e+02,3.443873557821322038e+02,-1.823162990825706542e+00
6.879662684968855046e+02,3.437810108834049174e+02,-1.820439202134420675e+00
6.878207037417486163e+02,3.432160546224717450e+02,-1.820240419892451111e+00
6.876757997021168194e+02,3.426448657421738062e+02,-1.821206539247779643e+00
6.875153858374861784e+02,3.420958885982735751e+02,-1.822364088813887673e+00
6.873673846337716213e+02,3.415340104502843701e+02,-1.821965483783055673e+00
6.872381833614076641e+02,3.409651791776446430e+02,-1.822144692793086662e+00
6.871001718843539265e+02,3.404411846577061169e+02,-1.823244708595877839e+00
6.869626630679773598e+02,3.398677029652623673e+02,-1.823602121440133450e+00
6.868258550088672791e+02,3.393104132839928297e+02,-1.823956634703898017e+00
6.866947810368461660e+02,3.387096272012016129e+02,-1.826200558294888365e+00
6.865548182504338683e+02,3.381676472116369609e+02,-1.829884147599282196e+00
6.863948956577122544e+02,3.376062437834656862e+02,-1.834193923902845080e+00
6.862608657962302914e+02,3.370458752883715761e+02,-1.839234810185554458e+00
6.861036241454896754e+02,3.364697376767452397e+02,-1.844662550899356157e+00
6.859496778110644755e+02,3.359267975099171508e+02,-1.848820783001579260e+00
6.858203886973852832e+02,3.353727473143183033e+02,-1.852609540547871081e+00
6.856614480884130671e+02,3.348051068453833636e+02,-1.856740646085893953e+00
6.854858869879016083e+02,3.342501500637880554e+02,-1.864117006054868630e+00
6.853439442155701045e+02,3.337166538321931739e+02,-1.867964840255105674e+00
6.851967919740967545e+02,3.331394443436150254e+02,-1.871398204291656597e+00
6.849974542049043293e+02,3.326119715993174850e+02,-1.878609502267689857e+00
6.848144336268960615e+02,3.320505318932824252e+02,-1.883132009763652359e+00
6.846789567034277297e+02,3.315237523417725924e+02,-1.889766860915409463e+00
6.845201837179807853e+02,3.309808563697371255e+02,-1.893872011501247510e+00
6.843515116257301543e+02,3.304616376346858715e+02,-1.898537013672130458e+00
6.841351746765773214e+02,3.299209232461395800e+02,-1.905284292940502944e+00
6.838964081751727235e+02,3.294133383355746787e+02,-1.909989117323805052e+00
6.837225120686075570e+02,3.288822983022250810e+02,-1.915490185877131823e+00
6.835170255943713755e+02,3.283275433300399300e+02,-1.923231993076113033e+00
6.833084010389909508e+02,3.277994428437742158e+02,-1.929856222424481293e+00
6.831357430117070635e+02,3.272938525667924523e+02,-1.936407199104543286e+00
6.828981401897285650e+02,3.267621144351128919e+02,-1.944066579154833274e+00
6.826630125644232976e+02,3.262431731997870656e+02,-1.952967390552514226e+00
6.824260423093579675e+02,3.257097257001723847e+02,-1.961246960341628709e+00
6.822369593476189493e+02,3.251837783529899752e+02,-1.968838936635442405e+00
6.820319238079799788e+02,3.246985147183824552e+02,-1.977784416130921485e+00
6.817713086073956674e+02,3.241673849251646402e+02,-1.985958685886544783e+00
6.815195739103577353e+02,3.236352673498171271e+02,-1.996793995753061157e+00
6.812956374286510481e+02,3.231579907893282098e+02,-2.006184399546658170e+00
6.810843674020137541e+02,3.226255563976606027e+02,-2.016038556799698789e+00
6.807808743109778788e+02,3.221374625456652439e+02,-2.028338118750328434e+00
6.805266153054154756e+02,3.216541340559687683e+02,-2.039933675942689817e+00
6.802696521068762650e+02,3.211597670808778844e+02,-2.052259089308463569e+00
6.800054794851660063e+02,3.206910313020412104e+02,-2.066219163153542482e+00
6.797423007529770302e+02,3.202212285741417759e+02,-2.078541801861501614e+00
6.795019707825180149e+02,3.197352891319965806e+02,-2.092627718824276783e+00
6.792135665220102965e+02,3.192339550760216866e+02,-2.106971662610772622e+00
6.788908345472948440e+02,3.188140142555091074e+02,-2.123730057893455925e+00
6.785878173504746655e+02,3.183706499349802357e+02,-2.138147846658193796e+00
6.782387838347607385e+02,3.179204764881229153e+02,-2.153709617132296916e+00
6.779459668066191398e+02,3.174919933733232824e+02,-2.168452877893499053e+00
6.776188603893758682e+02,3.170714541367175343e+02,-2.185756992100925888e+00
6.773326497240506114e+02,3.166340080580266658e+02,-2.202858815677811943e+00
6.770132027569241018e+02,3.162429787376997297e+02,-2.217408683515379675e+00
6.766980975227926365e+02,3.158349848251523895e+02,-2.233336970317797210e+00
6.763893507950068624e+02,3.153716019003929318e+02,-2.249484159481560219e+00
6.760582977745577864e+02,3.149897611258735992e+02,-2.266199961613549085e+00
6.756866889487686194e+02,3.145928511873327125e+02,-2.281332181643249246e+00
6.753484335745106364e+02,3.142185005032603726e+02,-2.297142100020722832e+00
6.749430454082809092e+02,3.138628797067885898e+02,-2.312480855709063476e+00
6.745688356338849871e+02,3.135081122490315693e+02,-2.328836492597088359e+00
6.741715972760133582e+02,3.131251575707187271e+02,-2.346463264533673154e+00
6.738178498223525139e+02,3.127699849949625559e+02,-2.362662965547481342e+00
6.734588918240500561e+02,3.124035059513585111e+02,-2.376409965665216451e+00
6.731033752636628833e+02,3.120948065807983198e+02,-2.390584373688803943e+00
6.727458280083070576e+02,3.117385308352293123e+02,-2.402776006112756324e+00
6.723728406667620447e+02,3.114244776871476006e+02,-2.416542984925796667e+00
6.719437224702222693e+02,3.111197324804753634e+02,-2.429047568631359511e+00
6.715350891065633050e+02,3.107870187073955890e+02,-2.441886875488364250e+00
6.711490650304720020e+02,3.104785092791145757e+02,-2.452988842532655589e+00
6.708338715691538710e+02,3.101717720523728303e+02,-2.461699508100598344e+00
6.703792037250021849e+02,3.098422869273279616e+02,-2.472353929195719058e+00
6.700162768121723502e+02,3.095242984910925088e+02,-2.482151054284161606e+00
6.696611359597707178e+02,3.092511279698974818e+02,-2.485112193125500912e+00
6.692449776510511583e+02,3.089270945722734041e+02,-2.488853438228683324e+00
6.688729581530490123e+02,3.086528683994690709e+02,-2.490862372847387096e+00
6.684734605120515880e+02,3.083582451717299477e+02,-2.494062861812087473e+00
6.680997132518667740e+02,3.080738837252891358e+02,-2.492699548581863933e+00
6.677591468494276796e+02,3.077944932674250254e+02,-2.493871199628761026e+00
6.672841633768155134e+02,3.074771621739280931e+02,-2.492669933958115092e+00
6.669034890923672947e+02,3.072085678724695867e+02,-2.490492601321738775e+00
6.665536058544398657e+02,3.068899359751027873e+02,-2.488376811539286582e+00
6.662612496698759514e+02,3.065817604680755721e+02,-2.483576136596340245e+00
6.659204950451126024e+02,3.062835754518275166e+02,-2.478467141683262653e+00
6.654773564113367001e+02,3.060239127218093813e+02,-2.469795381277753776e+00
6.650695095871586773e+02,3.057247088107591253e+02,-2.462741508485006836e+00
6.647484697375831502e+02,3.054425586218473541e+02,-2.450425910610309010e+00
6.644809578191197943e+02,3.051725593680247357e+02,-2.438411460184371826e+00
6.642086204649065166e+02,3.048782101079895597e+02,-2.425077761862029835e+00
6.638910344464587752e+02,3.045486338845249179e+02,-2.409976531687362034e+00
6.635905742731148393e+02,3.042360717974645468e+02,-2.396444241166769906e+00
6.632653190276867008e+02,3.039685945400361220e+02,-2.383095644752787567e+00
6.630010607985079787e+02,3.036412221137820211e+02,-2.369064630200484967e+00
6.627190462843589103e+02,3.033262712070148837e+02,-2.355947514375336116e+00
6.625001754082229581e+02,3.030428439996989596e+02,-2.340689335124081616e+00
6.622561396281716952e+02,3.027174845445349547e+02,-2.325611513022621590e+00
6.620121691897102210e+02,3.024065231637425200e+02,-2.308921430802509889e+00
6.617539268061968869e+02,3.020740668450408748e+02,-2.293948429782067144e+00
6.615058002012629004e+02,3.017242104682709396e+02,-2.275010889465052255e+00
6.612688597742268257e+02,3.014676399041549075e+02,-2.252110161976923930e+00
6.610520757968632779e+02,3.010997002672983172e+02,-2.230868003378720932e+00
6.608459421125676272e+02,3.007975822490680002e+02,-2.206024099482080114e+00
6.606385118503847025e+02,3.005010903013260872e+02,-2.184378878352372322e+00
6.604612843916535212e+02,3.001294071200565554e+02,-2.163097689338829621e+00
6.602502199978436010e+02,2.998277207308007064e+02,-2.135427281352933360e+00
6.600929378858327254e+02,2.994924793759917065e+02,-2.109666187233553369e+00
6.599798805325318654e+02,2.991586567185113381e+02,-2.087426423619692439e+00
6.598576046125315315e+02,2.988287190486431086e+02,-2.060197551697836804e+00
6.597617339767047042e+02,2.985010893554816107e+02,-2.035789681409883922e+00
6.596488837641202281e+02,2.981618267983643022e+02,-2.010407590891382323e+00
6.595353770043967643e+02,2.978448958696710065e+02,-1.984565932663640675e+00
6.593843828609844877e+02,2.975110558251932389e+02,-1.955639562689413635e+00
6.593493818751077242e+02,2.971774173982002480e+02,-1.926548353178107797e+00
6.592521575149635282e+02,2.968839290855704576e+02,-1.899165118793993079e+00
6.591800278019497910e+02,2.965611729277185873e+02,-1.872074612078758582e+00
6.590878614517004053e+02,2.962170393301487934e+02,-1.843076292305276809e+00
6.590060681871411816e+02,2.958911287195724071e+02,-1.814658338760783529e+00
6.589521164645192357e+02,2.955507363857393557e+02,-1.784813395471662734e+00
6.588916723867397423e+02,2.952626703649473825e+02,-1.756854291937501644e+00
6.588664438381007358e+02,2.949427930370409285e+02,-1.726693152435579970e+00
6.588993530374272041e+02,2.946328905324766083e+02,-1.701610723229332933e+00
6.588625437945538579e+02,2.943171696651480715e+02,-1.673501748828291058e+00
6.588746271146399067e+02,2.939996741075433988e+02,-1.645074566014098849e+00
6.588685692331447399e+02,2.936860358807401212e+02,-1.617284374589087248e+00
6.588637420376270484e+02,2.933533000136682745e+02,-1.587960971119569242e+00
6.589152733288999571e+02,2.930693695048553877e+02,-1.561732651424635243e+00
6.589582050586024025e+02,2.927930584823358231e+02,-1.531925436246332373e+00
6.590347952219444778e+02,2.924798696848082500e+02,-1.503537957533505054e+00
6.590889936391249648e+02,2.921770612476859696e+02,-1.473443765148589657e+00
6.591146482887465936e+02,2.918886244409285382e+02,-1.444214394414863767e+00
6.591953868183850318e+02,2.916004512560843978e+02,-1.413359041675648298e+00
6.592901556722883925e+02,2.913051423296838038e+02,-1.387030620339602560e+00
6.593874088532144242e+02,2.910259730788772572e+02,-1.355107590432536702e+00
6.595346728842131370e+02,2.907610338136143469e+02,-1.328782321427116608e+00
6.596606084270666770e+02,2.905268828882763046e+02,-1.301404486522770521e+00
6.597813295987709807e+02,2.902675564800837265e+02,-1.271449290571095680e+00
6.598858762537416851e+02,2.900177167303456827e+02,-1.242418538139375750e+00
6.600312340248423197e+02,2.898032236697192729e+02,-1.214928891761034135e+00
6.601359096428415114e+02,2.895568697081372420e+02,-1.188545017389136316e+00
6.602408526259672499e+02,2.892912528003145098e+02,-1.160540865580859338e+00
6.603823983126418398e+02,2.890641914104008947e+02,-1.133391299458540669e+00
6.605177404104745165e+02,2.888702696357302102e+02,-1.107743067662823266e+00
6.606871264144166389e+02,2.886155196909025449e+02,-1.078439666450931034e+00
6.608013860907041135e+02,2.884214797349865194e+02,-1.052942424045631098e+00
6.610003643592475555e+02,2.882073545578428480e+02,-1.025614985715714855e+00
6.611950583382298419e+02,2.880338766676857745e+02,-1.003617034226620186e+00
6.613659416388352383e+02,2.878757930022400728e+02,-9.791429997600805679e-01
6.615223116113429569e+02,2.876403531601904433e+02,-9.530620495582182716e-01
6.616859189841144371e+02,2.874710766163620974e+02,-9.287163910106266407e-01
6.618689426198042156e+02,2.873129376011315230e+02,-9.042314034751089968e-01
6.620702649698851019e+02,2.871338085298795022e+02,-8.800488434374509339e-01
6.622475740283794039e+02,2.869698292492739142e+02,-8.577144041579449762e-01
6.624487687876721793e+02,2.868246170442274661e+02,-8.361453418631780155e-01
6.626083773651776028e+02,2.866122857003884974e+02,-8.110749221009622145e-01
6.627657237106398043e+02,2.864576269621205142e+02,-7.910423104742770883e-01
6.629364209071110281e+02,2.863483691474282296e+02,-7.724822994010984711e-01
6.631685711279816360e+02,2.861393762538821761e+02,-7.493755458482963538e-01
6.633380710976822456e+02,2.860526291702446429e+02,-7.334630159876563971e-01
6.635579859701090299e+02,2.859026890926371607e+02,-7.115792173911107410e-01
6.637387304482168702e+02,2.857690527171328654e+02,-6.908035947299141499e-01
6.639448514236863730e+02,2.856425939642870162e+02,-6.713439664810579854e-01
6.641436071033825783e+02,2.855103377961000888e+02,-6.526977474660692335e-01
6.643183565578999605e+02,2.854128462710050940e+02,-6.345852736440772413e-01
6.645043639219826446e+02,2.853113583521345618e+02,-6.179964877971193538e-01
6.647207124737826689e+02,2.851987587155450115e+02,-5.989175301526200590e-01
6.648805521274200601e+02,2.851136993951771501e+02,-5.838395983731586858e-01
6.650663174249658596e+02,2.850107589086883308e+02,-5.649771686169293705e-01
6.652565184778090952e+02,2.849037725853254983e+02,-5.469540837801291078e-01
6.654136044628947957e+02,2.848088396738625079e+02,-5.292378945347515629e-01
6.656151363531920424e+02,2.847272867164210197e+02,-5.119398476114306318e-01
6.657567092748770392e+02,2.846424605652941295e+02,-4.978558401414036605e-01
6.659385923755500016e+02,2.845869828788896143e+02,-4.810379726696420444e-01
6.661277379692909335e+02,2.844986766045939248e+02,-4.653521025005965539e-01
6.663301397400090309e+02,2.844427069584793912e+02,-4.492114531245430253e-01
6.664885241813378798e+02,2.844147956103958563e+02,-4.336405595458767137e-01
6.666382373435967565e+02,2.843678274361138278e+02,-4.146716036215060130e-01
6.668336834590099897e+02,2.843343978892356745e+02,-3.960775017522760733e-01
6.669976421855980107e+02,2.842966114389722065e+02,-3.770794307237535503e-01
6.671550393461627664e+02,2.842557073807861912e+02,-3.582676992044205311e-01
6.673306828976168390e+02,2.842308953747206033e+02,-3.393227771901823342e-01
6.674683478588739263e+02,2.842007605617293962e+02,-3.198745130500803002e-01
6.676802214792173800e+02,2.841899243987906516e+02,-2.993892536160729367e-01
6.678413636086842189e+02,2.841705690966179532e+02,-2.803773394933820606e-01
6.680038919131932289e+02,2.841643422290283638e+02,-2.593837457841992600e-01
6.681479609628116805e+02,2.841401001261840520e+02,-2.372699931191186717e-01
6.682794666383794038e+02,2.841438118265134563e+02,-2.156243451596731586e-01
6.684539860434095999e+02,2.841287377414126354e+02,-1.925743338180450348e-01
6.685791208796912315e+02,2.841127702850175751e+02,-1.694775198054760124e-01
6.687474969833423302e+02,2.841079679006369361e+02,-1.448985264243174975e-01
6.689277507590172718e+02,2.841316531234487002e+02,-1.196842041462451850e-01
6.691081655092892788e+02,2.841571396057137235e+02,-9.134138058740470800e-02
6.693144965271899309e+02,2.841861849695004594e+02,-6.309557029802893846e-02
6.694865422143374190e+02,2.842068591330045706e+02,-3.460134406831703868e-02
6.696906615343300473e+02,2.842274053150276814e+02,-5.830020233681198517e-03
6.698812497096107563e+02,2.842254878537182776e+02,2.520355807978036031e-02
6.701035916617295243e+02,2.843094111004542697e+02,5.849054854817840182e-02
6.702851599352015910e+02,2.843177424195837375e+02,9.140551599933337268e-02
6.704699020854427545e+02,2.843931215144315274e+02,1.266222308675913899e-01
6.706636852394881316e+02,2.844620227081451844e+02,1.623356409522718202e-01
6.708644681772103695e+02,2.845626132331483973e+02,1.999893626956903980e-01
6.710259365513901457e+02,2.846584289139349835e+02,2.373736818686258687e-01
6.712650711635375274e+02,2.847677644833587465e+02,2.777890812318341007e-01
6.715260626885187776e+02,2.848811722777953719e+02,3.208630801107913988e-01
6.717399571933946163e+02,2.850448609077235460e+02,3.609964249343768361e-01
6.719528487324214439e+02,2.851790605034103123e+02,4.068260061307936160e-01
6.721962586041689747e+02,2.853244117357032223e+02,4.489083025827916851e-01
6.724083429186151761e+02,2.854521094189599353e+02,4.932022940537334477e-01
6.725940816407742204e+02,2.856691671795173875e+02,5.350810457428295530e-01
6.727743793477922054e+02,2.858593304027515387e+02,5.768241319227538355e-01
6.729903718564686415e+02,2.860603112882084247e+02,6.249715357164591367e-01
6.731616059726432013e+02,2.862817114663379243e+02,6.712170198423940137e-01
6.733191504605604223e+02,2.865140206503036779e+02,7.155058195319619063e-01
6.734929697116428997e+02,2.867547154682240489e+02,7.571987615588050557e-01
6.737384801284085825e+02,2.870356258651385133e+02,7.957909983278920185e-01
6.738967247528264579e+02,2.872792408396680912e+02,8.364046505284304933e-01
6.740208020312860526e+02,2.875597154358814578e+02,8.737308021090914867e-01
6.742184264286117923e+02,2.878037168580646039e+02,9.134395816197486972e-01
6.743850238504013532e+02,2.881279561441476744e+02,9.509002059656207484e-01
6.745905773430976069e+02,2.884171252383781052e+02,9.867204469538259914e-01
6.746951772470798687e+02,2.887815867291713516e+02,1.019398848599667673e+00
6.748201257505265858e+02,2.891152787502323349e+02,1.052802532334082164e+00
6.749619367919433444e+02,2.894483834664815731e+02,1.087425391549302400e+00
6.750559225718468497e+02,2.897724445168421994e+02,1.114954658244517560e+00
6.752302584397059491e+02,2.901424853621869033e+02,1.141916379684238869e+00
6.753173354387705558e+02,2.904893553676056399e+02,1.170685281108841291e+00
6.754736339820507283e+02,2.908766971556536305e+02,1.191645668772363775e+00
6.755424073744555926e+02,2.912484921200267536e+02,1.211339648988662754e+00
6.757052348044330756e+02,2.916497220424119519e+02,1.226773624509591709e+00
6.758648925750873104e+02,2.920207234932762503e+02,1.238368981648204192e+00
6.759566047933783466e+02,2.924511481983340104e+02,1.250869409539380861e+00
6.760708720955886974e+02,2.928628047150260159e+02,1.257536955392463129e+00
6.762126000748496608e+02,2.932949496419083175e+02,1.262637492496543112e+00
6.763463991177520711e+02,2.937376908445057211e+02,1.267038071686030998e+00
6.764852382249498532e+02,2.941726047957897094e+02,1.272691970584222787e+00
6.766364006074624058e+02,2.946235496195946553e+02,1.271432774438075120e+00
6.767669479975978675e+02,2.950857085770805384e+02,1.275804238229064635e+00
6.769314383929857968e+02,2.955299746167337389e+02,1.275997329525742519e+00
6.770761547095853530e+02,2.960190830262893655e+02,1.275628719550749857e+00
6.771814110467639694e+02,2.964902602998636780e+02,1.280228352451827645e+00
6.773316277674779258e+02,2.969825128744834615e+02,1.279505005045133315e+00
6.775066675426670599e+02,2.974662163885575978e+02,1.282803673256418975e+00
6.776511132764645708e+02,2.979529998122357597e+02,1.281918869270383565e+00
6.777573566476903579e+02,2.984684172639003918e+02,1.285521993003177377e+00
6.779015687545603441e+02,2.989642915644107006e+02,1.287321116892048867e+00
6.780568363550579534e+02,2.994649836543038077e+02,1.289622886290461068e+00
6.782279713914408603e+02,3.000216889880154554e+02,1.292724720064676758e+00
6.783866041723915714e+02,3.005291928253711262e+02,1.294250470177321199e+00
6.785111810906212213e+02,3.010285555927663381e+02,1.296528541951986080e+00
6.786235278635367649e+02,3.015568223055668682e+02,1.301153332118941908e+00
6.787979261503951420e+02,3.020879104773235326e+02,1.303219551716642721e+00
6.789053764103753110e+02,3.025902243491925674e+02,1.307582395068411785e+00
6.790675338260886065e+02,3.031208518220685733e+02,1.311581540018457392e+00
6.791818676771621313e+02,3.036863497770208937e+02,1.312310371641872031e+00
6.793259282046706176e+02,3.041889382164562221e+02,1.315182949325188977e+00
6.794170721211804675e+02,3.047177977601555199e+02,1.315710523651395292e+00
6.795593969579063014e+02,3.052419207247360191e+02,1.324161154121916928e+00
6.797406132098499256e+02,3.058363506322024818e+02,1.324224776873130338e+00
6.799035909623034968e+02,3.063437942829561962e+02,1.326694349269441853e+00
6.799852292037874122e+02,3.068673506824383708e+02,1.327477549758395714e+00
6.801055827935995239e+02,3.074323938369462894e+02,1.331079606914373326e+00
6.802892551148516986e+02,3.079789751965099072e+02,1.333753879507135531e+00
6.804155459073837164e+02,3.085511104327688940e+02,1.336200369556019174e+00
6.805376879484711026e+02,3.090882394786602845e+02,1.339231428298775173e+00
6.806732091911259204e+02,3.096390838650361275e+02,1.341032768860047186e+00
6.808277043750731536e+02,3.102069037984056763e+02,1.341568984303014522e+00
6.809234584239403603e+02,3.107673816347793263e+02,1.339085694923889625e+00
6.810371500856629154e+02,3.113242396921756381e+02,1.339488845254561245e+00
6.811379008697131212e+02,3.118861548078024271e+02,1.340461553059367317e+00
6.812998251048035172e+02,3.123774750374205382e+02,1.338812379312828815e+00
6.814472020549395666e+02,3.129416073226552157e+02,1.338728574098067670e+00
6.815417338561030647e+02,3.135542644696012644e+02,1.337793207775112458e+00
6.817110941664805068e+02,3.141226630087716103e+02,1.336936262883907434e+00
6.818360076711403508e+02,3.146702844791096823e+02,1.335346342836625677e+00
6.819683344310205939e+02,3.152024357115773796e+02,1.333281273484604013e+00
6.821289834018784859e+02,3.157975252237908421e+02,1.332175041333580445e+00
6.822609948192947513e+02,3.163693053525130949e+02,1.330412516483735041e+00
6.824008362484428289e+02,3.169508744986732154e+02,1.329484311590334977e+00
6.825471024712535382e+02,3.174913918021985069e+02,1.327614922166244771e+00
6.827026247924702602e+02,3.180564148212762348e+02,1.325678923500751560e+00
6.828341439321532107e+02,3.186500996247787043e+02,1.324629008554483400e+00
6.829773771713272481e+02,3.191954630788179657e+02,1.321871198339166220e+00
6.831378557057756780e+02,3.197940250144263246e+02,1.322324083258405114e+00
6.832723900779158157e+02,3.203901644925461483e+02,1.320949752432547308e+00
6.834242770204131148e+02,3.209749638732872086e+02,1.320344573227820728e+00
6.835570489125162794e+02,3.215386251848919414e+02,1.321048958969855747e+00
6.837308714520266903e+02,3.221738947408318268e+02,1.322382926189809904e+00
6.838484452859610201e+02,3.227379134188827834e+02,1.321791816554471310e+00
6.839931295410437997e+02,3.233280035238362302e+02,1.320727268352109185e+00
6.841337799976446377e+02,3.239564745741209322e+02,1.318687567278832073e+00
6.842985712962189382e+02,3.244936867879209785e+02,1.315523100986034644e+00
6.844959565473135399e+02,3.251749127784412963e+02,1.316235900256577995e+00
6.845888317853177796e+02,3.257950018370182761e+02,1.314739210792025492e+00
6.847565890024494593e+02,3.263271863722771400e+02,1.312190109643384561e+00
6.848931162936438568e+02,3.269423770663851769e+02,1.314853699325038816e+00
6.850521130746035396e+02,3.274898537889795307e+02,1.310920740071802149e+00
6.852179929526611204e+02,3.280983314852058470e+02,1.312256392777672254e+00
6.853742467060374111e+02,3.286921858523531341e+02,1.309315188403221253e+00
6.855637019331467172e+02,3.292435682656188760e+02,1.307958567016134888e+00
6.856868988916446597e+02,3.298313440085613593e+02,1.306789769429189008e+00
6.858265457875615994e+02,3.304199277722595411e+02,1.304982304438956797e+00
6.859851692236227336e+02,3.310459400041590357e+02,1.303837463092900606e+00
6.861915649500683685e+02,3.316305056552483279e+02,1.303271507581739375e+00
6.863648920322181084e+02,3.321854605226389481e+02,1.302635173861902196e+00
6.865141721409372622e+02,3.328271363388524833e+02,1.299911077574993801e+00
6.866875942204643479e+02,3.334353974845087123e+02,1.297183594226894110e+00
6.868519453066347751e+02,3.339758705106273737e+02,1.299621717827140088e+00
6.870030031940973458e+02,3.345933825197286637e+02,1.298315719824398862e+00
6.871672097834086799e+02,3.351858634657332914e+02,1.294605263246195959e+00
6.873375306303029220e+02,3.357937966251273565e+02,1.291604267453139610e+00
6.875047489813592847e+02,3.363937479421398962e+02,1.288659005443934857e+00
6.876936322946901328e+02,3.369475503874541573e+02,1.286319927778607486e+00
6.878287566389378753e+02,3.375301264987522813e+02,1.287060738535322990e+00
6.880300413880144106e+02,3.381685729476660072e+02,1.287188860733568863e+00
6.881469461324580834e+02,3.387221990389055009e+02,1.286815387981760761e+00
6.883455382605714021e+02,3.393153352960481470e+02,1.285277462073057375e+00
6.885167456256074274e+02,3.399093357226932994e+02,1.282926874376075332e+00
6.886952056165317799e+02,3.405446498322035609e+02,1.282401425492517566e+00
6.888930525661947968e+02,3.410948672524606309e+02,1.280330718134163659e+00
6.890814225281159224e+02,3.417011794992286582e+02,1.278564995095698542e+00
6.892346072631572724e+02,3.422922439527411598e+02,1.277090657286600317e+00
6.894341615252761812e+02,3.429127262368664901e+02,1.278044266174747978e+00
6.896121521987956839e+02,3.434830381851816128e+02,1.277157954018512731e+00
6.897795645799375279e+02,3.441080974211968737e+02,1.274044971050998898e+00
6.899424167949588309e+02,3.447172244077625578e+02,1.271188884185470380e+00
6.901334814499149388e+02,3.452968485651626338e+02,1.273265357128969155e+00
6.903183298226534816e+02,3.459299477772337355e+02,1.270670453943825606e+00
6.905036499849477423e+02,3.465281803570399006e+02,1.270163201825587507e+00
6.907146290363431262e+02,3.471117506989056665e+02,1.268135724337673187e+00
6.908486256516318917e+02,3.477207609636219559e+02,1.267437450085682205e+00
6.910318017589241890e+02,3.483510576873164268e+02,1.266813578079799107e+00
6.912497217353204633e+02,3.489394155533626645e+02,1.263037127566520867e+00
6.914453240357238428e+02,3.495119564708133453e+02,1.263882836357021144e+00
6.916531074458682724e+02,3.501571017900443508e+02,1.262705112007213248e+00
6.918455871111993929e+02,3.507674344683859431e+02,1.261920856613615527e+00
6.920442802079262492e+02,3.513372909836218696e+02,1.263009530292334315e+00
6.922262419023114717e+02,3.519077575748590334e+02,1.259904047904254254e+00
6.924302603746147042e+02,3.525368582781110831e+02,1.257812443163075056e+00
6.926276905555063195e+02,3.531495208317563197e+02,1.259180666895211465e+00
6.927903924337305170e+02,3.538110585466686757e+02,1.257249763123713615e+00
6.929992674352237145e+02,3.544185099727095007e+02,1.256430762778562693e+00
6.932546497137831238e+02,3.550295821357449313e+02,1.252928333229158531e+00
6.934186289123277902e+02,3.557114428706888702e+02,1.250687460756181313e+00
6.936573444415795393e+02,3.563187635818891863e+02,1.251296330426816317e+00
6.938513229502008244e+02,3.568968940159381873e+02,1.250386915975934654e+00
6.940606672965267308e+02,3.575402690508570345e+02,1.249730954011666340e+00
6.942641460202755752e+02,3.581880971141363261e+02,1.248844442213744355e+00
6.944524090261302263e+02,3.588082761689917106e+02,1.250020424070302338e+00
6.946354567529524502e+02,3.594070605511253120e+02,1.251854279061644704e+00
6.948703717785947447e+02,3.599863958487080140e+02,1.248536838152175310e+00
6.950963659174913118e+02,3.606402702509317919e+02,1.247104442553363945e+00
6.952861645065921721e+02,3.613286624028132223e+02,1.246911124000678051e+00
6.955212436623281747e+02,3.619012874688874604e+02,1.247375247199998149e+00
6.957261725036324833e+02,3.625548678940083391e+02,1.247344778169804380e+00
6.959843875156847162e+02,3.632099065110282936e+02,1.247670292942339554e+00
6.961449524209756419e+02,3.639201682414491188e+02,1.249114244641788218e+00
6.963444196647435547e+02,3.645502474608488228e+02,1.248416601509152901e+00
6.966001517742714668e+02,3.651685237916164510e+02,1.247803456997383709e+00
6.967467919521637896e+02,3.657735449821793168e+02,1.249436847419379992e+00
6.969920811676888661e+02,3.664862829065689311e+02,1.249022527008923689e+00
6.971912365927518067e+02,3.671015035073888271e+02,1.249242443168488093e+00
6.973627050539062111e+02,3.676751364520381458e+02,1.251285616728315508e+00
6.976510034901126573e+02,3.682645398984615781e+02,1.251492166552616636e+00
6.978793741305405547e+02,3.688993656343838552e+02,1.253443723803600252e+00
6.980836459289358800e+02,3.695554754658916750e+02,1.252419480936269203e+00
6.982453703282219521e+02,3.701735714957852679e+02,1.253506332614485297e+00
6.983904344281236263e+02,3.707736984279670764e+02,1.253582645425312059e+00
6.985959833442025229e+02,3.714735323823761632e+02,1.252862394720499761e+00
6.988937359643026639e+02,3.719436979887165649e+02,1.256480466510645266e+00
6.991092409238236769e+02,3.726116838415537131e+02,1.257206921073726003e+00
6.992985290598040820e+02,3.733067223881894847e+02,1.256644820500100401e+00
6.994274955948197885e+02,3.739342197351447794e+02,1.255562236837359347e+00
6.996089021493286282e+02,3.745848907401392012e+02,1.255741276811180862e+00
6.997758512900803680e+02,3.752372668128726332e+02,1.255352410702333277e+00
6.999768921870712575e+02,3.758222792626090722e+02,1.255822853605538025e+00
7.002055466246949891e+02,3.764294683014310294e+02,1.256261992648457948e+00
7.004150075518954282e+02,3.770050477603958825e+02,1.258584745475315403e+00
7.005953033906130258e+02,3.776876201110702596e+02,1.259416666594172174e+00
7.008079490032249623e+02,3.783593695857968555e+02,1.258947424169160056e+00
7.009888102365119948e+02,3.789539150183414336e+02,1.260736658642764629e+00
7.011918816978503628e+02,3.795526238763855531e+02,1.262090981214531560e+00
7.013907247337103854e+02,3.801974096612356107e+02,1.264233282854304141e+00
7.015694863846490534e+02,3.807862941343892089e+02,1.265630626128902092e+00
7.017921286879345644e+02,3.814466406424508591e+02,1.265844848080283525e+00
7.019397967072658275e+02,3.819784160462319846e+02,1.267696892308657119e+00
7.021397467994743238e+02,3.825978818103914136e+02,1.267394913759488873e+00
7.023061456610620326e+02,3.832484515092292554e+02,1.267249036887453606e+00
7.024867997556989394e+02,3.838288196117493385e+02,1.267560312040572734e+00
7.026636817277259297e+02,3.845120020260537217e+02,1.268143355040140419e+00
7.029051923593812035e+02,3.851000760624008308e+02,1.269427484679797935e+00
7.030247543823227261e+02,3.857820117773088668e+02,1.267880622644611766e+00
7.032377741469130115e+02,3.863070635125633316e+02,1.268871212988177621e+00
7.033644181275910796e+02,3.869224110418886653e+02,1.268550490781599871e+00
7.035566736502660206e+02,3.875191504761914985e+02,1.268756585524466463e+00
7.037280359989662202e+02,3.880956012916728355e+02,1.268723131797084180e+00
7.039629286455876809e+02,3.886603674136443374e+02,1.270753257027061878e+00
7.041533944300391568e+02,3.892391257972853964e+02,1.270632024716696451e+00
7.043296484990181625e+02,3.898770376187700322e+02,1.270828298613683405e+00
7.044837643511831402e+02,3.903886476968372108e+02,1.272103568474248991e+00
7.046161144871283568e+02,3.910448467471408094e+02,1.271146702311517940e+00
7.048282118317746381e+02,3.916290537445376003e+02,1.271285862179443393e+00
7.049439637154600860e+02,3.921855390550186939e+02,1.270594488264219279e+00
7.051163392568591917e+02,3.927010452458476948e+02,1.272377938017323240e+00
7.053014242775691400e+02,3.933699361840248798e+02,1.270779306427082700e+00
7.054671991324693181e+02,3.939153618976444591e+02,1.272613681451598255e+00
7.056125883824807943e+02,3.944460447254892870e+02,1.270799649533502773e+00
7.057724603932696255e+02,3.950414314706758887e+02,1.270153830623389490e+00
7.059749975629883920e+02,3.955861912313486641e+02,1.272511484690640682e+00
7.061253344370395553e+02,3.961580240870281386e+02,1.272318645111046420e+00
7.062908574557602606e+02,3.967056179611147400e+02,1.269878229693035321e+00
7.064387963268835620e+02,3.972730352742242417e+02,1.268634979532937468e+00
7.066009308339035897e+02,3.978126623067511787e+02,1.268524393699803854e+00
7.067796309044589407e+02,3.983664286396351599e+02,1.268770126874570803e+00
7.069132972182758294e+02,3.989299316106821607e+02,1.268090548363389747e+00
7.071091441488451892e+02,3.994840228059605920e+02,1.269045928853700600e+00
7.072959543203411386e+02,4.000419773898736935e+02,1.268513394138863992e+00
7.074174354039497530e+02,4.005860771276649075e+02,1.268757592204971418e+00
7.075988278027321030e+02,4.011350659457139045e+02,1.267282511648524901e+00
7.078169941070210598e+02,4.017003980539323038e+02,1.268216334394268063e+00
7.079435990540555395e+02,4.022532203963477286e+02,1.265796813018706279e+00
7.081334210139765446e+02,4.028362673886945231e+02,1.266805354511904458e+00
7.082978197744785120e+02,4.033854424363087219e+02,1.266015900522424076e+00
7.084439381097461137e+02,4.039611626090901950e+02,1.265586386605727309e+00
7.085913887590847935e+02,4.045032610243006843e+02,1.266128118798638846e+00
7.087554088204327627e+02,4.049958261569045135e+02,1.266238462452801805e+00
7.089435767148140712e+02,4.055524576976817457e+02,1.267569045445913867e+00
7.091253168364613657e+02,4.061253113277538205e+02,1.265668826156397531e+00
7.093034985427718766e+02,4.066867338924053001e+02,1.266719664917893562e+00
7.095090650989722008e+02,4.072361402047381489e+02,1.264960525633486155e+00
7.096780964617269092e+02,4.077988023991940736e+02,1.265559033113443643e+00
7.098533340969931942e+02,4.084109262254835926e+02,1.263490687375654842e+00
7.100242247580463300e+02,4.089739589894352889e+02,1.265053533880338810e+00
7.101947355720075166e+02,4.095140175536531615e+02,1.262646401118554973e+00
7.103680404273014801e+02,4.100720664070425983e+02,1.261651004513939300e+00
7.105385590777885909e+02,4.106291110882477824e+02,1.260510416080130591e+00
7.107090253216005067e+02,4.111843899986542965e+02,1.260549054699995564e+00
7.109023671402649143e+02,4.117677018601914369e+02,1.259899352298607944e+00
7.110713444492494091e+02,4.123493522651183980e+02,1.258208896932786702e+00
7.112531395491931789e+02,4.129204476448182959e+02,1.255653448655331239e+00
7.114685598824770523e+02,4.134667571538182642e+02,1.255464485800153795e+00
7.116420246807215335e+02,4.140290340212500269e+02,1.256608086100508448e+00
7.118418385638631207e+02,4.146273680792963887e+02,1.255044056936190700e+00
7.120245278640172728e+02,4.152011428405326114e+02,1.254527309031064020e+00
7.122177108204750766e+02,4.157700488077680347e+02,1.253677677661686030e+00
7.123907777818460545e+02,4.163503624480804888e+02,1.252190674499221501e+00
7.125817456533636687e+02,4.169449483033058073e+02,1.251299483921359590e+00
7.127615411134974011e+02,4.174840261997562152e+02,1.250443372190908287e+00
7.129297350912712545e+02,4.180473997687433894e+02,1.249582535190161714e+00
7.131116426367100303e+02,4.186301615436144630e+02,1.246891376875474355e+00
7.132968984425911003e+02,4.191860266648066613e+02,1.246567505019921418e+00
7.135014799073724134e+02,4.197960898514324413e+02,1.244655734321132412e+00
7.136671514926125610e+02,4.203498943889009070e+02,1.244897374785976840e+00
7.138515462197510715e+02,4.209075231851933268e+02,1.244307904343841642e+00
7.140434754317736861e+02,4.215109877815124833e+02,1.242256801823190093e+00
7.142569770600812262e+02,4.220753137272084246e+02,1.241288562185008715e+00
7.144482942893815789e+02,4.226883692903392102e+02,1.241396629957532971e+00
7.146422269876336486e+02,4.232302583702480661e+02,1.239765231768747977e+00
7.148284710787875156e+02,4.238168605011708792e+02,1.239810067605902733e+00
7.150292011104044150e+02,4.244186285857061876e+02,1.237880598467105742e+00
7.152316620096036104e+02,4.249810182187360397e+02,1.236576610840181223e+00
7.154272818767660738e+02,4.255707463214744735e+02,1.235405128564729393e+00
7.156423424583994120e+02,4.261846220882819694e+02,1.233864803410183120e+00
7.158516670002417186e+02,4.267474868283387082e+02,1.233216721277812900e+00
7.160425209476813961e+02,4.273412742692306097e+02,1.232127974655243818e+00
7.162452155467802868e+02,4.279303625498152996e+02,1.231938494537982098e+00
7.164413812825613377e+02,4.284997225742042701e+02,1.230068872933194335e+00
7.166370470342427552e+02,4.290813429888531232e+02,1.229665738417307974e+00
7.168310320698442411e+02,4.296808363102550743e+02,1.230368631584720207e+00
7.170540461551543103e+02,4.302967286590932190e+02,1.228037364713432833e+00
7.172390628849971108e+02,4.308711201151554064e+02,1.225075728974520217e+00
7.174533323549597981e+02,4.314532790896889765e+02,1.224168109797522330e+00
7.176712213970438370e+02,4.320328520116163418e+02,1.221839939821113941e+00
7.178642150034759197e+02,4.326230590356464631e+02,1.220398397358888332e+00
7.180771783571009337e+02,4.331904181450508418e+02,1.217470565210391875e+00
7.183007314402436805e+02,4.337791901448724161e+02,1.215353136688038349e+00
7.185335414772437161e+02,4.343523614825582513e+02,1.211804696374879864e+00
7.187413867735014037e+02,4.349380325066387627e+02,1.210172968146820516e+00
7.189601393581053799e+02,4.355347458244373229e+02,1.206888072739052742e+00
7.191829030941487417e+02,4.360953477653051209e+02,1.203466687662334111e+00
7.193894887064539034e+02,4.366479985241264785e+02,1.201965502409819475e+00
7.196276007093737235e+02,4.372337282311798390e+02,1.197687394980915476e+00
7.198430341799997905e+02,4.378086822691133762e+02,1.194616334784955214e+00
7.200835775888598391e+02,4.383891671184492225e+02,1.192632689055742823e+00
7.203036274393114127e+02,4.389638128232024883e+02,1.190075944447055223e+00
7.205295900674001359e+02,4.395361815668999270e+02,1.186286743187938475e+00
7.207413230526556163e+02,4.400663464607013680e+02,1.184126603384356713e+00
7.209548949784847309e+02,4.406231124222946960e+02,1.180985310810331868e+00
7.211989035278907068e+02,4.412198032872155977e+02,1.178751643321702014e+00
7.214170744784255476e+02,4.417596542046088643e+02,1.176535786658909233e+00
7.216813845389586959e+02,4.423135208283650854e+02,1.173564461991195795e+00
7.219070649749423865e+02,4.428779307508075931e+02,1.170585805370824239e+00
7.221213322298399362e+02,4.434035954722841097e+02,1.168204123149943818e+00
7.223563514350778405e+02,4.439382435430966325e+02,1.165227306396276807e+00
7.225991155633113294e+02,4.444917765770505866e+02,1.163652317031247607e+00
7.228339137385437425e+02,4.450154987890154530e+02,1.160648191452004152e+00
7.230519636286095420e+02,4.455513257044998454e+02,1.157476274148923290e+00
7.232860158393133361e+02,4.460873106394727756e+02,1.154711174037849952e+00
7.235239441616852218e+02,4.466016648969174980e+02,1.151743073849684773e+00
7.237763491822132664e+02,4.471255331541017881e+02,1.148174747788827776e+00
7.240156928599487856e+02,4.476470919743376271e+02,1.145004597483490150e+00
7.242688577763761941e+02,4.481569708096464524e+02,1.142226282138899096e+00
7.244726773718251707e+02,4.486371941011064450e+02,1.138554812687493367e+00
7.247194284870421370e+02,4.491716378027758765e+02,1.135323491470644264e+00
7.249451861173887437e+02,4.496832158613421484e+02,1.131923586582171737e+00
7.251895175900995127e+02,4.501932707567776220e+02,1.128374978350974223e+00
7.254313742402264324e+02,4.506807899731208522e+02,1.125978437026529555e+00
7.256612510127268934e+02,4.512180446716611755e+02,1.122468426596813451e+00
7.259234526784938453e+02,4.516945170436173385e+02,1.117833108168801548e+00
7.261449758886944892e+02,4.522092816133341557e+02,1.115287899204102873e+00
7.263976363997101089e+02,4.527318414837158684e+02,1.111435538096188891e+00
7.266576353829843811e+02,4.532386212119934044e+02,1.107420586324438183e+00
7.268966186229288269e+02,4.537455671661847987e+02,1.104056314580108777e+00
7.271363979022881949e+02,4.542436991306794312e+02,1.100172752419328104e+00
7.273940442217048030e+02,4.547486341897334228e+02,1.097366857284503450e+00
7.276570703081785041e+02,4.552684102881324861e+02,1.093568363169094892e+00
7.279942276178741167e+02,4.557797118178636424e+02,1.089328617790456644e+00
7.282345334729550359e+02,4.563040139912571931e+02,1.086274646832171120e+00
7.284961433990050637e+02,4.567751889971410151e+02,1.082142132536280998e+00
7.287869239146114069e+02,4.573035121603846278e+02,1.080338649298310694e+00
7.290524663579045637e+02,4.577873124683040942e+02,1.077887038915751772e+00
7.293199498434139514e+02,4.583057701592072704e+02,1.076095194211296624e+00
7.295844620786232326e+02,4.588149360978970321e+02,1.073683940346627841e+00
7.298688141484142307e+02,4.593458734611863292e+02,1.071938278599331662e+00
7.301355293932573431e+02,4.598309089356874892e+02,1.071138580748374869e+00
7.304075957652775060e+02,4.603288944162968619e+02,1.068679485768943449e+00
7.307013803125738605e+02,4.608569377021882474e+02,1.065029694200782195e+00
7.309703328139559062e+02,4.613663673114629091e+02,1.062682184421328335e+00
7.312717849420035918e+02,4.618757800006840739e+02,1.060575055175694947e+00
7.315572854307209809e+02,4.623761990273721381e+02,1.058265110471213077e+00
7.318402135914857354e+02,4.629019515191957339e+02,1.055783069401926566e+00
7.321199243935212735e+02,4.634229729231432771e+02,1.052611606752109852e+00
7.323888202811684778e+02,4.638921423233822452e+02,1.050153776311572251e+00
7.326935110663571322e+02,4.644178564423082776e+02,1.048636442027027105e+00
7.329786744615136058e+02,4.649502522981758830e+02,1.045816198032427202e+00
7.332821298504607057e+02,4.654337363933212259e+02,1.042662903345853653e+00
7.335531945979594184e+02,4.659241466314306876e+02,1.039721743980966950e+00
7.338512208996104391e+02,4.664412802904207069e+02,1.036930001147530866e+00
7.341655178297817201e+02,4.669401015981372893e+02,1.034696680076281572e+00
7.344783829455063824e+02,4.674445612327426716e+02,1.031675811933260301e+00
7.347876405586545161e+02,4.679287339307087450e+02,1.028249346496404870e+00
7.350848519967412358e+02,4.684545628343307726e+02,1.025591810947601212e+00
7.353984903779977458e+02,4.689706993679379821e+02,1.021531323094460042e+00
7.357233761927165006e+02,4.694843835774187255e+02,1.017535775349315719e+00
7.360302688125518671e+02,4.699834757339737621e+02,1.014260121664690706e+00
7.363573494191377904e+02,4.705058306295880470e+02,1.011267014707247780e+00
7.366793988815916236e+02,4.710221410372887476e+02,1.007557423229464622e+00
7.369932054211204786e+02,4.715262211887784360e+02,1.004783776113161053e+00
7.373398992511879442e+02,4.720394685424075192e+02,1.001734477077983021e+00
7.376743218062114238e+02,4.725512048652116732e+02,9.980620918992494373e-01
7.380027907430506957e+02,4.730463152875505557e+02,9.943500050047420213e-01
7.383422127232839784e+02,4.735627589950137235e+02,9.908023201372894162e-01
7.386836275028216505e+02,4.740625239980362267e+02,9.880200301528582196e-01
7.390189567756748374e+02,4.745752185515631254e+02,9.841479804576157564e-01
7.393790203700011716e+02,4.751054109808938506e+02,9.810488245271611341e-01
7.397228706687006934e+02,4.755850178535138753e+02,9.793383369100892022e-01
7.400600960835644173e+02,4.760689568223794481e+02,9.784795106336182657e-01
7.404123221055785962e+02,4.766151850794863662e+02,9.760403881385174563e-01
7.407343002319307743e+02,4.770871932364856320e+02,9.749455217291923548e-01
7.410625165770134117e+02,4.776082557204489945e+02,9.719776744650131528e-01
7.414240336933064555e+02,4.781004535776855278e+02,9.720890798941757005e-01
7.417763828051495238e+02,4.786343009389204326e+02,9.685540025916116180e-01
7.421261804309268655e+02,4.791088401781922244e+02,9.678851789143210205e-01
7.424510403384854271e+02,4.796073385109414744e+02,9.659443032399124274e-01
7.428331630196487367e+02,4.801288358210600222e+02,9.655444655986766822e-01
7.431728725859654787e+02,4.806181816544547019e+02,9.625968953085585200e-01
7.434946566850816225e+02,4.810996551546543856e+02,9.604773802601626054e-01
7.438747178074792146e+02,4.816443004657784854e+02,9.594211610440265270e-01
7.441967801366789672e+02,4.821232336760476755e+02,9.568555991918312742e-01
7.445732196030103296e+02,4.826498480756742993e+02,9.553891044111170183e-01
7.449052525340835018e+02,4.831308411745949343e+02,9.522744622548151572e-01
7.452674498550301223e+02,4.835903350865356742e+02,9.521762366589437976e-01
7.456263723459684343e+02,4.840877701758987541e+02,9.510104004948544132e-01
7.459701855983715859e+02,4.845490391687054057e+02,9.490879272723917737e-01
7.463110049759776530e+02,4.850500304484539242e+02,9.471401932278081803e-01
7.466760657472669891e+02,4.855532079285766827e+02,9.447197997907870182e-01
7.470562498772405888e+02,4.860602984874793719e+02,9.439367824327076217e-01
7.474064409159083198e+02,4.865445565319851653e+02,9.417797588352980753e-01
7.477716485085471732e+02,4.870372850435771852e+02,9.401086385180452698e-01
7.481147612425917259e+02,4.875294011649830850e+02,9.372853015066715532e-01
7.484772724805043254e+02,4.880216938026850926e+02,9.365735583903713746e-01
7.488318530039568941e+02,4.885102424962069563e+02,9.343372653325668908e-01
7.491820693895107297e+02,4.889919411426662919e+02,9.334948121479273997e-01
7.495215878821218212e+02,4.894614723944569619e+02,9.325488041988412302e-01
7.498997797887523120e+02,4.899834219840113860e+02,9.303938999733363246e-01
7.502527415657901884e+02,4.904550948863039253e+02,9.286706612706439046e-01
7.506191427247379124e+02,4.909358657155041215e+02,9.281248245155679921e-01
7.509513673304614940e+02,4.913935311102450214e+02,9.252372543543754269e-01
7.513216102397860823e+02,4.919042870450366536e+02,9.228950393013747311e-01
7.516797369022785915e+02,4.924053565439294289e+02,9.204836063907212429e-01
7.520523352703635283e+02,4.928699287449507551e+02,9.196221704861422541e-01
7.524154648450494278e+02,4.933644016989743477e+02,9.184770870446864466e-01
7.527218944927791426e+02,4.937927734808732225e+02,9.184923775975112337e-01
7.530879626480946172e+02,4.942763204110535185e+02,9.173493775303063202e-01
7.534481873595051411e+02,4.947722254662635919e+02,9.169526008848449816e-01
7.538028896713555014e+02,4.952532845239336439e+02,9.168747783345931879e-01
7.541588782252165402e+02,4.957282657091287774e+02,9.173751967547336683e-01
7.545128049419174658e+02,4.962040911677341910e+02,9.168443859197806800e-01
7.548970212350548081e+02,4.966882024817475099e+02,9.168324076999642136e-01
7.552721870000510762e+02,4.971797032587807053e+02,9.149276204078857777e-01
7.556111853126699316e+02,4.976265482403825899e+02,9.148480644649695792e-01
7.559722305484294793e+02,4.980833743528444302e+02,9.151853963110744283e-01
7.563409853207170954e+02,4.985794561471624320e+02,9.141735253147612594e-01
7.567075625035951134e+02,4.990619943167170049e+02,9.129404031524919194e-01
7.570836728528547610e+02,4.995348943864683520e+02,9.133021162383742064e-01
7.574630785145304799e+02,5.000291085044772785e+02,9.129420408203930970e-01
7.578057924462287929e+02,5.004764795876272387e+02,9.122711628661512862e-01
7.581611818579340252e+02,5.009562662593285722e+02,9.126705885163511889e-01
7.585301783007346330e+02,5.014034126020305848e+02,9.118918093529281288e-01
7.588934215739650426e+02,5.018980434503775996e+02,9.111999876381393637e-01
7.592435979920711588e+02,5.023675155341253458e+02,9.106340933056417120e-01
7.596329567902213284e+02,5.028690191011939419e+02,9.098873240023396258e-01
7.600083140081359261e+02,5.033558300416185034e+02,9.098448409902886169e-01
7.603611049413163983e+02,5.038006351510059631e+02,9.095570903717972167e-01
7.607447104498221506e+02,5.043019572021449903e+02,9.081503169655894547e-01
7.610904164996893542e+02,5.047908494647361408e+02,9.077843928587393529e-01
7.614379804003473282e+02,5.052484792943520802e+02,9.084477188168385009e-01
7.618342881564568643e+02,5.057846606343015310e+02,9.100151786382103536e-01
7.622162090945306545e+02,5.062701633857627712e+02,9.115093451855874607e-01
7.625827708236640774e+02,5.067424034160173960e+02,9.122384508522589641e-01
7.629100152038322449e+02,5.071983089632738029e+02,9.137023056040645130e-01
7.633048668217830937e+02,5.077028723378373911e+02,9.142296787728863006e-01
7.636826064659383064e+02,5.081970497948560137e+02,9.160123298406144254e-01
7.640593544197256506e+02,5.086903096467124783e+02,9.165434939757446386e-01
7.644169856761997153e+02,5.091688963790891194e+02,9.171332841698257576e-01
7.647980605990177310e+02,5.096605797591862483e+02,9.179323389243656539e-01
7.651821056088432442e+02,5.101771737313941912e+02,9.186528140587699731e-01
7.655279336516107378e+02,5.106602173328993786e+02,9.191180780961455410e-01
7.659132944350371872e+02,5.111797133501596022e+02,9.199833767575458232e-01
7.662752847654272728e+02,5.116745500930622370e+02,9.199607881671575393e-01
7.666338483967670072e+02,5.121654694272289134e+02,9.208856899851436406e-01
7.669875656992775248e+02,5.126465348598982246e+02,9.214133544618341443e-01
7.673725069793923694e+02,5.131636449987470314e+02,9.215139467063967471e-01
7.677723321020986305e+02,5.136677433411301763e+02,9.208687795526745434e-01
7.681410398380733113e+02,5.141664882243283046e+02,9.216474368411747831e-01
7.685016978527258971e+02,5.146716312151065722e+02,9.213418867093966513e-01
7.688800637454520484e+02,5.151653879732449468e+02,9.217703406404648137e-01
7.692651467101195522e+02,5.156764845279805058e+02,9.216350900810379443e-01
7.696434541913932890e+02,5.161822650201111173e+02,9.216302257673923970e-01
7.700147126202502932e+02,5.166711125602693073e+02,9.218535988856796370e-01
7.703902681613089953e+02,5.171900682569440733e+02,9.218146699439007108e-01
7.707822848467635595e+02,5.176871391422677107e+02,9.214742126047544835e-01
7.711685239148524715e+02,5.181923921257729262e+02,9.212536891246255744e-01
7.715193548059080513e+02,5.186786549563557855e+02,9.210225081982649220e-01
7.719096031033126337e+02,5.191838713031231691e+02,9.200182931642214568e-01
7.722974287221277336e+02,5.197022657462392772e+02,9.197704371076680374e-01
7.726666133272658499e+02,5.202096018347301651e+02,9.196977323008750371e-01
7.730359059054808313e+02,5.206808661433547059e+02,9.191695279763523185e-01
7.734189284957386690e+02,5.212014639729575265e+02,9.192396142549320581e-01
7.738134697364961312e+02,5.217123441889232254e+02,9.191773908218578981e-01
7.741830409341895347e+02,5.221983383102193557e+02,9.183746815957142262e-01
7.745747717134725008e+02,5.227283687367330458e+02,9.187760999682644814e-01
7.749512035689309641e+02,5.232362184398631371e+02,9.184092974689809230e-01
7.753364259540063586e+02,5.237379548960400371e+02,9.176500149565566256e-01
7.757096144136396560e+02,5.242328665982287248e+02,9.174993953447311279e-01
7.760743212413259471e+02,5.247273205651071066e+02,9.174940195569587509e-01
7.764761881019278462e+02,5.252493654207336249e+02,9.167644525781395437e-01
7.768618307122558235e+02,5.257396777264149250e+02,9.170975186916197064e-01
7.772284507183545657e+02,5.262353033602480537e+02,9.163821913539037523e-01
7.776014767653508670e+02,5.267562034925849730e+02,9.161192230563095507e-01
7.779968614745467903e+02,5.272509360582105273e+02,9.154484659766749521e-01
7.784125347729655005e+02,5.277966261015791360e+02,9.151222486952469426e-01
7.787608870260777394e+02,5.282668368635582965e+02,9.143040738235969078e-01
7.791604012038623068e+02,5.287785124714262111e+02,9.137410393747911197e-01
7.795440994263997254e+02,5.292834559634884499e+02,9.123932986003563395e-01
7.799268178792463004e+02,5.298057959044127756e+02,9.101056379367193916e-01
7.803055414782509160e+02,5.303146600456572060e+02,9.094198937625119772e-01
7.807106693532889494e+02,5.308156090548790189e+02,9.077261324573878687e-01
7.811204966219725065e+02,5.313311260789274684e+02,9.061817820640045706e-01
7.815098986232404741e+02,5.318499689456226633e+02,9.044038961475064919e-01
7.819056749300289084e+02,5.323512208154339760e+02,9.024323526685857910e-01
7.823050824131159970e+02,5.328397818363700935e+02,9.008580155839847059e-01
7.826880554963868235e+02,5.333401967587982426e+02,8.985368008557643726e-01
7.831013700977885037e+02,5.338610558645480069e+02,8.968067742923349073e-01
7.835092122826356444e+02,5.343952311410117773e+02,8.957853932923042217e-01
7.839119777262829984e+02,5.348955611833596322e+02,8.940408930903240847e-01
7.842975948915207027e+02,5.353707920432209448e+02,8.925664975172130644e-01
7.846998059708134861e+02,5.358969192494025719e+02,8.909420374393388631e-01
7.851225387639822202e+02,5.364062302717237571e+02,8.887289352766989392e-01
7.855288481429664671e+02,5.369001553697427198e+02,8.873992369088580245e-01
7.859285551437756112e+02,5.374037585080549206e+02,8.864143406293049088e-01
7.863235272641502434e+02,5.378984847705665970e+02,8.843131433384098239e-01
7.867118673903269155e+02,5.383887075710046020e+02,8.839722440719832708e-01
7.871405941265098818e+02,5.388797237920645102e+02,8.830515668338990709e-01
7.875231182345364687e+02,5.393676223012432729e+02,8.821296936189564342e-01
7.879270169133167201e+02,5.398445958570474659e+02,8.824883969776637915e-01
7.883264885271316871e+02,5.403325085741847715e+02,8.818307020282830644e-01
7.886994834316034257e+02,5.408010807121055450e+02,8.824235744405765081e-01
7.891169631921517293e+02,5.413072829101024581e+02,8.815427220271845332e-01
7.895177997864509507e+02,5.417914652038534769e+02,8.819171100536823404e-01
7.899206710230838553e+02,5.422766643019366484e+02,8.815796607583525901e-01
7.903384000641098055e+02,5.427546968663125426e+02,8.816431357013800874e-01
7.907265788089149510e+02,5.432313958766343376e+02,8.821941857256713204e-01
7.911183267880295489e+02,5.437277282605506343e+02,8.826981601235698305e-01
7.915017127141760511e+02,5.441813523015297278e+02,8.823861000747724725e-01
7.918920764536082970e+02,5.446656456708495853e+02,8.829807042124745431e-01
7.922830100297447871e+02,5.451345360454089359e+02,8.830973461592359630e-01
7.926647032257394585e+02,5.456094627695374584e+02,8.836313864196070345e-01
7.930549953259355789e+02,5.460791973273853728e+02,8.837351597766958111e-01
7.934390132696732962e+02,5.465593886079253707e+02,8.844152782212636454e-01
7.938091138303584557e+02,5.470284266526457486e+02,8.847112926088068763e-01
7.941974355558982097e+02,5.475004726611805381e+02,8.845135318686809800e-01
7.945917827908913296e+02,5.479774105382413154e+02,8.843142051815142679e-01
7.949511056514613756e+02,5.484219319217417024e+02,8.839865873880362601e-01
7.953417552037983569e+02,5.488855246526472911e+02,8.848829783593106235e-01
7.957177108583273366e+02,5.493777816237889056e+02,8.843785007917981389e-01
7.960802625136174129e+02,5.498159143346359770e+02,8.850496949312895989e-01
7.964640273009229077e+02,5.502792057864332946e+02,8.842647761255050254e-01
7.968497469390011929e+02,5.507551569939760157e+02,8.840966981760590704e-01
7.972231549083018081e+02,5.512006532113490493e+02,8.851757936083218814e-01
7.976179601962190873e+02,5.516913374156083592e+02,8.846885242902085000e-01
7.979830680955532216e+02,5.521379181957209994e+02,8.843797289316509547e-01
7.983336534780544298e+02,5.525715774540775556e+02,8.839351406029567482e-01
7.987099022236956216e+02,5.530521926367912329e+02,8.850995630980584838e-01
7.990911298019755122e+02,5.535036058223121245e+02,8.864650855070738134e-01
7.994531413630605812e+02,5.539493725745346637e+02,8.865537265962758484e-01
7.998131880620320544e+02,5.544023899299256755e+02,8.863989927055814233e-01
8.001870358539620156e+02,5.548634429912050336e+02,8.860741865462707922e-01
8.005400432952503706e+02,5.553273289848118566e+02,8.869114607695416375e-01
8.009212842599523583e+02,5.557926216380558344e+02,8.882039561718799714e-01
8.012814678660661230e+02,5.562308309141495783e+02,8.875442407744483786e-01
8.016444126373681911e+02,5.566793286389838613e+02,8.874882534618611096e-01
8.020242710983666257e+02,5.571485903109745550e+02,8.871095822327830227e-01
8.023727502235268503e+02,5.575895523145726429e+02,8.865587950708417875e-01
8.027433629301659721e+02,5.580603269565878009e+02,8.861052296237367232e-01
8.031000743264843322e+02,5.584979218248219013e+02,8.840893853659198554e-01
8.034748215263269913e+02,5.589564611457816454e+02,8.831246921832179853e-01
8.038238365620923105e+02,5.594092792826937739e+02,8.817138368460706310e-01
8.041986964349063101e+02,5.598555087485907507e+02,8.805901505669623264e-01
8.045623211105275914e+02,5.602837791585249079e+02,8.792658951914075205e-01
8.049360217425138444e+02,5.607383073467815393e+02,8.782083028800472535e-01
8.053020375901450052e+02,5.611972410864115091e+02,8.765294805918151244e-01
8.056513792600075021e+02,5.616369119596015480e+02,8.754899124807011823e-01
8.060320582559429567e+02,5.620686156186505968e+02,8.740896226377180556e-01
8.063977458343591707e+02,5.624991529643805279e+02,8.725877414021170342e-01
8.067765141883860451e+02,5.629496859984200228e+02,8.719363420829951972e-01
8.071463381933701839e+02,5.633874589085678508e+02,8.704782739212519882e-01
8.075146770219845394e+02,5.638007441112475817e+02,8.687599600004165534e-01
8.078694899992511864e+02,5.642239670786618717e+02,8.677016976969009754e-01
8.082325801291666494e+02,5.646558960506986296e+02,8.662985772705685816e-01
8.085922801871216734e+02,5.650864595728710356e+02,8.649878216747961535e-01
8.089429876425324437e+02,5.655072629105779924e+02,8.643492291515934012e-01
8.093145987099741205e+02,5.659319335704477680e+02,8.625911759839254289e-01
8.096800790635702469e+02,5.663768327695872813e+02,8.615428480148334955e-01
8.100486721830569650e+02,5.667956044620077591e+02,8.609120714211432324e-01
8.104153144655015240e+02,5.672062951757186511e+02,8.600614561001113101e-01
8.107508019406235462e+02,5.676227737190271228e+02,8.592560888797802221e-01
8.110829288097155541e+02,5.680330040150123523e+02,8.582300387548478238e-01
8.114587562888199272e+02,5.684178159334311431e+02,8.575077346706230230e-01
8.118083062811690525e+02,5.688611994667357976e+02,8.571280153616571695e-01
8.121980144388738836e+02,5.692921320568053716e+02,8.572893109969006442e-01
8.125407754321922766e+02,5.696890738043784950e+02,8.561490205050948932e-01
8.128784162338190526e+02,5.701162049048651852e+02,8.558167659966318119e-01
8.132293004161648469e+02,5.705427639969879010e+02,8.552056932313982784e-01
8.135875699242251358e+02,5.709616112544612179e+02,8.542408648682912053e-01
8.139491590088806561e+02,5.713750595866142703e+02,8.534899574900715047e-01
8.143067410815414178e+02,5.717700908445142431e+02,8.515547676092879437e-01
8.146587743576255889e+02,5.722026343621935212e+02,8.513029815299636427e-01
8.150061941169287820e+02,5.725918555787603736e+02,8.493635442612019748e-01
8.153551262858588871e+02,5.730135826992110424e+02,8.488042332871948981e-01
8.157177703635923081e+02,5.734249541861039461e+02,8.475000748713226173e-01
8.160816283282362065e+02,5.738204543686277930e+02,8.464904573481140115e-01
8.164549090092943970e+02,5.742341182072131005e+02,8.458589831617209231e-01
8.168256708962668426e+02,5.746482578137315613e+02,8.446855752007191853e-01
8.171773874354170175e+02,5.750282347797794955e+02,8.433614236128585961e-01
8.175193725772783182e+02,5.754222710259367659e+02,8.422951843654390425e-01
8.178971694339876422e+02,5.758277704221245585e+02,8.413236919478698228e-01
8.182605393118551547e+02,5.762364211558868874e+02,8.400198419272333350e-01
8.186131454029832639e+02,5.766530307387256471e+02,8.391573805374646922e-01
8.189562355425435953e+02,5.770584605866077936e+02,8.383167809993699038e-01
8.193140565679268548e+02,5.774699496359130535e+02,8.374405797473957191e-01
8.196633343848084223e+02,5.778722781970132019e+02,8.360641215457856879e-01
8.200330118354522710e+02,5.782671685609335555e+02,8.351244422110126742e-01
8.204052984119895200e+02,5.786691174152394979e+02,8.338330389325955272e-01
8.207563881538646910e+02,5.790562151734920917e+02,8.330671512398716283e-01
8.211562740289086832e+02,5.794740312242146274e+02,8.322526114698319821e-01
8.215115650541528112e+02,5.798910687818126917e+02,8.314756107172048827e-01
8.218775609996771436e+02,5.802886323990094297e+02,8.305332627001074108e-01
8.222339015777390614e+02,5.806788271382562243e+02,8.292615349623176924e-01
8.225884169242608550e+02,5.810657115020582069e+02,8.273267008358935470e-01
8.229733754145762532e+02,5.814817160317957132e+02,8.273513008580870576e-01
8.233239503743953946e+02,5.818792760635800505e+02,8.261130060137689135e-01
8.237086652404038887e+02,5.822778358845525872e+02,8.252490476241822748e-01
8.240558423118734481e+02,5.826593807728372667e+02,8.244104972709823675e-01
8.244405525473082434e+02,5.830646605239899145e+02,8.233815356450184808e-01
8.248061991687438876e+02,5.834555658446693087e+02,8.226452883797380489e-01
8.251765257978481714e+02,5.838552979001731273e+02,8.217150692190068328e-01
8.255485590508034193e+02,5.842665057552370627e+02,8.199416749541431626e-01
8.259074590640162796e+02,5.846596973084799629e+02,8.193007559751790403e-01
8.263009322279616526e+02,5.850979397969055071e+02,8.186986795610646794e-01
8.266679169514686691e+02,5.854690691824472424e+02,8.178233251790381075e-01
8.270429156735084462e+02,5.858917461373317792e+02,8.178577192651067529e-01
8.274358010291877008e+02,5.862950913882401665e+02,8.173150027544371365e-01
8.277990359275001993e+02,5.867000523406703678e+02,8.169542254349032584e-01
8.281960815645751381e+02,5.871234409706928545e+02,8.164531711714194673e-01
8.285880145033088411e+02,5.875227092579291366e+02,8.158716422444574068e-01
8.289738719571535057e+02,5.879495718547321985e+02,8.164095206772934432e-01
8.293699425235902254e+02,5.883527088674690049e+02,8.160148694277910009e-01
8.297369754780003177e+02,5.887480701305028106e+02,8.153490270012432317e-01
8.301362352051187372e+02,5.891712808623624369e+02,8.137812300493456608e-01
8.305393418404408976e+02,5.896151364561941364e+02,8.141987215514759901e-01
8.309371928539781038e+02,5.900362720060694528e+02,8.137668777047489810e-01
8.313331632227640284e+02,5.904525160878174574e+02,8.124762973589330084e-01
8.317084838372152262e+02,5.908522883599890747e+02,8.125832213758173994e-01
8.320940894992925223e+02,5.912892640427025981e+02,8.117990922356568273e-01
8.325290139051478491e+02,5.917343113938229635e+02,8.118492717808765136e-01
8.329350673645739107e+02,5.921696373619233782e+02,8.103384489653134848e-01
8.332998668813768290e+02,5.925747632448242257e+02,8.093746670642443242e-01
8.337179278354043390e+02,5.930009111594943079e+02,8.088711188980909350e-01
8.340997403941021275e+02,5.934202253128621578e+02,8.083841104378829412e-01
8.345192743608348565e+02,5.938700609560025896e+02,8.097712664509971736e-01
8.349177253929553899e+02,5.942707799303752836e+02,8.085759651672218551e-01
8.353150258722174613e+02,5.946911546390560943e+02,8.083308306817159616e-01
8.357054107394816356e+02,5.951193404269130269e+02,8.076710118694808704e-01
8.361127974780250725e+02,5.955220233427580752e+02,8.066847495141844515e-01
8.365020032150817997e+02,5.959453327927495820e+02,8.077452974936786267e-01
8.369081710752531080e+02,5.963670075534595298e+02,8.081867998374165918e-01
8.373091089512249710e+02,5.967823708937557967e+02,8.094936446715549350e-01
8.377267837807152091e+02,5.972210630821341510e+02,8.115937496945212493e-01
8.381222528613722034e+02,5.976513769074049378e+02,8.124459530794896356e-01
8.385256949495362733e+02,5.980663825568259426e+02,8.134255092024875733e-01
8.389071718401124826e+02,5.985121224997056970e+02,8.146623198673129673e-01
8.393288681006168872e+02,5.989123969265758660e+02,8.157737841189696137e-01
8.396908314409339482e+02,5.993355567943978031e+02,8.158177605547131117e-01
8.401243591115098752e+02,5.997647633878740407e+02,8.160661055330870051e-01
8.404996718267613005e+02,6.001959592022938068e+02,8.173267750865949033e-01
8.408850455573091267e+02,6.006104857361056020e+02,8.175045115091762460e-01
8.412752719279030771e+02,6.010546422833265297e+02,8.190282388129056512e-01
8.416855297614064284e+02,6.014815050526502773e+02,8.194960212691065893e-01
8.420521807212238627e+02,6.019013702212594126e+02,8.205571564261333606e-01
8.424519178342592340e+02,6.023259813146707984e+02,8.217068385465802205e-01
8.428378610521293695e+02,6.027381179944974292e+02,8.226195512160138223e-01
8.432406990291890452e+02,6.031727478532997111e+02,8.230652137709786320e-01
8.436335155133821218e+02,6.035885200227730820e+02,8.242486496231353765e-01
8.440587506801743984e+02,6.040482811337222984e+02,8.251192368525136489e-01
8.444321976462925932e+02,6.044743561114341901e+02,8.259323877451386631e-01
8.448506273177368939e+02,6.049229076110872256e+02,8.267253671282026595e-01
8.452038177443345148e+02,6.053275244469392646e+02,8.272656930131151443e-01
8.456161659628821781e+02,6.057741245993478287e+02,8.270097993268479275e-01
8.460006272626914097e+02,6.062130108175124406e+02,8.274649889974543537e-01
8.463874661302949107e+02,6.066128687753446229e+02,8.274994056485833749e-01
8.467813312704925011e+02,6.070788799037684385e+02,8.276078479241371078e-01
8.471645534675767522e+02,6.074928926506175912e+02,8.265218128896544281e-01
8.475516211410259757e+02,6.079040756043877991e+02,8.258986598116025979e-01
8.479774425937479236e+02,6.083595307400605634e+02,8.257977384346307792e-01
8.483671499119743658e+02,6.087700911878337138e+02,8.249288165145837182e-01
8.487316315190784053e+02,6.091859754147498052e+02,8.246190911311872540e-01
8.491327978846555879e+02,6.096348834725713459e+02,8.236596329699678032e-01
8.495287253842780046e+02,6.100496021061150032e+02,8.228559852752143078e-01
8.499048811440736699e+02,6.104727216696104506e+02,8.223498759255672974e-01
8.502963004358858825e+02,6.108713873906350500e+02,8.218070652335602855e-01
8.506997063254592604e+02,6.112966201635745165e+02,8.206328955607605780e-01
8.510883002800671875e+02,6.117265257782385106e+02,8.200911070344705234e-01
8.514842488133079996e+02,6.121662114694742058e+02,8.189084256715944976e-01
8.518684336580905665e+02,6.125722815408005317e+02,8.180706109735730314e-01
8.522776346893172104e+02,6.129822033812921518e+02,8.177826362036751950e-01
8.526882397631870845e+02,6.134091370683897821e+02,8.175973025478134870e-01
8.530405802481571982e+02,6.138184280918209197e+02,8.160222445263933810e-01
8.534518286002622744e+02,6.142528240861831819e+02,8.168234575597302927e-01
8.538175000629671558e+02,6.146704493882899669e+02,8.155634474027528835e-01
8.541942487060816802e+02,6.150783973552642010e+02,8.148087643810663083e-01
8.545796916694375795e+02,6.155089915220421517e+02,8.138544495019079950e-01
8.549717659350286567e+02,6.159314273056909315e+02,8.136105881402280193e-01
8.553728080094340385e+02,6.163579112117473642e+02,8.123771114094134882e-01
8.557351337008872179e+02,6.167724267852067896e+02,8.126985215575506238e-01
8.561271667813015256e+02,6.171685078323192784e+02,8.119645864900593146e-01
8.565230318614932230e+02,6.176002271760786471e+02,8.122217040788837217e-01
8.569136872978380097e+02,6.180130845432662454e+02,8.127951395432058135e-01
8.573061450167564317e+02,6.184210686495363234e+02,8.129619912270501514e-01
8.576671855189367761e+02,6.188200162880756352e+02,8.130884260763050486e-01
8.580461119474530278e+02,6.192266709556661226e+02,8.147248396283793825e-01
8.584537958681144119e+02,6.196680579350770586e+02,8.160887354254839909e-01
8.588250284647018589e+02,6.200737317636694570e+02,8.175881631053815157e-01
8.591791006227847447e+02,6.204803635380305877e+02,8.195244191794485156e-01
8.595539245163290616e+02,6.208915763427643242e+02,8.211311098812246190e-01
8.599650121193687937e+02,6.213381821209488862e+02,8.233368961728803059e-01
8.603294315041461005e+02,6.217574663156591441e+02,8.262734081903359007e-01
8.606904625705647049e+02,6.221693130554896243e+02,8.284662277463891167e-01
8.610502735861540486e+02,6.225798736667064759e+02,8.296516642182483192e-01
8.614103452557300216e+02,6.229898385934103544e+02,8.321896918284420464e-01
8.618297938435541710e+02,6.234453584349648736e+02,8.351055943549450244e-01
8.621841818913057978e+02,6.238396520269969869e+02,8.378666453902470224e-01
8.625495939037319886e+02,6.242424799991196096e+02,8.405982192661785035e-01
8.629119831028532417e+02,6.246707063061303415e+02,8.419874680450941673e-01
8.632742954245238707e+02,6.250850202079434439e+02,8.442874526868352492e-01
8.636166929160317522e+02,6.254759752172058143e+02,8.458161923476867905e-01
8.640169137605497554e+02,6.259275324327284125e+02,8.487925824423486754e-01
8.643578384156606944e+02,6.263300304306989119e+02,8.523555409038414687e-01
8.647220420972064403e+02,6.267605315592923034e+02,8.530485577109877537e-01
8.650837992850595128e+02,6.271774031652735175e+02,8.548750393403827808e-01
8.654293580693198464e+02,6.275922288778172060e+02,8.571534240781024661e-01
8.657823915240501265e+02,6.279821251591843065e+02,8.594183459665959424e-01
8.661268844397975499e+02,6.284227344684292120e+02,8.601675611394824505e-01
8.664895728593618287e+02,6.288453112524387052e+02,8.619175938334591169e-01
8.668309288965855330e+02,6.292769210284226347e+02,8.635447574640439106e-01
8.672082857708902566e+02,6.297029135754938807e+02,8.658280573423318138e-01
8.675797819486804201e+02,6.301384653603281549e+02,8.679596066629834406e-01
8.679413355148546998e+02,6.305362027344771150e+02,8.704891647510478725e-01
8.682691759093055452e+02,6.309745422083647099e+02,8.713827291432327815e-01
8.686519687984297207e+02,6.314255893327374451e+02,8.739333900655653631e-01
8.689924635669842701e+02,6.318500085754542397e+02,8.745666290906833895e-01
8.693400719659713332e+02,6.322686539150713543e+02,8.753630247155066435e-01
8.697108487378440032e+02,6.327254570203215280e+02,8.774902621394674584e-01
8.700432075513222117e+02,6.331256910824272381e+02,8.771867571597120605e-01
8.704236763998168271e+02,6.335789677006979446e+02,8.777087143401249847e-01
8.707557518166267982e+02,6.339849253983742301e+02,8.774204368847816626e-01
8.710967640788715016e+02,6.344249644828389592e+02,8.786044645835200395e-01
8.714630075903526176e+02,6.348562533408055515e+02,8.781270393632474303e-01
8.718348365540376790e+02,6.352842642377009952e+02,8.774386122755739592e-01
8.721975704272803114e+02,6.357195261843313574e+02,8.765039721245976301e-01
8.725599220958085880e+02,6.361618993687899319e+02,8.749752157306042166e-01
8.728901752580856055e+02,6.365904910874303368e+02,8.739265881535719371e-01
8.732730630016568512e+02,6.370375887279108156e+02,8.712519339977574662e-01
8.736113624899041952e+02,6.374492354386278521e+02,8.669951993579413374e-01
8.739790122032757154e+02,6.378680722200732589e+02,8.623377135605047039e-01
8.743353713505922542e+02,6.382704340895871837e+02,8.564849756279860893e-01
8.747198489226817628e+02,6.386956776342556168e+02,8.514176843506482406e-01
8.751167749965048870e+02,6.391405176326521769e+02,8.469409814616722931e-01
8.754703783932044416e+02,6.395647972032729740e+02,8.416480732004401055e-01
8.758572811964106677e+02,6.399838038872908328e+02,8.365119475543313365e-01
8.762117232674667093e+02,6.403737330141883604e+02,8.327685366965913438e-01
8.765737145531211354e+02,6.407766456736911778e+02,8.276422483229711746e-01
8.769631408951305502e+02,6.411831228603723503e+02,8.231419534479591515e-01
8.773615360200342366e+02,6.416261363993111217e+02,8.182979152403835332e-01
8.777494363836764251e+02,6.420062583644885308e+02,8.124550627078245268e-01
8.781129230941917285e+02,6.424193453528391728e+02,8.084984020716055042e-01
8.785182877337657601e+02,6.428375051889909173e+02,8.038331949890228367e-01
8.789252246691578421e+02,6.432427596532982079e+02,7.991225718513973453e-01
8.793171379626954831e+02,6.436452082175941314e+02,7.945763141749556668e-01
8.796950735304665159e+02,6.440172643790571101e+02,7.905672485075241340e-01
8.801074419255409111e+02,6.444285027219951871e+02,7.861896586463190673e-01
8.804894705833738726e+02,6.448109507160024805e+02,7.831284523964330280e-01
8.808661635547983906e+02,6.451962381503085453e+02,7.798090668039553419e-01
8.812911577998154371e+02,6.455788438771013489e+02,7.760507622010804907e-01
8.816973742840175419e+02,6.459867036033679142e+02,7.739329295711999679e-01
8.820853597995097743e+02,6.463547432456199431e+02,7.710712961937418175e-01
8.824543093219347156e+02,6.467096306283162903e+02,7.690605247199392425e-01
8.828592725074001919e+02,6.471318745326260569e+02,7.694690464802669272e-01
8.832715664837290888e+02,6.475048181124934672e+02,7.681320801545339361e-01
8.836832330335369079e+02,6.479249095365311177e+02,7.681735941005772839e-01
8.840690150882701346e+02,6.483127884939092382e+02,7.689107451648192759e-01
8.844866809085870045e+02,6.487002722310462559e+02,7.698444532403390106e-01
8.848429229770893016e+02,6.490739354658759339e+02,7.718857275452319922e-01
8.852563002943642232e+02,6.494855511389858975e+02,7.731857015768215380e-01
8.856339095812006690e+02,6.498655400899705228e+02,7.752600841292218714e-01
8.860466211442245594e+02,6.502791026295473102e+02,7.777754344083266380e-01
8.864304581877483997e+02,6.506750377036927375e+02,7.792153239111668794e-01
8.868404133940213114e+02,6.510555240685373519e+02,7.797450439653670351e-01
8.872443429026254762e+02,6.514595197085798191e+02,7.812007351419129053e-01
8.876291661933639716e+02,6.518551123432588383e+02,7.831387801127847048e-01
8.879934435591848114e+02,6.522091778040078225e+02,7.845453236139701136e-01
8.884053827230309253e+02,6.526282547441556972e+02,7.854299091410350542e-01
8.887648790031723820e+02,6.530207089037477317e+02,7.870210102029181476e-01
8.891791734696830645e+02,6.534059462882512435e+02,7.875888574716757295e-01
8.895474100486537736e+02,6.538097621507860140e+02,7.893482564889164887e-01
8.899843236069538079e+02,6.542160418670312083e+02,7.884678114753100875e-01
8.903622184551906003e+02,6.545885002913511244e+02,7.884767593658340568e-01
8.907165840425250281e+02,6.549798091213230009e+02,7.903550892048972765e-01
8.911357552397681729e+02,6.553897700296606672e+02,7.903600110662620803e-01
8.915092862350944642e+02,6.557752635487825046e+02,7.920122099191853060e-01
8.919223363725225227e+02,6.561840167532051282e+02,7.904102413701550311e-01
8.923039174741127226e+02,6.565783902526043221e+02,7.916887078236358732e-01
8.926920917085438987e+02,6.569838270789301760e+02,7.924536122257457293e-01
8.931269676866112377e+02,6.573880113504700375e+02,7.918398538360580385e-01
8.935129513777978900e+02,6.578015467927469899e+02,7.919534000541023078e-01
8.939135811424756639e+02,6.582369218790004197e+02,7.931138458965235616e-01
8.942965762639526019e+02,6.586342341641693565e+02,7.938244685743268692e-01
8.946713613280187474e+02,6.590242009333182978e+02,7.942926777481355005e-01
8.950431871149149856e+02,6.594229470588971935e+02,7.970554876038504766e-01
8.954500893314135510e+02,6.598059387390575239e+02,7.959941135588457506e-01
8.957945932710546231e+02,6.601658803217670766e+02,7.977378881479612049e-01
8.962197968163392261e+02,6.606200862855966989e+02,7.985213096036304359e-01
8.965701392165569814e+02,6.609853942679105785e+02,7.992748335944062088e-01
8.969758263554388122e+02,6.614151788704754154e+02,8.013542625004637099e-01
8.973195307803675860e+02,6.617804264289991352e+02,8.043180308578258275e-01
8.977202011158142341e+02,6.622229029442738693e+02,8.042723179785726817e-01
8.980970406272322180e+02,6.626170646621062588e+02,8.053202856916529262e-01
8.985120202672445657e+02,6.630437442280414189e+02,8.047301290517988592e-01
8.988709076909722171e+02,6.634410947411356574e+02,8.065343480874356263e-01
8.992685731100214070e+02,6.638624674572527056e+02,8.071468288735947905e-01
8.996496156522696310e+02,6.642581104586736274e+02,8.077210306345329327e-01
9.000375082455346956e+02,6.646997560783964900e+02,8.108335161869842933e-01
9.004128187841730551e+02,6.650795188435425871e+02,8.133559760501537506e-01
9.008210968575281186e+02,6.654796457184712608e+02,8.132728802237936261e-01
9.011866509227828601e+02,6.659318272396965313e+02,8.149448694750613953e-01
9.015622733584675643e+02,6.663300790568050616e+02,8.166297771541437545e-01
9.019485071280257671e+02,6.667188160000637254e+02,8.164524920981501843e-01
9.023782727507337995e+02,6.671611266383386010e+02,8.172343056326685229e-01
9.027560019504028332e+02,6.676343044041374242e+02,8.193497239465090676e-01
9.031319367922935726e+02,6.680198531000374942e+02,8.182953368207539491e-01
9.035204201377982827e+02,6.684261343247634386e+02,8.194272828778336182e-01
9.039403287605011883e+02,6.688802615554142221e+02,8.197551475261405374e-01
9.043213888785709287e+02,6.692750490213958301e+02,8.200864939413173849e-01
9.047117294782063937e+02,6.697246288442481728e+02,8.206294674036717085e-01
9.051242292193167032e+02,6.701479150382605212e+02,8.213004279468351099e-01
9.055213950096812141e+02,6.705961312648194053e+02,8.204679755972670296e-01
9.058827618879132615e+02,6.710375892077931894e+02,8.232788954781754542e-01
9.062604484279281678e+02,6.714395763561976764e+02,8.231726170261587372e-01
9.066911824672009743e+02,6.719096347331146717e+02,8.220574014042750788e-01
9.071272508284669129e+02,6.723490808535408405e+02,8.222022422124638519e-01
9.075261482779802691e+02,6.727489408313573449e+02,8.213826377723283390e-01
9.079063509140414681e+02,6.732121217295290307e+02,8.221251524003928557e-01
9.082987281095978460e+02,6.736391680294417483e+02,8.222906928995851183e-01
9.087402768365539032e+02,6.741166509851628916e+02,8.229262895005048373e-01
9.091419520839518782e+02,6.745218256141550910e+02,8.221198721355799099e-01
9.095552345198157127e+02,6.749579290749809388e+02,8.218506313704438959e-01
9.099554724895214122e+02,6.753878854935729805e+02,8.230521417854486099e-01
9.103857562395677405e+02,6.758451590812436507e+02,8.229687102288741896e-01
9.108209869137988335e+02,6.763141748463915519e+02,8.228299596611928779e-01
9.112317700253220210e+02,6.767387850291937639e+02,8.223955750753997318e-01
9.116483763231284456e+02,6.772187075134889938e+02,8.240264142414230886e-01
9.120463018352106701e+02,6.776556033283451370e+02,8.232458278828423959e-01
9.124743980883021095e+02,6.781058840137341122e+02,8.224550832000978584e-01
9.128909331084936412e+02,6.785709667755406826e+02,8.234443959819128800e-01
9.133214554405850549e+02,6.790702763718778669e+02,8.240838860047821068e-01
9.137146593871912046e+02,6.794920048198820268e+02,8.243819994526988548e-01
9.141149877248512894e+02,6.799588004224629003e+02,8.249771537242754915e-01
9.145571966576433169e+02,6.804267793927609773e+02,8.238217489355637024e-01
9.149641120084728527e+02,6.808773584961428469e+02,8.250214782322546903e-01
9.153961955895064193e+02,6.813558260434423346e+02,8.253798152221182294e-01
9.158089092130385325e+02,6.818012813574362099e+02,8.255398849628949876e-01
9.162373563369974363e+02,6.822710077310858878e+02,8.252195703451756792e-01
9.166829834498531682e+02,6.827228294142191771e+02,8.264772742490283930e-01
9.171029795558933984e+02,6.832165995225606139e+02,8.253968975968639654e-01
9.175373986382965086e+02,6.836746031900748903e+02,8.239246700065087081e-01
9.179734947346256604e+02,6.841411848218423302e+02,8.253974539834878499e-01
9.184154896123326353e+02,6.846404982100236793e+02,8.246470692854862561e-01
9.188721459426277534e+02,6.851060686071255077e+02,8.243951099215963696e-01
9.192611263410278752e+02,6.855686460508516120e+02,8.235576939325226498e-01
9.196991007173807020e+02,6.860167142387326749e+02,8.223464900578648651e-01
9.201334299551059530e+02,6.864872856902679814e+02,8.225170842915761060e-01
9.205571504907719600e+02,6.868934228051446098e+02,8.219468606472307703e-01
9.209936817048918556e+02,6.874069579677411639e+02,8.225845657953173573e-01
9.214464852442137044e+02,6.878893539830627333e+02,8.229617561838117323e-01
9.218512852878401418e+02,6.883485230485771353e+02,8.219291021628853944e-01
9.223057035591472186e+02,6.888287980729661513e+02,8.220336032946069516e-01
9.227356013017155192e+02,6.892537254921974181e+02,8.234020965713036988e-01
9.231759721692566245e+02,6.897231720717780945e+02,8.231142856758034698e-01
9.236109231968341646e+02,6.902559653442781382e+02,8.246729402410004628e-01
9.240036655887889765e+02,6.907381391588381803e+02,8.260306574794936685e-01
9.244786009513589988e+02,6.912267702458321992e+02,8.267964078523654115e-01
9.248965507159396111e+02,6.916274546337631364e+02,8.257560905536800444e-01
9.253169508959634868e+02,6.921453138806748484e+02,8.275614597097730174e-01
9.257486288961846412e+02,6.925867725147581950e+02,8.287393597338410522e-01
9.261530298670055572e+02,6.930844325453291503e+02,8.297349140507627174e-01
9.265940953790535559e+02,6.935433862368147402e+02,8.308393660844147766e-01
9.269621971404842498e+02,6.940353493026738079e+02,8.311395204100298084e-01
9.274467849408478060e+02,6.944667431142353280e+02,8.297153474022299635e-01
9.278579365232618557e+02,6.949040998914636020e+02,8.299111793237798906e-01
9.282412134838167503e+02,6.954147240100637646e+02,8.311787819202874905e-01
9.286694411910555118e+02,6.959165081762350837e+02,8.318059293384456598e-01
9.290942585440501489e+02,6.963385913990618974e+02,8.307221789387808641e-01
9.295298251863235919e+02,6.967210380970760752e+02,8.291723432597534194e-01
9.299402325362750616e+02,6.972149912459402685e+02,8.297267802122101354e-01
9.303461557504358552e+02,6.977678243788691361e+02,8.328606089555697922e-01
9.307743014110914146e+02,6.981727134831570538e+02,8.306926715991646004e-01
9.312081163100460799e+02,6.986794930586855799e+02,8.306433758756710528e-01
9.315905609080590466e+02,6.991482953620630951e+02,8.309846385510021305e-01
9.320648974257806003e+02,6.996081113174685697e+02,8.293738972789256314e-01
9.324390205094771318e+02,7.000132609019260599e+02,8.319464055072457453e-01
9.328802125328759303e+02,7.005205383611219077e+02,8.302453907325006988e-01
9.332977842481892594e+02,7.009306032976663801e+02,8.301577138833892144e-01
9.336597211894501243e+02,7.014572166404427662e+02,8.315224680961478265e-01
9.340540975057501782e+02,7.019095065813675092e+02,8.303591724721665068e-01
9.344851556771386640e+02,7.023601745310812703e+02,8.308281477602548204e-01
9.349443448782451469e+02,7.028172529733826650e+02,8.302250286568152449e-01
9.352867936251938090e+02,7.032966823153448104e+02,8.315496444042471680e-01
9.356925108012945884e+02,7.037401238573362434e+02,8.293553301160725422e-01
9.361058479694621610e+02,7.041954597492219818e+02,8.336495915313263394e-01
9.364957861724526538e+02,7.046310925530740406e+02,8.314681995878250298e-01
9.369439615347743029e+02,7.050719514281955753e+02,8.311022709554520826e-01
9.373349921623370165e+02,7.055254456938981775e+02,8.299118932834130824e-01
9.377490966777780841e+02,7.059565313932733943e+02,8.293938484933756072e-01
9.381422220113213370e+02,7.064523174287918437e+02,8.305741980500638277e-01
9.385649362067781567e+02,7.068465963533285503e+02,8.306540189121510709e-01
9.389574889871328196e+02,7.073400822908702139e+02,8.302430622955754291e-01
9.393667632635364271e+02,7.077770434803359194e+02,8.314900311770528907e-01
9.397479384787671961e+02,7.082052256370200212e+02,8.325604012708932578e-01
9.401646836661381030e+02,7.086404095587130314e+02,8.329328222003882232e-01
9.405305112291536034e+02,7.090463475901957509e+02,8.318926962701138628e-01
9.409248456327778740e+02,7.094750756276217771e+02,8.319374180735127355e-01
9.413137527459649618e+02,7.099007184154306742e+02,8.331204583739687530e-01
9.417207652459948122e+02,7.104166475203782056e+02,8.328864356670478974e-01
9.421070054178270539e+02,7.108367562469496761e+02,8.325696194313170206e-01
9.425088520618494385e+02,7.112986403563809290e+02,8.337492654718871021e-01
9.428679307947435291e+02,7.116520908420249043e+02,8.346680643189702264e-01
9.432944111163762955e+02,7.121441842778929185e+02,8.344368125158968530e-01
9.436628999576760179e+02,7.125750939474690995e+02,8.348895609045074995e-01
9.440803252420375884e+02,7.130363149499311248e+02,8.354607768677897450e-01
9.444078789697913408e+02,7.134430920765391875e+02,8.367844211305045521e-01
9.448196979009859433e+02,7.138788552002375809e+02,8.370844587371668588e-01
9.452049996960931821e+02,7.142549004376679704e+02,8.373005180202682807e-01
9.456038800068364480e+02,7.147112533648745512e+02,8.368499159899351891e-01
9.459775710150753412e+02,7.151388570218567793e+02,8.380960819531428907e-01
9.463261359319535586e+02,7.155313552218858604e+02,8.394298807230157200e-01
9.466941848093163117e+02,7.159517368237061419e+02,8.393531984144680935e-01
9.470681861822658902e+02,7.163904158524984496e+02,8.383569938578990799e-01
9.473762976358265178e+02,7.167365689639483435e+02,8.407700280652409264e-01
9.477620307488692788e+02,7.171515423751197886e+02,8.416989740538401987e-01
9.481041916064561974e+02,7.175867518153786477e+02,8.425474236666485872e-01
9.484538562032284972e+02,7.179995008979630029e+02,8.430224313408546388e-01
9.488047744580687777e+02,7.183928545510566437e+02,8.453508577020909520e-01
9.491693293278957526e+02,7.187998690458692863e+02,8.463795790534672792e-01
9.494926997590841893e+02,7.192157564348428878e+02,8.487923587088099797e-01
9.498764681160955661e+02,7.196459884469544477e+02,8.495428724857713165e-01
9.502537977662207140e+02,7.200331339915088620e+02,8.529974935870835440e-01
9.505768155219207074e+02,7.204107775674960976e+02,8.541090174268486379e-01
9.509008973414993307e+02,7.207769481329623886e+02,8.564905974478154160e-01
9.512500852042961696e+02,7.211960520800843142e+02,8.603132189566133903e-01
9.515280583114199544e+02,7.215315532981651359e+02,8.648693373715647947e-01
9.518350086619831245e+02,7.218643088604379727e+02,8.708989901564697655e-01
9.521352866493537022e+02,7.222430807342115031e+02,8.762378986618466481e-01
9.524377966287564732e+02,7.226120325860041476e+02,8.831307479394062687e-01
9.527554314523522407e+02,7.230164268407152122e+02,8.899048937520370739e-01
9.530800508817726495e+02,7.233829399403078924e+02,8.969932837514766888e-01
9.533238413756149612e+02,7.237181306034680119e+02,9.063302179367191957e-01
9.535951206989697084e+02,7.241003839258805783e+02,9.160112015098856864e-01
9.538740987631857706e+02,7.244741351484003644e+02,9.290851776731084977e-01
9.541565606995462758e+02,7.248852661095965004e+02,9.423262615905046991e-01
9.543859390622729961e+02,7.252468874676753785e+02,9.573725402785812078e-01
9.546151231466890295e+02,7.256184368335824502e+02,9.738141343849465725e-01
9.548313056907650207e+02,7.260244356256941956e+02,9.931659452079681927e-01
9.550613414459885462e+02,7.264129131004681312e+02,1.011892025078714674e+00
9.552443449158561180e+02,7.268042960297516402e+02,1.033196066508370148e+00
9.554276304406504323e+02,7.271556653103427834e+02,1.056263513032257517e+00
9.556412191455081029e+02,7.275374059088011336e+02,1.080054516287841659e+00
9.558363847504250543e+02,7.279760453626926164e+02,1.105429422059656552e+00
9.559625731924360252e+02,7.283226420343971768e+02,1.130292648480465845e+00
9.561041198629992550e+02,7.287319540088772101e+02,1.157480712203909690e+00
9.562413233959673562e+02,7.291659462537716081e+02,1.185081891947946442e+00
9.563352832973905606e+02,7.295619737856536631e+02,1.211881014923732680e+00
9.564613515342886103e+02,7.299698963825719602e+02,1.239679082264460774e+00
9.565432959208270631e+02,7.303573278566607314e+02,1.270060349260836441e+00
9.565475616854295140e+02,7.307438643120842698e+02,1.298869773914850700e+00
9.566335419321206928e+02,7.311054016292246160e+02,1.331685865508417388e+00
9.566251144132023683e+02,7.315047489576954831e+02,1.360718811133313499e+00
9.566531887069991171e+02,7.318918136368564547e+02,1.392498522784585191e+00
9.566778591488025540e+02,7.322866574098635510e+02,1.422503229988030915e+00
9.566565899380344717e+02,7.326238290017374766e+02,1.453851911374858918e+00
9.566399055575996044e+02,7.329746406060921800e+02,1.485220732696614032e+00
9.566240931896940083e+02,7.333064291904058791e+02,1.517872329689231581e+00
9.565980134185404040e+02,7.336689711508448681e+02,1.550843462799594619e+00
9.565552091487235202e+02,7.340370625188658096e+02,1.580263944236684814e+00
9.564612081196753479e+02,7.343969457956695805e+02,1.609860719480485480e+00
9.564200058268039584e+02,7.347096949810204478e+02,1.641323962556932470e+00
9.563500213158145016e+02,7.350451636832638087e+02,1.672084043853270030e+00
9.562664221835705121e+02,7.353136501464798584e+02,1.704201061842391729e+00
9.561734470700079100e+02,7.356665312777223562e+02,1.730715840194986255e+00
9.560896535626063724e+02,7.359900350510780527e+02,1.759329692528427858e+00
9.560024620476307291e+02,7.362823081874478248e+02,1.788424364578698134e+00
9.558794163231593757e+02,7.365679031004589206e+02,1.816136656366424296e+00
9.557408887907009785e+02,7.368410442171417571e+02,1.843931008229943602e+00
9.556395971892277430e+02,7.371192491321746729e+02,1.874408833521367557e+00
9.554626787868978681e+02,7.373831011570509872e+02,1.900313520111989840e+00
9.553709593745152233e+02,7.376831795994611412e+02,1.928820313345467996e+00
9.552156801808374667e+02,7.379310983390578258e+02,1.956873303049216695e+00
9.550720024907574270e+02,7.382286947204960370e+02,1.981997564613059204e+00
9.549171289805157130e+02,7.384996552796992546e+02,2.007206773731411875e+00
9.547519232485255998e+02,7.387607662210323269e+02,2.032740457194915251e+00
9.546036017850243525e+02,7.389971056473530098e+02,2.057160908177874781e+00
9.544661889202010343e+02,7.392997888105891207e+02,2.080322459283826753e+00
9.542690349991838730e+02,7.395089389893975067e+02,2.103079014132692492e+00
9.541082572285315564e+02,7.397717794327580805e+02,2.124276450226282531e+00
9.538781243242898427e+02,7.400013118906466616e+02,2.142656945259011625e+00
9.537033411073516618e+02,7.402322654303441141e+02,2.162464578139936311e+00
9.535058417533135753e+02,7.404507216534240115e+02,2.180661414826383204e+00
9.533274671101979720e+02,7.407107122948521010e+02,2.196902632333276983e+00
9.531400939892025690e+02,7.409575725187078206e+02,2.212949698901998996e+00
9.529885506377636375e+02,7.412144828992005614e+02,2.227649587654507268e+00
9.527408139462888812e+02,7.414494605431029868e+02,2.240352392151589100e+00
9.525182561863362025e+02,7.416775857425167260e+02,2.252454054851157128e+00
9.523076840698577143e+02,7.418953108535969250e+02,2.265144658226051710e+00
9.521017494215548140e+02,7.421953068283798984e+02,2.272250207006112355e+00
9.518660153272036268e+02,7.424136992702133284e+02,2.283342255352355465e+00
9.516208193189103213e+02,7.426298216362145013e+02,2.291710129776957761e+00
9.514203756202144859e+02,7.429187738862055994e+02,2.298214785319372400e+00
9.512095859279580736e+02,7.431885163881504468e+02,2.303007223606011067e+00
9.510014729983098505e+02,7.434951461179244916e+02,2.307488470186406460e+00
9.507542641569832540e+02,7.437268353821248184e+02,2.309310440106470796e+00
9.504740626373552459e+02,7.439905285284514775e+02,2.311504407035931852e+00
9.502095069934734965e+02,7.442385733491112205e+02,2.315641338867931331e+00
9.499523550593306709e+02,7.444638114397347408e+02,2.320645392793692086e+00
9.497403772755147884e+02,7.447775643641567740e+02,2.326125894501454017e+00
9.494397383297934994e+02,7.450112837339289626e+02,2.331290909859225824e+00
9.492013474804364250e+02,7.453231789586649256e+02,2.333996508821747806e+00
9.489529967316854027e+02,7.455756586634018959e+02,2.339487196559575821e+00
9.486469894278524180e+02,7.458716551505464167e+02,2.343704347822929357e+00
9.484051991330662759e+02,7.461211611205243344e+02,2.349304606343471491e+00
9.481334738103620339e+02,7.463729361438446404e+02,2.353203802014449675e+00
9.478410409936558381e+02,7.466557453594808749e+02,2.357071960397072896e+00
9.476095129398185009e+02,7.469893010965921576e+02,2.360840094359303976e+00
9.472751903906932966e+02,7.472197968665847156e+02,2.363948371173848262e+00
9.469917171644860900e+02,7.474606903243770830e+02,2.367098308169501397e+00
9.467024550130646503e+02,7.477229743316358963e+02,2.371261737484506860e+00
9.464178063803137775e+02,7.479915978937941645e+02,2.372247898731345561e+00
9.461727539777009497e+02,7.482821136692276696e+02,2.371718418389626493e+00
9.458381058713441689e+02,7.485192614824463817e+02,2.372987377313162671e+00
9.455563689693093465e+02,7.488438523873937811e+02,2.371683916684830251e+00
9.452672226545799958e+02,7.491660048152231184e+02,2.370147105920987318e+00
9.449411422568144872e+02,7.494164619716007110e+02,2.367743200201932297e+00
9.447266636676039298e+02,7.496912839095930394e+02,2.367462825857018061e+00
9.444529882764917375e+02,7.499547683142948244e+02,2.366295418000630146e+00
9.441814184548251205e+02,7.502442614583951581e+02,2.362162683640570027e+00
9.438906945192873081e+02,7.504999230306971185e+02,2.358376542583066726e+00
9.436031851260808025e+02,7.507686954904385175e+02,2.352820516475030654e+00
9.432930587303362699e+02,7.510547748099204455e+02,2.348340473145734908e+00
9.430468195417429342e+02,7.513759391731028927e+02,2.343086157187717511e+00
9.427563227852075443e+02,7.516523165445770474e+02,2.337444988961386638e+00
9.424850809779883321e+02,7.519459484022721654e+02,2.330954715828347457e+00
9.422461565635861689e+02,7.522738099005738377e+02,2.324980378350125498e+00
9.419260977080671182e+02,7.525299568664189565e+02,2.316425516417750075e+00
9.416961890473955918e+02,7.528450531238020176e+02,2.309960940384597539e+00
9.414019361869926570e+02,7.531553825401331324e+02,2.301903671623775960e+00
9.411274837881551321e+02,7.534939774650908930e+02,2.293641798692513945e+00
9.408848154847089518e+02,7.537945123721873415e+02,2.285003088184955455e+00
9.406488775958384849e+02,7.541135843670714394e+02,2.274112089020096761e+00
9.403810078597620077e+02,7.544660808499361337e+02,2.265903107109636494e+00
9.401182472578200304e+02,7.547724547758422204e+02,2.256753704832171969e+00
9.398347530109863328e+02,7.550921571943081290e+02,2.249381763233108344e+00
9.395922558686726234e+02,7.553997263471512724e+02,2.240962554357382785e+00
9.393503802748082308e+02,7.557546838610088571e+02,2.231000822853660193e+00
9.391284439329668885e+02,7.560849397080660310e+02,2.221466202714647231e+00
9.388661302327275280e+02,7.564385771889186572e+02,2.212298545046235798e+00
9.385950990213766545e+02,7.567995188268087077e+02,2.203004576769784784e+00
9.383527369137517553e+02,7.571373634664399788e+02,2.196153958464813538e+00
9.381364774350935249e+02,7.574926501754544006e+02,2.188273953370122982e+00
9.378758743126679747e+02,7.578495595781718066e+02,2.180002433927408223e+00
9.376485732228729830e+02,7.582490325612852757e+02,2.172901929525233644e+00
9.373955813866787139e+02,7.585784520481321351e+02,2.162397816148513563e+00
9.371302089063792664e+02,7.589471601954564903e+02,2.153516403079513086e+00
9.368985478069421333e+02,7.592817655566018402e+02,2.145535352627512715e+00
9.366517109373590984e+02,7.596311758951054571e+02,2.136783901978601907e+00
9.364421661106870260e+02,7.599975107235425185e+02,2.127913367868866423e+00
9.362153294395080820e+02,7.604243626733284600e+02,2.121900807517111964e+00
9.359654593383038446e+02,7.607937165292005375e+02,2.112409738501462630e+00
9.357541150554693559e+02,7.611813054275946797e+02,2.105456091950336450e+00
9.355578084352886208e+02,7.615615407343981360e+02,2.100829848955248824e+00
9.353027230488554551e+02,7.619226918174475713e+02,2.094276606128365525e+00
9.350565174676653442e+02,7.623703523094978891e+02,2.091635210100246667e+00
9.348321109868692247e+02,7.627299446498227553e+02,2.085101978986854121e+00
9.346130570704543743e+02,7.631541609374891095e+02,2.080640841464243884e+00
9.344108201875668556e+02,7.635845304523102186e+02,2.080059813678818870e+00
9.341953113457492464e+02,7.639260077261400284e+02,2.073322547079311295e+00
9.340104547734541711e+02,7.643483076290483496e+02,2.073684739932499355e+00
9.337886119356589916e+02,7.647915256494319465e+02,2.070994693087377936e+00
9.335855487617033077e+02,7.651740808579285158e+02,2.068908189796669017e+00
9.333229631710148624e+02,7.655796887785471654e+02,2.064307327294446104e+00
9.330669091114465346e+02,7.659537335480063120e+02,2.061261502096965348e+00
9.328909012987559208e+02,7.663683017249170462e+02,2.058587825700104457e+00
9.326936351735137123e+02,7.667866172175259862e+02,2.058195023938835355e+00
9.324743991953491786e+02,7.671499503480710018e+02,2.053484377123993454e+00
9.322480966417552963e+02,7.675690213114254448e+02,2.051782389123352424e+00
9.320815697046629111e+02,7.679790569608323949e+02,2.048429318667920107e+00
9.318629230584757579e+02,7.684218590267923901e+02,2.047886763237247276e+00
9.316289872388891808e+02,7.688551059469891698e+02,2.044703267885161324e+00
9.314254550674583015e+02,7.692618237572752378e+02,2.042076016441392028e+00
9.311868298019481927e+02,7.696870992728119063e+02,2.037498815926157558e+00
9.310093817040404929e+02,7.700874035089393601e+02,2.035845859247878309e+00
9.307457284946381151e+02,7.705246816250067923e+02,2.031660519832938494e+00
9.305545175284083825e+02,7.709508780107303210e+02,2.030832221076583011e+00
9.303489729343500585e+02,7.713326141273715848e+02,2.030752636755576379e+00
9.301217875387278582e+02,7.718129814181296524e+02,2.028277509105938403e+00
9.299255250205759467e+02,7.722224282097361083e+02,2.027951513307517661e+00
9.297262188732730692e+02,7.726340770793527781e+02,2.028383409865909037e+00
9.294964121648305309e+02,7.730664072967310858e+02,2.025901102756686889e+00
9.293264167548276191e+02,7.734619647779832121e+02,2.029225718492146058e+00
9.290655061854483847e+02,7.739037184592260701e+02,2.027278359115643358e+00
9.288922466811720824e+02,7.742988785981852971e+02,2.029965480262061917e+00
9.286511305995044268e+02,7.747585630282545708e+02,2.026305662287835929e+00
9.284484208695987491e+02,7.751940570675247955e+02,2.028043191932987543e+00
9.282181120109273706e+02,7.756482305205961438e+02,2.028387286049736726e+00
9.279653654920624604e+02,7.761058414932739424e+02,2.026554983211909189e+00
9.277589993641006458e+02,7.765148413385883259e+02,2.027495357832910461e+00
9.275532608980431633e+02,7.769345247105817407e+02,2.028680936248055122e+00
9.273262851211312636e+02,7.773743554413698575e+02,2.026222723909421486e+00
9.271146250189336797e+02,7.777914260078192683e+02,2.026031916742813355e+00
9.268937911143264046e+02,7.782302253173183999e+02,2.027335060582573067e+00
9.266700860125296231e+02,7.786646096754050177e+02,2.027920095739065509e+00
9.264628008667573340e+02,7.791099741291961891e+02,2.027297058489966997e+00
9.262407097601047781e+02,7.795698237580379555e+02,2.027520491397053259e+00
9.260113806057076999e+02,7.800089264916290404e+02,2.028691268332867281e+00
9.257807360615256584e+02,7.804794699776823563e+02,2.028113554697916765e+00
9.255945672800252169e+02,7.809159921630065355e+02,2.030116633792076186e+00
9.253556991879867155e+02,7.813532965925517146e+02,2.029417085180317493e+00
9.251221662346393941e+02,7.817913519428564086e+02,2.030054125834168666e+00
9.248921447635564164e+02,7.822129405946062661e+02,2.030923595396384673e+00
9.246777260519897936e+02,7.826461112604089294e+02,2.033408779377999576e+00
9.244534143089965710e+02,7.830965699528203459e+02,2.033263128115715190e+00
9.242422226590052787e+02,7.835390441046858996e+02,2.034270086412489409e+00
9.240312790385524977e+02,7.839511370930978273e+02,2.035469770263533373e+00
9.237564206043239210e+02,7.844070700250265418e+02,2.035034914605710732e+00
9.235299949327371678e+02,7.848775128088198016e+02,2.036190506833243763e+00
9.232990848051873627e+02,7.853367640190577958e+02,2.035825383771273422e+00
9.230540665583416740e+02,7.857758743631869720e+02,2.036339897790734543e+00
9.228300268362520455e+02,7.862160021927911657e+02,2.035953410483697379e+00
9.225883740024662529e+02,7.866684280727870373e+02,2.035324046954723354e+00
9.224201720874337980e+02,7.870961834901044085e+02,2.036040957160342835e+00
9.221992528944113019e+02,7.875267327250619473e+02,2.036378864376986897e+00
9.219684002156755014e+02,7.879685345392803129e+02,2.037020520535710144e+00
9.217167756637620641e+02,7.884095800835830232e+02,2.035490744252048678e+00
9.215004542466450630e+02,7.888647330399163593e+02,2.037296196432391238e+00
9.213007871312681800e+02,7.892738019324741572e+02,2.037668128329721995e+00
9.210496534170447376e+02,7.897367703931362257e+02,2.037385132590992409e+00
9.208103845146661115e+02,7.902101132654322555e+02,2.036653808670940258e+00
9.206175894192887199e+02,7.906327508217003697e+02,2.036498213569707616e+00
9.203490948071189450e+02,7.910656004313786980e+02,2.038261787107328082e+00
9.201329055745919732e+02,7.915096318187444240e+02,2.038834178560737342e+00
9.198895261237131535e+02,7.919921152619265285e+02,2.038585336485657873e+00
9.196370778413913740e+02,7.924350667626169979e+02,2.039822247125763433e+00
9.193958424198681314e+02,7.928731640914897980e+02,2.039486751592308078e+00
9.191711120415025107e+02,7.933383948862867783e+02,2.040030122999340723e+00
9.189492971523216056e+02,7.937649169319799967e+02,2.040108818998824791e+00
9.187204663880049793e+02,7.942342033633688061e+02,2.039817866894313436e+00
9.184728532949515056e+02,7.946771130351230568e+02,2.041328804760604854e+00
9.182647802245351158e+02,7.951066182314569915e+02,2.041130707362079910e+00
9.180026258360098836e+02,7.956171995779372992e+02,2.041787048490268930e+00
9.177970995912113494e+02,7.960270117529344134e+02,2.040762126137382282e+00
9.175770319266631532e+02,7.964737996927123049e+02,2.041143570370740790e+00
9.173514900055545240e+02,7.969000236896889646e+02,2.041326928071787172e+00
9.171220770570963623e+02,7.973472924328262934e+02,2.040290897813008986e+00
9.169288615438971419e+02,7.977544876407552010e+02,2.039659239827942283e+00
9.167100731515158714e+02,7.981691033189064228e+02,2.040975470919068169e+00
9.164783750322787910e+02,7.985937664607786246e+02,2.039831369779783188e+00
9.162686249564191030e+02,7.990159255041149891e+02,2.037694912178150908e+00
9.160558717924527627e+02,7.993968598978889304e+02,2.037734690341176602e+00
9.158403782222562768e+02,7.997901088345275866e+02,2.035810029909222774e+00
9.156558507417659030e+02,8.001457429284288310e+02,2.034868353149116516e+00
9.154289354954873943e+02,8.005649493975955693e+02,2.033357863478575389e+00
9.152494151468924883e+02,8.009443309619102820e+02,2.035089615792827100e+00
9.150359727260417912e+02,8.013701830301591826e+02,2.033956729133056029e+00
9.148436555847400768e+02,8.017880772252401584e+02,2.033287852942814666e+00
9.146445172331963249e+02,8.021790752686877113e+02,2.032314116317544883e+00
9.144414040891032300e+02,8.025572226981880704e+02,2.032998760615896572e+00
9.142600872363029794e+02,8.029179007776737080e+02,2.032739415391060067e+00
9.140660821701501391e+02,8.032711988271105383e+02,2.034038962919567428e+00
9.138881062546621479e+02,8.036105779347739144e+02,2.033250027470941745e+00
9.136729317621815198e+02,8.040059729399050639e+02,2.033144152144335859e+00
9.134859450104105463e+02,8.043607540036902037e+02,2.032524168791903119e+00
9.133284151942790459e+02,8.047107454299156188e+02,2.033442909204563165e+00
9.131269408070170357e+02,8.050844567681216404e+02,2.032786686981764568e+00
9.129360714987907386e+02,8.054810160115225699e+02,2.031876992981647145e+00
9.127891954597997710e+02,8.058015947742107983e+02,2.031106863803493923e+00
9.125401093349844359e+02,8.062209606583820687e+02,2.031411758552541524e+00
9.123744029176673394e+02,8.065750678584968227e+02,2.032277673899502091e+00
9.121928525709889755e+02,8.069688699034472847e+02,2.032336441789023507e+00
9.120315452467073101e+02,8.072962309395860530e+02,2.032567223363116238e+00
9.118667168374070116e+02,8.076645640613176056e+02,2.032320348578038338e+00
9.116889761195094479e+02,8.079974140858212195e+02,2.031811340522516662e+00
9.115052126693424270e+02,8.083552937683623441e+02,2.032123762935533762e+00
9.113067160977378762e+02,8.087087692347253096e+02,2.031313662861547353e+00
9.111405013000779718e+02,8.090750340723078580e+02,2.031285336361206451e+00
9.109476105488258781e+02,8.094354789325393540e+02,2.031770178341717248e+00
9.107884710596175637e+02,8.097988669921135170e+02,2.031474200906221661e+00
9.106033261584275351e+02,8.101520018415739059e+02,2.032091942297558518e+00
9.104200770068214297e+02,8.105314714832200025e+02,2.031413862098971013e+00
9.102606922803449834e+02,8.108655977646155861e+02,2.032390551443002735e+00
9.100638933390754346e+02,8.112222867759289784e+02,2.032317139894690428e+00
9.098901992872813480e+02,8.116022317656994574e+02,2.032661442122740247e+00
9.097178596118285441e+02,8.119586857332619729e+02,2.032901163751011708e+00
9.095346077130793674e+02,8.123011226547649812e+02,2.032066536788242672e+00
9.093391749178555301e+02,8.126921749906886134e+02,2.033009749550199086e+00
9.091689681883202638e+02,8.130606654500248851e+02,2.033130435111529355e+00
9.089839965937396755e+02,8.134231001237864120e+02,2.033879381224120486e+00
9.087695008572391089e+02,8.137870473566080136e+02,2.034877223250975309e+00
9.086144951821042923e+02,8.141336176128011175e+02,2.034556787118499965e+00
9.084658248333208803e+02,8.145065390579587756e+02,2.035549996694429264e+00
9.082440913320067466e+02,8.148986621932807566e+02,2.035582641157217321e+00
9.080785568774298326e+02,8.152518275041494462e+02,2.036476295239788126e+00
9.078809523850317191e+02,8.156247635501007380e+02,2.035324431240344012e+00
9.076919805499952645e+02,8.159839207656089002e+02,2.036511931416019383e+00
9.075107085840180616e+02,8.163672751302702864e+02,2.037035254259549788e+00
9.072868052916442139e+02,8.167699775864291496e+02,2.037767399359049492e+00
9.070693932098389496e+02,8.171872762226073519e+02,2.035751958487522995e+00
9.069162351670842099e+02,8.175435029402531200e+02,2.037507344802125697e+00
9.067312411237681999e+02,8.179053157853129505e+02,2.036941433049724193e+00
9.065689919888101258e+02,8.182743219159507362e+02,2.037300988080915420e+00
9.063535574122638536e+02,8.186771502152370203e+02,2.036323661696564979e+00
9.061441479516716981e+02,8.190481590682009028e+02,2.037445176311720285e+00
9.059515798763065959e+02,8.194361193132680228e+02,2.033133031196731721e+00
9.057401732432786048e+02,8.198576324337639107e+02,2.033931046694089861e+00
9.056010988671059749e+02,8.201706751354511198e+02,2.033726309554577227e+00
9.053906843934526023e+02,8.205489158040725215e+02,2.032274359764226546e+00
9.052138033123164860e+02,8.209376891839389145e+02,2.029881712943644168e+00
9.050289844270615731e+02,8.213081215421639172e+02,2.028937573328918997e+00
9.048447464515875254e+02,8.216896070350310310e+02,2.029340167322831512e+00
9.046573913355210834e+02,8.220575897624161144e+02,2.029207809751945479e+00
9.044666774431757403e+02,8.224331538049320898e+02,2.028326780373717497e+00
9.042831236660795184e+02,8.227830817977885545e+02,2.026952085377166313e+00
9.041214474721956549e+02,8.231471949330697271e+02,2.025733026853937968e+00
9.039580368099332190e+02,8.235098498567308525e+02,2.025119748491903238e+00
9.037653905148453077e+02,8.238868713922230427e+02,2.024075716256387825e+00
9.035817701767751942e+02,8.242289425588197673e+02,2.024637979203421700e+00
9.033945685250337192e+02,8.245944155356979763e+02,2.023618981118902482e+00
9.032566929428701314e+02,8.249514973816626480e+02,2.023720642237610168e+00
9.030707199582690237e+02,8.253145025307405831e+02,2.024259254966871868e+00
9.028906609330443871e+02,8.256810329307520533e+02,2.024010726513175928e+00
9.027035275287574905e+02,8.260327202940993629e+02,2.024130298698234576e+00
9.025235497738407275e+02,8.263962597856843786e+02,2.024716658468445729e+00
9.023495337427368668e+02,8.267433794231552611e+02,2.024218639030146427e+00
9.021844520923681330e+02,8.271061077095429255e+02,2.024020256302415000e+00
9.019957469992925780e+02,8.274517887108829655e+02,2.024753507031040289e+00
9.018245670398516722e+02,8.277854479055089314e+02,2.024205686584471309e+00
9.016344013263307033e+02,8.281476707004013633e+02,2.024555084722714504e+00
9.014992533432894106e+02,8.284789414829621137e+02,2.024486760867247437e+00
9.013111582784490565e+02,8.288408668155459509e+02,2.024245799413883606e+00
9.011196690376656306e+02,8.292105684740531615e+02,2.024285126883941022e+00
9.009491365064611728e+02,8.295530898550256325e+02,2.025639701589202701e+00
9.007918728670105111e+02,8.299053816380788930e+02,2.024513887896673747e+00
9.005980409584543622e+02,8.302600728008349051e+02,2.025445165214314613e+00
9.004323393147706156e+02,8.306312889063785860e+02,2.024312590038710891e+00
9.002472965127533371e+02,8.309853329110757159e+02,2.025205883814046093e+00
9.000659124656325503e+02,8.313329832626319558e+02,2.024483217273865598e+00
8.998849679046440997e+02,8.317011291919034193e+02,2.024446004474221184e+00
8.997215846395855579e+02,8.320558249207171002e+02,2.024995768838697252e+00
8.995371681202828995e+02,8.324169741244677425e+02,2.025038140055706481e+00
8.993540638798483542e+02,8.327624230445835565e+02,2.025132213345458787e+00
8.991977548894324173e+02,8.330888355807318248e+02,2.025158340822378999e+00
8.990246128424063272e+02,8.334759683142763151e+02,2.024942809871799643e+00
8.988563440280839814e+02,8.338170710304883642e+02,2.024920366551664408e+00
8.986853397683330513e+02,8.341702038935725341e+02,2.024584189087715647e+00
8.985128879760321752e+02,8.345041684677817102e+02,2.024849698784284779e+00
8.983309623647203352e+02,8.348540960318302950e+02,2.026067620152018023e+00
8.981621157062533030e+02,8.352200618533931902e+02,2.025615833444442959e+00
8.979661501910725292e+02,8.355855401302910650e+02,2.025424705097837119e+00
8.978094568909319833e+02,8.359252875477952784e+02,2.024529713278679921e+00
8.976213159491243232e+02,8.362781134373178702e+02,2.024998222467282449e+00
8.974667795234785217e+02,8.366477940839472467e+02,2.026268111356335222e+00
8.972669049599135178e+02,8.370217841448594527e+02,2.026051077703689973e+00
8.971137204147681814e+02,8.373668080872741939e+02,2.025091448563580698e+00
8.969324801184096714e+02,8.377353843109171976e+02,2.025535047190486271e+00
8.967496843181986605e+02,8.380683192604333271e+02,2.025816617299237787e+00
8.965788413723976191e+02,8.384256268138799442e+02,2.025779856752076835e+00
8.964027177108589512e+02,8.387875517086401942e+02,2.026482497234011415e+00
8.962067632680709721e+02,8.391541787657706664e+02,2.026214298568065342e+00
8.960399052374269786e+02,8.394939659746893312e+02,2.025585794389509697e+00
8.958345587663312699e+02,8.398550645797963625e+02,2.026070651340467155e+00
8.956867147572615977e+02,8.402242149899414017e+02,2.026234304597102298e+00
8.955006155560715797e+02,8.405826537099337656e+02,2.026081866180462487e+00
8.953108012200744952e+02,8.409511279783522468e+02,2.026144967683296105e+00
8.951313740272818222e+02,8.412911830767254742e+02,2.026483785756520550e+00
8.949482185676615700e+02,8.416693220300135181e+02,2.027530513291813552e+00
8.947592165735829894e+02,8.420289630102064393e+02,2.026851312080069523e+00
8.945806033227695480e+02,8.423806957785524219e+02,2.027210269123281172e+00
8.944056970335162760e+02,8.427528772057132755e+02,2.026912024790094691e+00
8.942095004698591083e+02,8.431317680755932997e+02,2.026980086903970246e+00
8.940413435980262875e+02,8.434790142849479935e+02,2.026769230344417139e+00
8.938525588637663759e+02,8.438503748417869019e+02,2.026384058322133530e+00
8.936555630579774743e+02,8.442476143507803954e+02,2.026268345215976652e+00
8.934704314637832567e+02,8.446384232136398396e+02,2.026717075607402219e+00
8.932847662179091230e+02,8.450036662610509666e+02,2.027363894171311909e+00
8.931013777498885702e+02,8.453582709401189277e+02,2.026730355038017350e+00
8.929091181330733207e+02,8.457380454290072294e+02,2.026004212675643235e+00
8.927174021379811393e+02,8.461057936598626839e+02,2.026633020654286188e+00
8.925149861974940677e+02,8.465090593436062818e+02,2.027075095988059683e+00
8.923300602554336365e+02,8.468643562074062174e+02,2.027707380007691462e+00
8.921285820191208131e+02,8.472492753918580775e+02,2.028359625367203378e+00
8.919399581310750591e+02,8.476466079875533524e+02,2.028498416872474674e+00
8.917582597382601080e+02,8.480141172637785303e+02,2.028109273817386704e+00
8.915618778835208786e+02,8.484081180998128957e+02,2.028303423441081499e+00
8.913652726796143497e+02,8.487843283702439976e+02,2.028755156112134639e+00
8.911760307360225397e+02,8.491716331881247015e+02,2.028573507871240356e+00
8.909817245107476538e+02,8.495592568607089561e+02,2.028575388027181958e+00
8.907908262103148900e+02,8.499219969519248252e+02,2.028518355210257695e+00
8.905901657836849381e+02,8.503160444712333401e+02,2.028884527839988294e+00
8.904010307376801165e+02,8.507109870028581327e+02,2.029081400453641937e+00
8.902161515111346262e+02,8.510770635776161726e+02,2.027949132268219490e+00
8.900357018660948825e+02,8.514567369617461736e+02,2.027657736964683544e+00
8.898445763574708280e+02,8.518444613016467883e+02,2.026885723658482963e+00
8.896634079185890869e+02,8.522028633234683639e+02,2.026533868848680253e+00
8.894796351578557960e+02,8.525862791733042059e+02,2.025150206417272614e+00
8.892844894872939676e+02,8.529729184284509529e+02,2.025200627157441424e+00
8.890849294518927763e+02,8.533755304820522269e+02,2.024493327867802783e+00
8.889041024702459026e+02,8.537596289367151030e+02,2.023495566785063371e+00
8.887045689739067029e+02,8.541428695308264878e+02,2.022283505988231145e+00
8.885380338828773574e+02,8.545193227626948556e+02,2.020526507036285224e+00
8.883763551609994238e+02,8.549007163345175968e+02,2.018138257072903397e+00
8.881713072635131994e+02,8.552780432923548233e+02,2.016988588417022665e+00
8.880016566018905451e+02,8.556757866272952242e+02,2.014357715807081561e+00
8.878132791006540856e+02,8.560706623563311268e+02,2.012540061116981249e+00
8.876568550919513427e+02,8.564620070225630570e+02,2.009716583283881697e+00
8.874618335151401425e+02,8.568517308519891458e+02,2.006607152482913659e+00
8.872812835086210725e+02,8.572351999943729197e+02,2.003816241095037309e+00
8.871062295578077510e+02,8.576353131707710418e+02,1.999584558591336325e+00
8.869286860180501435e+02,8.580405305936460536e+02,1.994823403438248599e+00
8.867672623651378672e+02,8.584160204111265102e+02,1.989502308084866611e+00
8.865615669613076761e+02,8.588441847172609869e+02,1.985425735303546935e+00
8.863647962446007114e+02,8.592361839066111315e+02,1.980220354306201802e+00
8.862428982921092029e+02,8.596439688517998547e+02,1.974894807378558159e+00
8.860760590354811939e+02,8.600369507713695612e+02,1.968766349596099197e+00
8.859085592184004554e+02,8.604531652520415719e+02,1.963828881910796298e+00
8.857482370824071722e+02,8.608685988782336835e+02,1.959011818824011542e+00
8.855934472533323287e+02,8.612627614982203568e+02,1.952127010348675418e+00
8.854215470855941703e+02,8.616699988322637864e+02,1.945691560611532145e+00
8.852598327030365226e+02,8.620848704314736324e+02,1.940370471864292012e+00
8.850969605382200598e+02,8.625300798046781665e+02,1.934369744745035646e+00
8.849318604706390943e+02,8.629391066970401880e+02,1.928934418676652607e+00
8.847814056439741535e+02,8.633664203840261280e+02,1.922782145323758796e+00
8.846050574947015548e+02,8.637963572165378991e+02,1.916781685553391235e+00
8.844865136870321294e+02,8.642156262155015156e+02,1.912160569143256605e+00
8.843268103781890659e+02,8.646388606092727969e+02,1.906259341613901981e+00
8.841772641509483037e+02,8.651173933614737734e+02,1.900888586534538183e+00
8.840185979465965147e+02,8.655496558721052907e+02,1.895601522731913402e+00
8.838909710751656803e+02,8.659897489641809898e+02,1.892507774390292496e+00
8.837540504346975467e+02,8.664271714473402426e+02,1.888860971534744637e+00
8.836003754871352385e+02,8.668776373316045465e+02,1.886621147656145858e+00
8.834353708922425312e+02,8.673291395067128633e+02,1.885128353891366348e+00
8.832983066947454063e+02,8.678017613309839362e+02,1.884362319535836994e+00
8.831623736482819140e+02,8.682535917094872957e+02,1.883726820686432379e+00
8.829959333907097516e+02,8.686952950736650791e+02,1.884263662918145066e+00
8.828324899769804688e+02,8.691399101190245347e+02,1.884269570076300360e+00
8.826931324835430814e+02,8.696080531461411738e+02,1.884744969230947920e+00
8.825522579674587860e+02,8.700669562714923586e+02,1.885649449387795107e+00
8.823852689082592633e+02,8.705449047817631936e+02,1.887936965277101642e+00
8.822593629040393353e+02,8.709998359544388222e+02,1.891378389598491694e+00
8.820906279759115023e+02,8.714405546944120715e+02,1.895141692730415661e+00
8.819400796629315664e+02,8.718974171496620329e+02,1.897837929445177263e+00
8.817795731174619505e+02,8.723769506356212560e+02,1.902740781317973973e+00
8.815997344288692830e+02,8.728158699829689340e+02,1.908807784329009882e+00
8.814233555580458415e+02,8.732498112083172828e+02,1.912762088899975454e+00
8.812320129951345962e+02,8.737175369478327411e+02,1.918553228686110890e+00
8.810632079771615963e+02,8.741393773580550715e+02,1.925069339106100452e+00
8.808987991629544467e+02,8.745892390712566566e+02,1.928987557016793586e+00
8.807221401054282524e+02,8.750328831635122242e+02,1.934378195482393314e+00
8.805168765047861825e+02,8.754733577601244860e+02,1.940088729107835253e+00
8.803340069263725809e+02,8.759282101595237009e+02,1.946036342822335952e+00
8.801322382221120506e+02,8.763820369320415011e+02,1.950287271712874526e+00
8.799867829854739512e+02,8.768142339072986715e+02,1.955757948504630361e+00
8.798107227331038303e+02,8.772421395526133665e+02,1.962989037882062693e+00
8.796148253183849874e+02,8.776833367318147339e+02,1.971237771685046214e+00
8.794410773657732534e+02,8.780970232084099507e+02,1.975523714877172932e+00
8.792247461904239572e+02,8.785417228824201175e+02,1.980114377754298438e+00
8.790218842937733825e+02,8.789836562289375479e+02,1.987245023820709555e+00
8.788273634581291844e+02,8.794094683685382279e+02,1.992663730578574599e+00
8.786497103945853269e+02,8.798287625618276024e+02,1.997158815069898452e+00
8.784709336954496166e+02,8.802318372833774447e+02,2.001333786511658719e+00
8.782348088295782418e+02,8.806588767515997915e+02,2.004637515117708713e+00
8.780380440075449542e+02,8.810514145487999258e+02,2.008831597684030079e+00
8.778486906261566673e+02,8.814392083927540398e+02,2.009809315735876289e+00
8.776577784579842501e+02,8.818190393750583098e+02,2.012971913631135035e+00
8.774466939884322301e+02,8.822224032515026693e+02,2.016614459549257887e+00
8.772364168839379772e+02,8.826467220717250939e+02,2.020877847961465523e+00
8.770549827192668317e+02,8.830325847499842666e+02,2.022018449516617355e+00
8.768761205008655679e+02,8.834289740573395875e+02,2.027338050767966582e+00
8.766536826928567052e+02,8.838258986508345743e+02,2.029682415169429710e+00
8.764776300170968852e+02,8.841740578866737224e+02,2.031976270326260270e+00
8.762953391564500407e+02,8.845642617523731133e+02,2.033622332781539477e+00
8.761058410146702045e+02,8.849456487348439850e+02,2.036523347778730120e+00
8.759281081183097513e+02,8.853139382972591420e+02,2.037138248739211566e+00
8.757335519057717192e+02,8.856920230227019601e+02,2.038347148358726990e+00
8.755663975420271754e+02,8.860221444227508982e+02,2.040653009098230886e+00
8.753480577962370717e+02,8.864104097334228527e+02,2.042667341343953780e+00
8.751323511643882966e+02,8.867843122442642425e+02,2.044975339849880669e+00
8.749349438278769640e+02,8.871680023560845711e+02,2.047954998680909799e+00
8.747636974651736637e+02,8.875486491279083339e+02,2.048711335843605319e+00
8.745732282008092398e+02,8.878991514222329897e+02,2.050470340244551881e+00
8.743727373706334447e+02,8.882832981339123535e+02,2.051429156995786762e+00
8.741685270359465676e+02,8.886431448614374631e+02,2.051200337978202004e+00
8.739780184833472276e+02,8.890185181672667341e+02,2.051440322318456300e+00
8.737937492228503515e+02,8.893621536810481985e+02,2.051457450000741201e+00
8.736167440762885690e+02,8.897274059748783657e+02,2.051764046301831623e+00
8.734278967693993536e+02,8.900619003475010231e+02,2.051355596679108384e+00
8.732416658590390171e+02,8.904143653799430922e+02,2.051317960873966673e+00
8.730515459301730061e+02,8.907882825271773299e+02,2.050450249873835062e+00
8.728719103691680630e+02,8.911291830837250245e+02,2.050678067333896237e+00
8.726892565100840784e+02,8.915111739113823432e+02,2.050354662808945072e+00
8.725356879406525650e+02,8.918109766047483618e+02,2.050463832471328018e+00
8.723470022765216072e+02,8.921332772814363352e+02,2.050526914904880371e+00
8.721623874591665526e+02,8.924910214293523723e+02,2.050947088475812308e+00
8.719734172717276124e+02,8.928046546838462518e+02,2.050006407846084233e+00
8.718040103702478518e+02,8.931513214764340773e+02,2.048750249479641905e+00
8.716333442515202705e+02,8.934648889278693105e+02,2.048627531822934777e+00
8.714578991939582693e+02,8.938186146608918534e+02,2.047299634397392154e+00
8.712909099199544016e+02,8.941198098093636872e+02,2.046295526539792409e+00
8.711236671562209040e+02,8.944279926015492492e+02,2.045133422910210275e+00
8.709455207285526512e+02,8.947541392690468456e+02,2.043364420501216472e+00
8.707925560944715926e+02,8.950794628327873852e+02,2.040066285703708626e+00
8.706289209412630044e+02,8.953932437654402747e+02,2.039200194633195462e+00
8.704778961659886818e+02,8.956897692010891205e+02,2.037903784720818123e+00
8.703062357713438359e+02,8.960171227461512444e+02,2.034687644141114138e+00
8.701752096811277397e+02,8.963114851709137838e+02,2.032181288239883532e+00
8.700227566180591339e+02,8.966262155669701315e+02,2.027768380344554977e+00
8.698626177448199996e+02,8.969151433884534299e+02,2.023951092228215121e+00
8.697155827576892761e+02,8.972166063688713393e+02,2.019340939001228019e+00
8.695643911997657369e+02,8.975144735845491368e+02,2.014066610987047312e+00
8.694329012992295702e+02,8.977906175526784409e+02,2.007705287808595251e+00
8.693154260614876421e+02,8.981060043050289323e+02,2.001115254343424965e+00
8.691867191395402870e+02,8.983896111620662168e+02,1.994129020372303662e+00
8.690495968518924883e+02,8.987094031050338572e+02,1.988015820284817048e+00
8.689303603336512651e+02,8.990061161006796056e+02,1.981403662359557227e+00
8.688114111074966104e+02,8.992845607337155798e+02,1.976110859909290918e+00
8.686957962309651293e+02,8.995627128883132855e+02,1.969662214554812163e+00
8.685757934644561828e+02,8.998606988645138927e+02,1.962955558160006442e+00
8.684710705814563880e+02,9.001470418162051601e+02,1.956341913439440194e+00
8.683644491263888767e+02,9.004392783136113394e+02,1.950891001496759092e+00
8.682621334854286488e+02,9.007192095367655611e+02,1.946177033149227853e+00
8.681487896611007500e+02,9.009898580638164276e+02,1.940183415675413192e+00
8.680526645098601648e+02,9.012601715198721877e+02,1.934436166352047515e+00
8.679588333215320972e+02,9.015289802785138136e+02,1.928583737269748744e+00
8.678763239960891269e+02,9.017838138067627369e+02,1.923499557486849199e+00
8.677803221507859917e+02,9.020348224290256667e+02,1.917582728967511807e+00
8.676780206949672447e+02,9.022942052985339387e+02,1.913538565288715132e+00
8.675898936978818483e+02,9.025211237838237821e+02,1.911624745133710057e+00
8.675240927774304964e+02,9.027608290300581757e+02,1.906971091307138710e+00
8.674459341659568281e+02,9.030011020139899074e+02,1.904482816830031400e+00
8.673696333809598400e+02,9.032317357318651148e+02,1.902443055815934203e+00
8.672948523260112097e+02,9.034237253883153471e+02,1.902194627327798981e+00
8.672034852019603477e+02,9.036545874701129151e+02,1.901351391977591065e+00
8.671416480745883746e+02,9.038573593390706264e+02,1.901382325963804298e+00
8.670826033958935568e+02,9.040698533572577844e+02,1.901638254660168892e+00
8.670114590316758267e+02,9.042615955774685972e+02,1.902139962887157587e+00
8.669159486057944832e+02,9.044884418440940408e+02,1.901950917257504647e+00
8.668443036635467251e+02,9.046753436360542082e+02,1.902109822675706940e+00
8.667756633120694687e+02,9.048736942396233189e+02,1.903044788081728500e+00
8.667178633195642306e+02,9.050507886003687190e+02,1.902279802048319146e+00
8.666501003379634085e+02,9.052269308010386339e+02,1.902974649761542514e+00
8.665865635844829740e+02,9.054315738020037543e+02,1.902888823225344916e+00
8.665251925905827193e+02,9.056175952256007804e+02,1.903638560779528976e+00
8.664419074595992925e+02,9.057907002907783180e+02,1.904372845061014008e+00
8.663849704868686104e+02,9.059691437168427228e+02,1.904676254630770948e+00
8.663565493879291353e+02,9.061240918819468106e+02,1.904524258223163402e+00
8.663284960103987942e+02,9.063137390947165386e+02,1.902888932361171070e+00
8.662814192808285725e+02,9.064719637278597020e+02,1.902353091916284544e+00
8.662066365911379080e+02,9.066161268938179774e+02,1.904588218218245199e+00
8.661307392219664507e+02,9.067737902025456833e+02,1.904286609917968720e+00
8.660851781358418293e+02,9.069137716095949600e+02,1.901481561105074158e+00
8.660199480936371401e+02,9.070798653472257911e+02,1.901225736193725258e+00
8.659611883123467351e+02,9.072445120087351143e+02,1.902392641380744154e+00
8.659119136853128111e+02,9.073953776584124853e+02,1.900936950640185863e+00
8.658590474742902643e+02,9.075380420285704304e+02,1.898995794625557343e+00
8.657893009250650493e+02,9.077025579087757023e+02,1.898759266455951611e+00
8.657343634940312995e+02,9.078694578849830350e+02,1.897860257590232802e+00
8.656947829822127005e+02,9.080180363762456182e+02,1.896995890030345633e+00
8.656414480476609015e+02,9.082146020142459975e+02,1.895280589507734481e+00
8.655977929007596003e+02,9.083892350318301396e+02,1.894180306330669916e+00
8.655223500692003427e+02,9.085564100074591352e+02,1.891906074314823494e+00
8.654630465362874929e+02,9.087400871201122072e+02,1.889916586479405858e+00
8.654160436434996200e+02,9.089272504985865453e+02,1.888867407799270426e+00
8.653795654065301051e+02,9.091182120490581156e+02,1.887963834729404322e+00
8.653214572246787384e+02,9.093119797008536125e+02,1.881034125696134485e+00
8.652592008613404460e+02,9.094735335229828479e+02,1.875678941990545745e+00
8.651810022706901009e+02,9.096413995986411010e+02,1.874587837462843298e+00
8.651432299555725649e+02,9.098301414335581967e+02,1.870577162700552298e+00
8.650833489481711922e+02,9.100054831276078176e+02,1.866245983077646553e+00
8.650479052163977940e+02,9.101801781648746328e+02,1.862134829465894370e+00
8.649771948650433160e+02,9.104076165175754340e+02,1.859604903394089348e+00
8.649413217715465407e+02,9.105665960558879988e+02,1.853486141619254735e+00
8.648767681408023691e+02,9.107534890719753093e+02,1.850192028271707034e+00
8.648233194371584887e+02,9.109501574397517061e+02,1.847603772225102192e+00
8.647746280313851912e+02,9.111714293841525887e+02,1.842668231833686887e+00
8.647331383719098312e+02,9.113515134783083340e+02,1.838332365188948492e+00
8.646613780888189922e+02,9.115770187085190628e+02,1.837112728034809628e+00
8.646307748541483988e+02,9.117695553726192657e+02,1.832894582074022116e+00
8.645927490075557671e+02,9.119396730814615921e+02,1.828813708819707617e+00
8.645419139341785240e+02,9.121917230198523612e+02,1.824963231662721785e+00
8.644904035636282060e+02,9.123801039344372157e+02,1.822648674397382873e+00
8.644317105906663983e+02,9.125633020993499258e+02,1.819813752747296620e+00
8.643878970831809738e+02,9.127708265780621559e+02,1.816333149543215786e+00
8.643406734057749645e+02,9.129439426002943492e+02,1.814202027754733049e+00
8.642737521384343609e+02,9.131587678100605672e+02,1.811344809813612677e+00
8.642322193178807765e+02,9.133559174161557621e+02,1.807667486562254622e+00
8.641799213259909038e+02,9.135657259575843909e+02,1.804429040471021928e+00
8.641204118058620907e+02,9.137660265465500515e+02,1.802179474338574838e+00
8.640988883266995799e+02,9.139630577038010415e+02,1.798603601783717476e+00
8.640707907959395015e+02,9.141218731340718477e+02,1.794665155995907702e+00
8.640314025179881128e+02,9.143191220000372823e+02,1.791021465650329381e+00
8.639911978216115358e+02,9.144918589348882279e+02,1.787500278693680000e+00
8.639417823310650419e+02,9.146983050630458365e+02,1.784170986300571693e+00
8.639014185336224045e+02,9.149189457806937753e+02,1.779883846541867598e+00
8.638667156245909382e+02,9.151293716995745626e+02,1.775551574601156313e+00
8.638234153424175474e+02,9.153371830831106308e+02,1.771515148817599083e+00
8.637768108870329797e+02,9.155285678259758697e+02,1.767910956604777262e+00
8.637539148561330649e+02,9.157083873721147711e+02,1.763440898521296374e+00
8.637022811216045284e+02,9.159339918525627127e+02,1.759014059127967489e+00
8.636823458900840933e+02,9.161159864472466552e+02,1.753507174539616686e+00
8.636439099509186690e+02,9.163232005100517199e+02,1.749397888274196733e+00
8.636222995794433928e+02,9.165347240562759907e+02,1.745240605137789780e+00
8.635728832900114185e+02,9.167642160943396448e+02,1.740325212193003068e+00
8.635535830446111731e+02,9.169643008881943160e+02,1.734752953648059481e+00
8.635289004888986710e+02,9.171724300178071871e+02,1.728998377898347538e+00
8.635018331604046580e+02,9.173523961551933326e+02,1.723855860968069420e+00
8.634594702265349042e+02,9.175627196700794457e+02,1.718555188349282448e+00
8.634556610815410522e+02,9.177591764882037069e+02,1.712817969370040050e+00
8.634381031215619942e+02,9.179635501389245746e+02,1.705958458375771425e+00
8.634062500822082029e+02,9.181617107718345778e+02,1.699554959818086575e+00
8.633762796472137779e+02,9.183752057594522284e+02,1.694271942368664075e+00
8.633448165663418195e+02,9.185950563582746327e+02,1.690430620930937655e+00
8.633054457406759639e+02,9.188348143462792450e+02,1.687095468794279407e+00
8.632829141513676632e+02,9.190245552929485484e+02,1.685194813937351599e+00
8.632360645238455845e+02,9.192671425773977489e+02,1.684751621476092920e+00
8.632234357200352406e+02,9.195004709572634738e+02,1.686071314741756755e+00
8.632289872184934438e+02,9.196867189060869805e+02,1.688160615330855263e+00
8.631714173828474941e+02,9.199227562776650302e+02,1.691725353005149257e+00
8.631680913751123398e+02,9.201010929952180959e+02,1.695140092269727727e+00
8.631123469530344892e+02,9.203344209402461047e+02,1.701801911698388237e+00
8.630765720993211971e+02,9.205243390475910701e+02,1.708315531425841138e+00
8.630192943634484664e+02,9.207401998884947716e+02,1.716761334020176166e+00
8.629933555900374813e+02,9.209538419786446184e+02,1.725166091454304995e+00
8.629570687014047508e+02,9.211554031935301055e+02,1.734644444810148789e+00
8.628945194612512068e+02,9.213502728796853489e+02,1.744981790002169353e+00
8.628267339391773021e+02,9.215925012022527198e+02,1.757664846476333587e+00
8.627823128474299210e+02,9.217875437569094856e+02,1.770249786527645197e+00
8.627111150035308356e+02,9.219992164706497988e+02,1.786513014373938280e+00
8.626363647469099760e+02,9.222357879509486338e+02,1.803324956308046678e+00
8.625846537989592662e+02,9.224440025749635197e+02,1.820487741507748058e+00
8.624974730899335782e+02,9.226112918598504393e+02,1.840270898479292816e+00
8.624082176201210359e+02,9.228082465440522810e+02,1.858528336749338150e+00
8.623028182536467057e+02,9.230476398758535197e+02,1.879649946592840237e+00
8.622114343093478510e+02,9.232490089277730476e+02,1.902593063050051603e+00
8.621313185250492097e+02,9.234555838599081881e+02,1.922152107722101766e+00
8.619974218892186855e+02,9.236403797553176673e+02,1.948201050070208717e+00
8.618623663306178742e+02,9.238095594229853305e+02,1.974598907024553096e+00
8.617310719413163724e+02,9.240067215243713008e+02,2.001852832039739738e+00
8.616016675812384165e+02,9.241769999064400736e+02,2.032575988201908324e+00
8.614730996771552327e+02,9.243641426027918442e+02,2.061438204080790815e+00
8.613417599951112607e+02,9.245094185507830389e+02,2.090798817370515650e+00
8.611696559126747843e+02,9.247154399785714531e+02,2.121031896461328614e+00
8.610072231978952004e+02,9.249089814700884062e+02,2.152207037179463711e+00
8.608583276304191259e+02,9.250726004772304805e+02,2.183293660645647005e+00
8.606934092211483858e+02,9.252519280004673874e+02,2.216870276728314160e+00
8.605079988061381755e+02,9.253897877201716256e+02,2.251179877854035727e+00
8.603303587906775647e+02,9.255333984356200290e+02,2.285367755585484772e+00
8.601257955533503718e+02,9.256531974690208244e+02,2.319977705247588950e+00
8.599314384960194957e+02,9.257830744130394578e+02,2.354273552351196397e+00
8.597554228866850963e+02,9.258726267471877236e+02,2.390291522014979186e+00
8.595562208038243170e+02,9.260037809256311903e+02,2.425616242271622980e+00
8.593769785938233099e+02,9.261285558868710268e+02,2.461118434492494345e+00
8.591778303986277479e+02,9.262780881376858133e+02,2.495142414810719966e+00
8.589821074219435104e+02,9.263718409348520026e+02,2.529251461398176914e+00
8.587412182842375614e+02,9.264425742180708312e+02,2.565375178636835507e+00
8.585166523981272348e+02,9.264817969848296570e+02,2.600756236940539257e+00
8.582965426161197229e+02,9.265413139151550013e+02,2.636131987122260600e+00
8.581098108685819170e+02,9.266350978678257206e+02,2.670836264055818532e+00
8.578712387909894233e+02,9.266918329296642014e+02,2.705739914008070901e+00
8.576502608693818956e+02,9.267532397299244167e+02,2.740301882518522358e+00
8.574287976747729090e+02,9.268354098544174349e+02,2.773797696389515899e+00
8.571887795979375824e+02,9.268648259539355649e+02,2.810096794280968702e+00
8.569511885214704989e+02,9.268885319037727868e+02,2.845374023821777953e+00
8.567092535685934536e+02,9.268998427900686465e+02,2.878605749707296546e+00
8.564936262271287433e+02,9.269016096973061849e+02,2.909937916724838036e+00
8.562279640451442901e+02,9.268593145466725218e+02,2.942218897632534524e+00
8.560183583189686942e+02,9.268848055653398887e+02,2.973393624060753027e+00
8.557850232404348390e+02,9.268935374182580063e+02,3.004534519695431616e+00
8.555616057992532433e+02,9.268852456093244427e+02,3.035041898003087546e+00
8.553138363086019353e+02,9.268797154394846984e+02,3.063637114637613568e+00
8.550823792756932562e+02,9.268307592158024590e+02,3.091109823336634754e+00
8.548641203362506076e+02,9.267859880783453264e+02,3.116270354662677100e+00
8.546198824162240726e+02,9.267782939621200740e+02,3.141549047544264450e+00
8.544243162807630370e+02,9.267169612929427558e+02,3.163958891875513046e+00
8.542149600374826832e+02,9.266919395045248393e+02,3.184638717527025431e+00
8.540034208552157224e+02,9.266515724620473975e+02,3.203037584328602083e+00
8.537441795827730857e+02,9.266157910016954702e+02,3.221385194174276823e+00
8.535139311464353113e+02,9.265873769896281829e+02,3.237396588126797869e+00
8.533067737892795321e+02,9.265505169238761027e+02,3.251068589312395840e+00
8.530620458479450008e+02,9.264881765866491605e+02,3.261690681317342300e+00
8.528177057721912888e+02,9.264296236768116160e+02,3.269665924739736607e+00
8.526046991620736435e+02,9.263919156805504826e+02,3.275517909601129318e+00
8.524036204426187169e+02,9.263801665749414269e+02,3.280934908841851794e+00
8.521907650095253075e+02,9.263118219360754892e+02,3.284165933674109361e+00
8.520002048774183550e+02,9.262980044676811531e+02,3.285997449977672957e+00
8.517707412377582159e+02,9.262495248517820983e+02,3.287251679655921244e+00
8.515883542767286372e+02,9.262002304576654979e+02,3.287099594110961753e+00
8.513843421188047387e+02,9.261772410614699993e+02,3.286398334013542755e+00
8.512324558247013329e+02,9.261687132055109259e+02,3.286820468112853444e+00
8.510424310337962197e+02,9.261531482880409385e+02,3.286547657508523734e+00
8.508576855560338572e+02,9.261159026240771937e+02,3.285551138791538150e+00
8.507056746866951471e+02,9.261120812255683177e+02,3.283294187914922890e+00
8.505588395508996200e+02,9.260814916731994799e+02,3.281932386819041092e+00
8.504149003605884900e+02,9.260547122970610872e+02,3.278971239279832695e+00
8.502778321908297130e+02,9.260586064918420561e+02,3.275677310066602566e+00
8.501073125305397298e+02,9.260549335341818278e+02,3.272093647922704740e+00
8.499485772941389996e+02,9.260440239281483628e+02,3.269579964919658188e+00
8.497877693390632885e+02,9.260131915824152884e+02,3.266781592943158508e+00
8.496542750891437663e+02,9.259944190031067137e+02,3.264352375079548008e+00
8.494756184793432112e+02,9.259554997949903736e+02,3.261816882172841492e+00
8.493186188249306952e+02,9.259677203616180350e+02,3.259777963490108732e+00
8.491675124383598359e+02,9.259112723918284473e+02,3.258389778174386020e+00
8.489654862962477182e+02,9.259007421617770888e+02,3.256811409109742428e+00
8.488168230587330072e+02,9.258850348966773254e+02,3.257391104528500669e+00
8.486429312292369787e+02,9.258336141456254609e+02,3.257168373275293405e+00
8.484698515067321978e+02,9.258108150554796794e+02,3.257381278755572929e+00
8.482978516277979679e+02,9.257934293277259030e+02,3.256382476596830333e+00
8.480944237080806261e+02,9.257601616188632079e+02,3.256693809082491509e+00
8.478750719211205933e+02,9.257274268627986658e+02,3.256975727297079182e+00
8.476820062659023733e+02,9.256891611731253988e+02,3.257811701901637491e+00
8.475124036100502281e+02,9.257266747167964240e+02,3.259287129090254531e+00
8.473198641085912186e+02,9.256987033038367372e+02,3.257607356400043397e+00
8.471082181132090909e+02,9.256663239636372964e+02,3.257039335020569748e+00
8.469057534856356142e+02,9.256540305311493739e+02,3.256987472996707655e+00
8.466906715765974241e+02,9.255921359305979195e+02,3.257542275164250878e+00
8.465153471607371785e+02,9.255892812622149677e+02,3.257601977244648950e+00
8.462749194774289663e+02,9.255391687775033915e+02,3.258900750052892370e+00
8.460951747855482381e+02,9.255397632550187836e+02,3.258032651886295206e+00
8.458956516997114932e+02,9.255064886036859662e+02,3.257937362255467040e+00
8.456624778760577783e+02,9.254336658253591850e+02,3.258459216703833317e+00
8.454561674361755195e+02,9.254399225301128808e+02,3.262239484931817479e+00
8.452555755453624897e+02,9.253850303173431939e+02,3.263490513478455757e+00
8.449923216596857856e+02,9.253555667808146836e+02,3.266633130495226300e+00
8.447631503937550406e+02,9.253570027304642736e+02,3.271558139218169181e+00
8.445120996141837395e+02,9.253018040653101934e+02,3.277461338179417094e+00
8.442581267351481529e+02,9.252666815547670467e+02,3.283153258144733577e+00
8.440204319152601329e+02,9.252141983138711794e+02,3.288452212320231993e+00
8.437542455482806645e+02,9.251550503617949062e+02,3.294411368716887889e+00
8.434775580847110632e+02,9.251104713682592546e+02,3.302630249386877992e+00
8.432123505407048469e+02,9.250411549779818188e+02,3.308787957633673393e+00
8.429457786081983386e+02,9.249790414670943619e+02,3.314111696962053877e+00
8.426830571548241551e+02,9.249282348360268315e+02,3.322158217707894323e+00
8.423885616959144045e+02,9.248714611460162587e+02,3.328764658336647919e+00
8.421374081135493270e+02,9.248037511693154329e+02,3.335560001153313081e+00
8.418479207965176556e+02,9.247378087728932314e+02,3.342024028422466042e+00
8.415568769669646372e+02,9.246638880108475860e+02,3.347942632315804801e+00
8.412902644523546769e+02,9.246077469295665878e+02,3.354183535953747963e+00
8.410261428030244133e+02,9.245341948369572265e+02,3.358609399068269052e+00
8.407435116159614381e+02,9.244564687595651549e+02,3.364663986725466405e+00
8.404352593522390862e+02,9.244038205903370908e+02,3.370010002070527477e+00
8.401225505931192856e+02,9.242944808328667250e+02,3.374898256283851872e+00
8.398576769148786525e+02,9.242129557991974025e+02,3.381082802970980961e+00
8.395652281505642804e+02,9.241405010631797268e+02,3.388117763540777094e+00
8.392454767743604407e+02,9.240487832478290784e+02,3.393565579480147143e+00
8.389693214045112200e+02,9.239951198940689210e+02,3.398621388900126661e+00
8.386749403396190701e+02,9.238866605375034169e+02,3.404104387665550568e+00
8.383890144462249054e+02,9.238055100570617242e+02,3.410863095253877653e+00
8.380841038879431153e+02,9.237190212871773838e+02,3.417263459061820718e+00
8.377749443292426577e+02,9.236260937683981638e+02,3.421796509760933969e+00
8.374620405841301363e+02,9.235270093134527087e+02,3.426565774159346489e+00
8.371407714952950982e+02,9.234195500041171272e+02,3.429877895811526134e+00
8.368436601751756143e+02,9.233166657970864435e+02,3.433853080200673702e+00
8.365186083125788628e+02,9.231978826074082463e+02,3.436106690981393097e+00
8.362163295518525956e+02,9.231244659381039810e+02,3.438989307717518873e+00
8.358888751140838167e+02,9.230073136672772307e+02,3.440022890561270863e+00
8.355517704154922285e+02,9.229032261787887137e+02,3.442292443510490241e+00
8.352527301486250053e+02,9.228213889573212327e+02,3.444474148137982361e+00
8.349327097109975284e+02,9.227074401378320090e+02,3.444640264132530660e+00
8.345727125758691045e+02,9.225966848062561212e+02,3.447435954847903439e+00
8.342684397183099918e+02,9.225062177850811622e+02,3.448353457252934628e+00
8.339314027072592808e+02,9.224035353469494112e+02,3.450226399220602147e+00
8.336015178692066456e+02,9.222946761205357689e+02,3.451745004425091246e+00
8.332310462793477654e+02,9.221584049523959266e+02,3.452597590238715153e+00
8.329222277507149101e+02,9.220671559761914295e+02,3.454465168819567555e+00
8.325920629052313870e+02,9.219625209319410715e+02,3.454841221441721455e+00
8.322335547876098190e+02,9.218275064633949114e+02,3.455341385360997997e+00
8.319072003887213214e+02,9.217217848714075217e+02,3.456568098170914372e+00
8.316032535805770749e+02,9.216138359090990662e+02,3.458915790121412925e+00
8.312267994532171542e+02,9.214876970883346985e+02,3.459809772503174674e+00
8.308906233393028060e+02,9.213880931984995186e+02,3.460677377387338272e+00
8.305671174511589925e+02,9.212730586594668694e+02,3.462502937461788832e+00
8.302017178155786041e+02,9.211267544396741869e+02,3.463371794558857797e+00
8.298580100225599381e+02,9.210154477154326287e+02,3.465495847029305576e+00
8.295321584380752711e+02,9.208953880769664693e+02,3.467730951757748148e+00
8.291837995426320731e+02,9.207608484463000877e+02,3.469145973841997410e+00
8.288424417255856724e+02,9.206580041637123486e+02,3.471262005658431349e+00
8.284778503736500852e+02,9.205194899219661693e+02,3.473555145937810007e+00
8.281233560836462857e+02,9.203851511804180063e+02,3.475655582267451305e+00
8.277690332633658272e+02,9.202626112282773647e+02,3.478964432916692218e+00
8.274388810154740668e+02,9.201463844125564719e+02,3.482256497256923211e+00
8.270865159156177242e+02,9.200134515552666699e+02,3.485279609022873260e+00
8.267266639559410351e+02,9.198729540114006795e+02,3.487615586431288328e+00
8.263786682853389038e+02,9.197544822339505117e+02,3.491190055840394990e+00
8.260627437351784010e+02,9.196228947674690062e+02,3.495104645776115682e+00
8.257091173455913804e+02,9.194770216649612848e+02,3.497761903145693463e+00
8.253490925759004995e+02,9.193330321342259595e+02,3.501099273148728930e+00
8.250107060460395587e+02,9.192138318059663789e+02,3.504031341765865282e+00
8.246532877452722232e+02,9.190474398222949048e+02,3.507304204801658720e+00
8.243250686026354970e+02,9.189159337719044061e+02,3.509420578864060669e+00
8.239730119422493999e+02,9.187539700169775188e+02,3.512420258189926425e+00
8.236141338586455731e+02,9.186187937530270347e+02,3.516638220586709274e+00
8.232678364566967275e+02,9.184756425145560570e+02,3.520199480922437285e+00
8.229332615809071285e+02,9.183511472598123646e+02,3.522008115503040049e+00
8.225720141976472632e+02,9.182057385122122923e+02,3.525973104234308320e+00
8.222486696158306358e+02,9.180581871501636897e+02,3.529088387917612035e+00
8.218785287711468754e+02,9.178778606340456463e+02,3.531572579818009761e+00
8.215268940799270467e+02,9.177285087214783061e+02,3.534400950825187682e+00
8.212212362469547315e+02,9.176021765368136585e+02,3.538887262780360921e+00
8.208845535379971352e+02,9.174600045730255715e+02,3.542027400761903255e+00
8.205268483512958255e+02,9.172955157937766444e+02,3.544316125298247133e+00
8.202466836192996880e+02,9.171494328027591791e+02,3.547923997210695735e+00
8.198950364810798419e+02,9.169920204210619659e+02,3.550464595986468908e+00
8.195526136637262198e+02,9.168586619418258579e+02,3.553120825848122166e+00
8.192123350651316969e+02,9.166949615446859525e+02,3.555600291719546391e+00
8.188473076155325998e+02,9.165146254811451172e+02,3.557973034613660879e+00
8.185061198416179877e+02,9.163638266346082446e+02,3.560202702023252730e+00
8.181928091178094746e+02,9.162108435209717072e+02,3.562500743342015497e+00
8.178284918694472481e+02,9.160464773642289629e+02,3.563999764565526807e+00
8.175119874743068067e+02,9.159052598102987304e+02,3.564218618273470085e+00
8.171514148953182257e+02,9.157385743490431196e+02,3.564902331438509542e+00
8.168123640789617639e+02,9.155827841085274486e+02,3.565706387958726520e+00
8.165053260139148961e+02,9.154390346665918514e+02,3.566037443187596967e+00
8.161397117877102119e+02,9.152721230554359408e+02,3.565899873092060357e+00
8.158115176651501770e+02,9.151158161988406619e+02,3.566430021803091321e+00
8.155338441904746105e+02,9.149919427445038309e+02,3.566743049732275850e+00
8.151824611211660567e+02,9.148294496122296096e+02,3.567068764285585392e+00
8.148077021933015658e+02,9.146734407053809264e+02,3.567253114895413635e+00
8.144836859071822346e+02,9.145182493342294947e+02,3.567646516141191881e+00
8.141529639808444472e+02,9.143532382757225605e+02,3.567502105606629836e+00
8.137998784941560189e+02,9.141914290209538194e+02,3.567202503993601059e+00
8.134545104584011597e+02,9.140316511024636839e+02,3.568000321523085550e+00
8.131604726852359590e+02,9.138917806531544556e+02,3.568172115429306679e+00
8.128318659728880675e+02,9.137263363920529855e+02,3.568685519252405403e+00
8.124859374076615950e+02,9.135687840786279139e+02,3.570068510193187716e+00
8.121695020592424044e+02,9.134264999233276967e+02,3.568861221835802233e+00
8.118479921667258168e+02,9.132629068398688332e+02,3.568707255371476261e+00
8.115163426314680919e+02,9.131058398832522016e+02,3.569979644303332922e+00
8.111487928569545147e+02,9.129350711603470927e+02,3.571027142930276899e+00
8.108280575777506556e+02,9.127744601261514390e+02,3.571135930212221421e+00
8.105356002556197836e+02,9.126605837094757590e+02,3.572830394694173517e+00
8.101975228890346443e+02,9.124926926955961335e+02,3.573242793746871371e+00
8.098785495077256655e+02,9.123433675115561527e+02,3.573680752218084233e+00
8.095281261616221400e+02,9.121811928278029882e+02,3.574324009994913620e+00
8.092248661016598135e+02,9.120414744914902485e+02,3.575813692189149240e+00
8.088448234366657061e+02,9.118448061012409198e+02,3.577173323410220096e+00
8.085086912532340193e+02,9.117017842061500232e+02,3.580473693149576864e+00
8.081738158545106216e+02,9.115441506208900364e+02,3.583420403164461199e+00
8.078643360936474664e+02,9.113849184879574068e+02,3.588072296643858294e+00
8.075405697501587383e+02,9.112211854156705613e+02,3.594516334608170105e+00
8.072036107593465886e+02,9.110612597270018114e+02,3.601350277709470138e+00
8.068562123060502245e+02,9.108670914826682292e+02,3.608801315239377416e+00
8.065445406290417623e+02,9.106865464849636282e+02,3.615967651169923691e+00
8.061972862619680882e+02,9.104923952871172332e+02,3.624553119283098201e+00
8.058954808666684357e+02,9.103097727021780656e+02,3.633651736165296242e+00
8.055731015086454363e+02,9.101395784745652691e+02,3.641213419854350875e+00
8.052638081896689073e+02,9.099490260538815392e+02,3.650528331037657725e+00
8.049581427423195237e+02,9.097505511833597893e+02,3.659110333764064915e+00
8.046431498923129766e+02,9.095576761569807331e+02,3.667224949138149004e+00
8.043368491044377606e+02,9.093552296760607305e+02,3.675928218093402755e+00
8.040320836487134102e+02,9.091842106077041308e+02,3.683547991596478610e+00
8.036756930254692861e+02,9.089533892641188686e+02,3.691556421034592361e+00
8.033738486732356705e+02,9.087301548870584611e+02,3.699623207547853898e+00
8.030887630099150556e+02,9.085409752392961309e+02,3.709170137123062982e+00
8.027869862774167586e+02,9.083243216738585488e+02,3.716778661593433952e+00
8.024823105868359789e+02,9.081181559301611514e+02,3.724585303644591505e+00
8.021835041738139580e+02,9.079032367727454584e+02,3.731428300699049849e+00
8.018775420661850148e+02,9.076925106878965153e+02,3.737594980259783650e+00
8.015932455913338117e+02,9.074634926640218282e+02,3.744982595304994444e+00
8.012920006881586232e+02,9.072421748901998626e+02,3.749708327916514428e+00
8.010036838022389247e+02,9.070373774762499579e+02,3.756124016612430339e+00
8.007051872427324497e+02,9.068194702448382714e+02,3.760630506837712161e+00
8.004019428028528864e+02,9.065779466041003616e+02,3.765285252914297942e+00
8.001225634418739219e+02,9.063681758267416626e+02,3.768364775514559728e+00
7.998275502380330408e+02,9.061311827028578136e+02,3.770670377306500232e+00
7.995472684848109566e+02,9.059203895985141344e+02,3.771272168055639806e+00
7.992547145072720696e+02,9.056889638343081970e+02,3.770551588870560522e+00
7.989419282941456686e+02,9.054684494907500039e+02,3.770449850636272249e+00
7.986221257297994498e+02,9.052629661748215995e+02,3.769699315543612261e+00
7.983273503377089355e+02,9.050392265886557652e+02,3.768888103963607517e+00
7.980139445020014364e+02,9.048062593067314765e+02,3.767482139030927879e+00
7.977037321168950257e+02,9.045842764929748228e+02,3.767172109838154537e+00
7.974252228291340998e+02,9.043818474416558502e+02,3.764906347168751388e+00
7.970734554588945002e+02,9.041445564591358561e+02,3.762108728399486068e+00
7.968155422751633523e+02,9.039301246772622562e+02,3.760140176997159855e+00
7.965052070961836534e+02,9.037121808909306537e+02,3.757534677939466050e+00
7.961958552825727793e+02,9.034947401172642003e+02,3.754063074547024925e+00
7.958555409530097222e+02,9.032612040637135351e+02,3.750202438976311559e+00
7.955568447386385742e+02,9.030567071113197244e+02,3.747904907979666689e+00
7.952490237258934940e+02,9.028495251733122586e+02,3.744760239884200814e+00
7.949343346676414512e+02,9.026279519758506922e+02,3.741946731780077862e+00
7.946053685748653379e+02,9.023911915275621141e+02,3.737837959275769784e+00
7.942910401801935905e+02,9.021987024077646993e+02,3.733809743513064383e+00
7.939840180563519425e+02,9.020002880429218521e+02,3.729949117278623660e+00
7.936497203471577677e+02,9.017671096276562821e+02,3.725228624957549250e+00
7.933317162651566150e+02,9.015656910351191300e+02,3.721192245911137952e+00
7.930151646894648820e+02,9.013282573368529711e+02,3.718228029776002419e+00
7.926745615937246612e+02,9.011339207116110401e+02,3.713733932171601637e+00
7.923217943128212255e+02,9.009354261028627207e+02,3.708362327917894774e+00
7.920012801507600670e+02,9.007250334197286747e+02,3.703808880567185380e+00
7.916492888409751458e+02,9.004998531473227104e+02,3.699248412205621950e+00
7.913260411349015158e+02,9.002875288361251478e+02,3.694313474203824832e+00
7.909942965538402859e+02,9.000848275978331685e+02,3.689981570556583268e+00
7.906454489593761537e+02,8.998758979295990912e+02,3.684909504782480028e+00
7.903435338213486148e+02,8.996932456726430019e+02,3.681286712105134917e+00
7.899667028979403085e+02,8.994826307981234095e+02,3.675322585812124565e+00
7.896331204274855509e+02,8.992937980109297769e+02,3.670971822156404940e+00
7.892913397774306077e+02,8.991080319735397097e+02,3.667481539757345477e+00
7.889309047454080428e+02,8.989018633970262044e+02,3.663360316427951791e+00
7.885594423243659321e+02,8.987042311041334415e+02,3.659615743404233346e+00
7.882323126154967667e+02,8.985036510753271841e+02,3.656328532476848636e+00
7.878841807226792753e+02,8.983076741403920096e+02,3.653622732052594468e+00
7.875050304583273828e+02,8.981077278842196847e+02,3.649463616160849799e+00
7.871569788523713669e+02,8.979036191628105144e+02,3.646341456698112715e+00
7.867936336865664089e+02,8.977000922055615320e+02,3.642779192035033642e+00
7.864023056643591190e+02,8.974864269044320508e+02,3.639473942626698655e+00
7.860632192851348918e+02,8.973104805545254976e+02,3.635169944854998558e+00
7.856838727447810697e+02,8.971200451847021213e+02,3.631740973389000260e+00
7.853322308400380507e+02,8.969302939211185048e+02,3.629311409762854268e+00
7.849840956188387509e+02,8.967483297889602909e+02,3.625832335669832318e+00
7.846284841077518877e+02,8.965671602652342926e+02,3.621283972408328111e+00
7.842267456304026609e+02,8.963872188417763027e+02,3.616477838918488619e+00
7.838443270947610699e+02,8.961770618399557407e+02,3.612449668977054884e+00
7.835077060820834731e+02,8.960147048194180570e+02,3.609270334657613599e+00
7.831237317276792282e+02,8.958088301404895901e+02,3.603599032847038419e+00
7.827404171606060572e+02,8.956144668215544016e+02,3.597981408133568593e+00
7.823816029936127734e+02,8.954624656541185459e+02,3.592982034184189377e+00
7.819626473136294180e+02,8.952610429597061739e+02,3.588780751867402863e+00
7.815817416329758771e+02,8.950502550034357228e+02,3.583375501251211404e+00
7.812274371336022796e+02,8.948941290729273987e+02,3.578577958605446696e+00
7.808420718102674982e+02,8.947282460754192925e+02,3.575130564980510073e+00
7.804478001735708403e+02,8.945745310182353478e+02,3.570748575692797022e+00
7.800732600267940597e+02,8.944103752933884834e+02,3.566539407912212134e+00
7.796773650446011743e+02,8.942347542557519091e+02,3.562033256183683161e+00
7.792988398974378015e+02,8.940350049235080405e+02,3.557452178105628082e+00
7.789071581372891160e+02,8.938481023057746597e+02,3.553365222823747782e+00
7.785327421111761623e+02,8.936866747349007483e+02,3.550113118961152558e+00
7.781371924263551136e+02,8.935212566782656722e+02,3.547761152561928366e+00
7.777286714844859716e+02,8.933745017907993997e+02,3.547653435047112502e+00
7.773599026827808984e+02,8.932162604410204949e+02,3.548491527165106074e+00
7.769740170875722924e+02,8.930563073293118350e+02,3.548986450614061372e+00
7.765923024304084947e+02,8.928915917823055679e+02,3.547772207219737517e+00
7.761980765083817460e+02,8.927047595404992535e+02,3.546589920518802508e+00
7.757769176578880206e+02,8.925121389875372415e+02,3.545325317192048242e+00
7.754134699123557084e+02,8.923604964507503610e+02,3.546659618859371754e+00
7.750309678419182546e+02,8.921938785496114406e+02,3.547265712083746525e+00
7.746278999767278037e+02,8.920096615925582455e+02,3.547480957615326780e+00
7.742357191736028881e+02,8.918459337692888766e+02,3.547183237435751035e+00
7.738540784801559766e+02,8.916627919681687899e+02,3.547527447814495805e+00
7.734811146131986561e+02,8.914977736744054937e+02,3.548035022239833136e+00
7.730895398075236926e+02,8.913402629863383027e+02,3.548565986115503001e+00
7.726961162969746510e+02,8.911561887602862271e+02,3.548639582335047393e+00
7.723166452307261807e+02,8.909820221655376145e+02,3.550059625535221031e+00
7.719496474037161988e+02,8.908244782759315967e+02,3.551305835947830669e+00
7.715684416515434805e+02,8.906468267307906217e+02,3.552477451016799126e+00
7.712039407444237895e+02,8.904816766947237738e+02,3.553333758314456858e+00
7.708125770587629404e+02,8.903122701783771618e+02,3.552675159866697907e+00
7.704394103538865011e+02,8.901540150192893179e+02,3.554271430509136298e+00
7.700400261161742037e+02,8.899703332822286939e+02,3.554125387218158405e+00
7.696863466271107654e+02,8.898031756667627405e+02,3.554513130195243509e+00
7.692965529466321186e+02,8.896329610928462444e+02,3.555107076736550464e+00
7.689115982105164449e+02,8.894668509343055121e+02,3.555522288954603205e+00
7.685371692692572196e+02,8.892909751553216893e+02,3.556092822879350024e+00
7.681801604410339905e+02,8.891299473005260552e+02,3.555856394334091952e+00
7.678088280166202821e+02,8.889705303963164624e+02,3.558143029741904773e+00
7.674353723200101740e+02,8.887992403604065430e+02,3.558981589010715485e+00
7.670661341783193166e+02,8.886391793609102479e+02,3.559058810975501252e+00
7.667022123060877448e+02,8.884573401157547323e+02,3.559256942422893477e+00
7.663380931561406442e+02,8.882975132445725421e+02,3.559923072410858591e+00
7.659818705678100059e+02,8.881284588341834478e+02,3.559891353584645923e+00
7.656202256063500045e+02,8.879792142336305005e+02,3.561019491927256198e+00
7.652686374531725733e+02,8.878173754103148667e+02,3.560098352639223585e+00
7.649107959803204722e+02,8.876529043902081639e+02,3.561470154315939496e+00
7.645428758863264420e+02,8.874793683503519333e+02,3.561356373116289387e+00
7.642073293748543392e+02,8.873422961384054588e+02,3.561575880622362522e+00
7.638513998486134824e+02,8.871727172874694816e+02,3.562257721397565913e+00
7.635029008009416884e+02,8.870197674328951507e+02,3.562516170581593755e+00
7.631577718461491031e+02,8.868484400046995688e+02,3.564461148216020447e+00
7.628055663127945536e+02,8.867004273336918914e+02,3.565029847439658450e+00
7.624638886460745653e+02,8.865307687275728767e+02,3.565348488939489080e+00
7.621265124158688877e+02,8.863647473975240700e+02,3.564627583876089467e+00
7.617806787817251006e+02,8.862090190775304563e+02,3.566624869178942614e+00
7.614309679355835669e+02,8.860454778635513549e+02,3.567436256184300269e+00
7.610859375391527237e+02,8.858976276065595812e+02,3.567669945413812105e+00
7.607781638570744462e+02,8.857523764635204770e+02,3.569948805761571364e+00
7.604283560359284593e+02,8.855905413752050208e+02,3.570401443612510661e+00
7.600972393211634426e+02,8.854190079277575478e+02,3.571445863405578347e+00
7.597626369927406813e+02,8.852698982444879903e+02,3.570707488780042738e+00
7.594471022179474176e+02,8.851130278415984094e+02,3.570643851419228021e+00
7.591191451959438155e+02,8.849625616643832018e+02,3.571976864144073449e+00
7.587728161917916623e+02,8.847790218995343139e+02,3.572577032053406931e+00
7.584627896477047670e+02,8.846345597502092915e+02,3.572630153611186188e+00
7.581326295676153677e+02,8.844912211149837731e+02,3.573734109313158935e+00
7.577983887519970949e+02,8.843283981987690368e+02,3.574089233766771567e+00
7.574702475332429685e+02,8.841759552656325241e+02,3.574269963180053189e+00
7.571532229863187240e+02,8.840294042346160950e+02,3.574258689598825089e+00
7.568509579825278024e+02,8.838790048607016843e+02,3.574639099447400881e+00
7.565191895905450110e+02,8.837163980244838513e+02,3.574540112776482648e+00
7.562078880797381544e+02,8.835652801175579043e+02,3.574508223741716950e+00
7.558967710651733114e+02,8.834149522571723310e+02,3.575415796036673477e+00
7.555697448720713965e+02,8.832751795288100993e+02,3.575370863168300328e+00
7.552512132540121002e+02,8.831293061855287760e+02,3.576021313979715899e+00
7.549531543922432775e+02,8.829809086738416681e+02,3.575508715304369645e+00
7.546357498688826126e+02,8.828245564373672778e+02,3.575507704399422337e+00
7.543230991861699977e+02,8.826879435596771373e+02,3.575767298933922866e+00
7.540126796506289111e+02,8.825393612313113181e+02,3.575523142704959412e+00
7.536929344574112974e+02,8.824034433435148230e+02,3.575660479291659311e+00
7.533857459728487811e+02,8.822418040778446766e+02,3.576219128505507605e+00
7.530845801083230526e+02,8.820979290658768832e+02,3.576183873217222864e+00
7.527868008466967922e+02,8.819649154096815664e+02,3.576774992377873552e+00
7.524613025124809838e+02,8.818050206137684199e+02,3.576339984875410050e+00
7.521592147157268755e+02,8.816557530863354941e+02,3.577296844616224991e+00
7.518706667764485019e+02,8.815211177312392010e+02,3.577381853497494379e+00
7.515628190135576006e+02,8.813768006178734140e+02,3.577528763516926613e+00
7.512590281350300074e+02,8.812351890035347424e+02,3.576955020579714706e+00
7.509593318597072766e+02,8.810850124099240475e+02,3.577853358136855899e+00
7.506450372864410383e+02,8.809448540550660027e+02,3.577483513870485243e+00
7.503522901353649104e+02,8.808056666205400234e+02,3.577424086859906094e+00
7.500653999210225038e+02,8.806611680685058445e+02,3.578485173177538226e+00
7.497673354757806692e+02,8.805100801119717744e+02,3.578708120830132344e+00
7.494651080451849339e+02,8.803790876112112755e+02,3.578534360097763489e+00
7.491543373112821200e+02,8.802327234633702346e+02,3.578051947808599920e+00
7.488675150277648527e+02,8.801008033362920742e+02,3.578754161970727932e+00
7.485519063604562007e+02,8.799573526982547946e+02,3.578471921792712340e+00
7.482732156218461341e+02,8.798102596538095668e+02,3.578651154306466964e+00
7.479660338476166999e+02,8.796619991278578254e+02,3.578233518908293664e+00
7.476640145755250160e+02,8.795280573978719758e+02,3.579096805427487649e+00
7.473859579519881891e+02,8.793959385943539928e+02,3.580059717017678000e+00
7.470775977459798014e+02,8.792576127632238467e+02,3.581378525019789816e+00
7.468044705300087571e+02,8.791050386879750249e+02,3.582791576177528636e+00
7.465150636958242103e+02,8.789758111560528278e+02,3.584947249701390337e+00
7.462141656607686855e+02,8.788312083433153248e+02,3.587779411141952313e+00
7.459202835007572503e+02,8.786711934482618744e+02,3.591976983494958642e+00
7.456554235112731703e+02,8.785350492089302179e+02,3.597105382731974110e+00
7.453613563683538814e+02,8.783785593608049567e+02,3.603113022731213810e+00
7.450867659628390811e+02,8.782402464338750860e+02,3.610738268565203413e+00
7.448076757471861811e+02,8.780881461287337970e+02,3.617594423400697590e+00
7.445410066828598019e+02,8.779281383183868002e+02,3.626883873823754989e+00
7.442789627579523994e+02,8.777711897031634862e+02,3.636880073350340137e+00
7.440004330046173209e+02,8.776249580705341486e+02,3.647661630387564635e+00
7.437488894552780039e+02,8.774510725482549560e+02,3.660863132961834410e+00
7.434702691736551969e+02,8.772808951219960818e+02,3.674694524769505311e+00
7.432028813608303608e+02,8.771073388944938642e+02,3.690752279158942439e+00
7.429579517276387151e+02,8.769276601990617337e+02,3.707500718200323675e+00
7.427287720576007359e+02,8.767624708411203756e+02,3.725350454502001973e+00
7.424886490435910673e+02,8.765672817093475260e+02,3.744305904456077805e+00
7.422667948285984494e+02,8.763767555623978751e+02,3.764345017680893246e+00
7.420481938570858347e+02,8.761894423692741611e+02,3.784250806189685346e+00
7.418354089549482069e+02,8.759899578207384820e+02,3.805364454743795477e+00
7.416218648796956359e+02,8.757935001187693160e+02,3.824535234419080609e+00
7.414024758567761637e+02,8.756064312447768998e+02,3.845741282611616629e+00
7.412174973622876450e+02,8.754126135949561558e+02,3.868592058534458200e+00
7.410304190461279177e+02,8.751967525173332660e+02,3.890436311144501502e+00
7.408460847711825181e+02,8.749972370003865763e+02,3.913553834006786136e+00
7.406838468526456154e+02,8.747938726075950626e+02,3.937578861945751907e+00
7.405179083792434085e+02,8.745764461331842767e+02,3.961027154353982116e+00
7.403390269758748445e+02,8.743627777244184927e+02,3.983597897084493411e+00
7.402016088324370457e+02,8.741456760086226723e+02,4.007804721484621524e+00
7.400675056534062151e+02,8.739321890368836421e+02,4.031507500150443235e+00
7.399500729270158672e+02,8.737155404775676288e+02,4.055963628838706647e+00
7.398099609060005832e+02,8.734933371479977495e+02,4.079708777437302203e+00
7.396766398655857984e+02,8.732685895553138380e+02,4.104087040596938074e+00
7.395557080018920715e+02,8.730600573960367683e+02,4.129018266247669544e+00
7.394603819748165279e+02,8.728506254057344904e+02,4.153288732596312371e+00
7.393635191866700325e+02,8.726417380460313780e+02,4.177505042809118052e+00
7.392680321845625713e+02,8.724002649067053881e+02,4.202071341422558781e+00
7.391845723223469804e+02,8.721719145050294628e+02,4.226467460538326115e+00
7.390902756015766499e+02,8.719454775030428664e+02,4.250387830964792890e+00
7.390274370709225877e+02,8.717305819679921797e+02,4.273084633642643126e+00
7.389675613321389847e+02,8.715194081785647313e+02,4.295070033550588029e+00
7.389121731249515506e+02,8.712992662086784321e+02,4.318645020440536442e+00
7.388480239619043459e+02,8.710811623638581978e+02,4.340335429886033047e+00
7.387988812193025296e+02,8.708471838831789000e+02,4.363285740256788614e+00
7.387441737262544166e+02,8.706260390652630576e+02,4.385666169085238764e+00
7.387046233269321647e+02,8.703900872368629962e+02,4.408902415751931869e+00
7.386784029476068554e+02,8.701813938873967800e+02,4.430705513269890261e+00
7.386790487786948916e+02,8.699749285633523641e+02,4.451458156006551370e+00
7.386584313960272539e+02,8.697535585678481311e+02,4.474131257144994045e+00
7.386395376128292583e+02,8.695671600357574107e+02,4.494766003579375280e+00
7.386250975343101572e+02,8.693412598878709332e+02,4.516038296464700785e+00
7.386059976970706202e+02,8.691337604536240633e+02,4.537007603168492942e+00
7.385910672965698041e+02,8.688999943580383842e+02,4.558602256384340023e+00
7.386107195807081780e+02,8.687088336500805781e+02,4.577888315227001570e+00
7.386105767802274613e+02,8.684923917001913196e+02,4.597348090602195292e+00
7.386152625046823914e+02,8.682865399434089113e+02,4.616868701016893617e+00
7.386298066829190248e+02,8.680971483052894655e+02,4.634848593157370189e+00
7.386526056238883484e+02,8.678946974349948960e+02,4.651248944561376497e+00
7.386511551650519323e+02,8.676803081952990624e+02,4.668227055991589936e+00
7.386741773372045827e+02,8.674925430192507747e+02,4.683864681502756255e+00
7.386806125972061636e+02,8.672784321880363905e+02,4.697631207975027756e+00
7.386908206438135949e+02,8.670793817036511655e+02,4.711412468192801128e+00
7.387187306150817676e+02,8.668929642503304649e+02,4.724043510617780051e+00
7.387342362820418202e+02,8.667004813303569790e+02,4.733780901014569942e+00
7.387284003544102688e+02,8.665308624161873468e+02,4.743939967030716076e+00
7.387663689044067041e+02,8.663159000342623131e+02,4.751422010008437447e+00
7.387799245426588186e+02,8.661397352014702165e+02,4.758634385456703697e+00
7.387908097490802675e+02,8.659465742743401506e+02,4.764194361728105953e+00
7.388094589065771061e+02,8.657481020017581841e+02,4.767266563629290133e+00
7.388321500608276438e+02,8.656089741588582456e+02,4.771833162225651570e+00
7.388421056745539772e+02,8.654154387891655915e+02,4.775289814592746929e+00
7.388521559460019716e+02,8.652372312063561139e+02,4.777785129643631556e+00
7.388743969896968338e+02,8.650720615781372089e+02,4.779972727071664984e+00
7.388931618934633434e+02,8.648839315977240858e+02,4.783250482121144564e+00
7.389197095458139302e+02,8.647168952248181313e+02,4.785472451614851686e+00
7.389220001265483688e+02,8.645318690607291501e+02,4.788167744460813502e+00
7.389389670443400746e+02,8.643757003638440892e+02,4.789335072669329563e+00
7.389538085957632347e+02,8.642035168253743223e+02,4.791186367317591177e+00
7.389728143258548698e+02,8.640519189224684169e+02,4.792656738035934616e+00
7.389875600876158614e+02,8.638893064919681137e+02,4.793641773920815474e+00
7.390131941126882111e+02,8.637219779504957842e+02,4.794872398675773972e+00
7.390307494874959957e+02,8.635615057104884045e+02,4.796465732274392657e+00
7.390280048039254552e+02,8.633994113443130800e+02,4.796817580846293616e+00
7.390387213803533086e+02,8.632563898241430707e+02,4.797993100201629169e+00
7.390539738508249457e+02,8.631022064663226274e+02,4.799153198944209109e+00
7.390652768135046244e+02,8.629492114081441514e+02,4.800562226251585685e+00
7.390957509363962572e+02,8.627873530094678927e+02,4.802205325201805763e+00
7.390954277885734882e+02,8.626656102500793395e+02,4.802559262636188819e+00
7.391163850965765505e+02,8.624977120947396543e+02,4.803523519530140895e+00
7.391488245938733144e+02,8.623289345576000642e+02,4.805582569758747091e+00
7.391631427822471778e+02,8.621712512930184857e+02,4.807487895275333933e+00
7.391761738247881794e+02,8.620319470779242010e+02,4.810299334962414797e+00
7.391994313179477558e+02,8.618651509597297036e+02,4.814786935635097187e+00
7.392158823088093413e+02,8.616938973983236565e+02,4.819812440003492071e+00
7.392621143343069434e+02,8.615127789968272509e+02,4.826140659668363142e+00
7.392977061819594837e+02,8.613540815172880230e+02,4.832205433336773659e+00
7.393449013348301833e+02,8.611430000959740028e+02,4.838535770486534382e+00
7.393692984523657969e+02,8.609910145663337744e+02,4.844853519592727586e+00
7.394055122732268046e+02,8.608168329629924074e+02,4.851048428102298971e+00
7.394378268304650419e+02,8.606525364032448806e+02,4.857898009278102336e+00
7.394516043066149678e+02,8.604751324382651774e+02,4.864447148111375796e+00
7.395138270408285734e+02,8.602645665590453063e+02,4.871798103046439010e+00
7.395642939100666808e+02,8.600567333022821686e+02,4.878665485484087405e+00
7.395959372413342408e+02,8.598763736440050707e+02,4.886415220792790670e+00
7.396522611615955611e+02,8.596487034651366912e+02,4.893368370360581032e+00
7.396887424813824055e+02,8.594609211001009044e+02,4.899881546415326028e+00
7.397435752807589324e+02,8.592602189415629255e+02,4.907865116109327630e+00
7.397889880295750800e+02,8.590531207077116278e+02,4.915694635668637957e+00
7.398470521722762214e+02,8.588268276363382938e+02,4.924039637518394130e+00
7.399135302284337286e+02,8.585999695521936701e+02,4.931520393280997894e+00
7.399711365777000083e+02,8.583961439139985714e+02,4.939347991262532211e+00
7.400447535888603170e+02,8.581715121578261005e+02,4.947717835826334287e+00
7.401221863709972695e+02,8.579299855097549425e+02,4.955855659268944002e+00
7.401790497211204638e+02,8.577061934724042658e+02,4.964384071936112974e+00
7.402499601293174010e+02,8.574899990305199253e+02,4.972529370492316581e+00
7.403357684631531583e+02,8.572730296043373528e+02,4.981691004113687704e+00
7.404003947211590457e+02,8.570426407818275720e+02,4.990013531927544044e+00
7.404821081376785514e+02,8.568101412433414907e+02,4.997912551915295154e+00
7.405676777753714077e+02,8.565818214535946709e+02,5.007737251888134011e+00
7.406400097187288338e+02,8.563586088749499368e+02,5.016690983815376370e+00
7.407447603976218033e+02,8.560974106617871939e+02,5.025614869441414001e+00
7.408326950368002599e+02,8.558866684370431130e+02,5.034207818472980378e+00
7.409250450426391126e+02,8.556678763987923730e+02,5.043928620479724678e+00
7.410166459689168050e+02,8.554043553660428643e+02,5.052626642702517934e+00
7.411115515977247696e+02,8.551839708998393235e+02,5.060626486274953706e+00
7.412019782160911063e+02,8.549566376502440335e+02,5.069856592297011133e+00
7.413231694353532930e+02,8.547330376944486261e+02,5.078926430143341442e+00
7.414293190138014324e+02,8.544987856893770868e+02,5.088246159917416023e+00
7.415435855013350874e+02,8.542533135122594103e+02,5.097617188074530681e+00
7.416295694215377807e+02,8.540366800064344943e+02,5.106338624135997151e+00
7.417375010079043705e+02,8.538221127464387337e+02,5.115100911006921436e+00
7.418534803344118700e+02,8.535817946294442891e+02,5.124589993341042593e+00
7.419883348219169648e+02,8.533513752918522641e+02,5.132695808827521411e+00
7.420895289163655661e+02,8.531371710404365558e+02,5.141455282091569323e+00
7.422005558302229247e+02,8.529114165171438344e+02,5.149666363934430890e+00
7.423230186904485208e+02,8.526746981354967829e+02,5.157426862710368098e+00
7.424357638775925352e+02,8.524865403578183987e+02,5.165171109629424606e+00
7.425671330068093994e+02,8.522481078961160392e+02,5.171708082866230072e+00
7.426668701898207701e+02,8.520354318224592589e+02,5.179580082745851577e+00
7.427881403975544572e+02,8.518270038048636934e+02,5.185521382589239892e+00
7.429104956635667349e+02,8.516086915346925252e+02,5.191940784587773194e+00
7.430219219064948675e+02,8.514056713268967087e+02,5.197036531493751887e+00
7.431531266535801024e+02,8.511756943406692244e+02,5.202160511596089165e+00
7.432874611937818372e+02,8.509806720188936424e+02,5.207638256489929063e+00
7.434099125253558213e+02,8.507369138529080601e+02,5.213171480366304067e+00
7.435439195621015642e+02,8.505528120721028245e+02,5.219086140054866263e+00
7.436595167637569830e+02,8.503381963955541778e+02,5.221860363365824931e+00
7.438001254559839026e+02,8.501129955670846812e+02,5.227140641129818022e+00
7.438993155232093386e+02,8.499239405803174350e+02,5.232340669063931138e+00
7.440516042459832988e+02,8.496936214768201125e+02,5.236519357198614166e+00
7.441702644198629741e+02,8.494997861817373632e+02,5.238895045158637132e+00
7.442931774832982228e+02,8.492804428607187219e+02,5.242954411584872965e+00
7.444263777472997390e+02,8.490777506358888331e+02,5.244802756988710790e+00
7.445617359001092836e+02,8.488772308726778419e+02,5.248349878203474539e+00
7.446765304913877799e+02,8.486549051652502840e+02,5.252297040369935388e+00
7.447865156686906403e+02,8.484735291688707548e+02,5.255848790397426029e+00
7.449115018945060456e+02,8.482689117446147975e+02,5.259131992714350723e+00
7.450547331614493487e+02,8.480742210465930384e+02,5.260615782999930268e+00
7.451887580973573222e+02,8.478730724425759036e+02,5.263065896310072489e+00
7.453105027511887783e+02,8.476647938421180015e+02,5.266122375760921237e+00
7.454390281392471707e+02,8.474663665163234327e+02,5.267295235821768173e+00
7.455608491378854978e+02,8.472583942138718385e+02,5.270115525274586155e+00
7.456903296522831397e+02,8.470841723553164684e+02,5.271201076026352794e+00
7.458354899700859733e+02,8.468659461631624481e+02,5.274207684736993862e+00
7.459420866112864132e+02,8.466593702513313247e+02,5.275697806858286931e+00
7.460805242295746211e+02,8.464862140152167740e+02,5.278538633662300583e+00
7.462377335917479968e+02,8.462722614457584314e+02,5.279309890534300109e+00
7.463511100626681127e+02,8.460781224995703269e+02,5.278895145377584086e+00
7.464858117133825317e+02,8.458756953684361406e+02,5.280311041994820265e+00
7.466060381451223975e+02,8.456846763582102540e+02,5.282005184971978906e+00
7.467448397222835865e+02,8.454760031812909347e+02,5.281245042344779428e+00
7.468674732685029767e+02,8.452617397772447703e+02,5.281662563413661360e+00
7.470093765821681018e+02,8.450478945558560326e+02,5.281452875835978666e+00
7.471433169517717943e+02,8.448527090847413774e+02,5.281112870820254379e+00
7.472843063939945978e+02,8.446730808477875598e+02,5.282291037744017537e+00
7.474043175553460969e+02,8.444474786283113872e+02,5.280706507721807164e+00
7.475555013145769863e+02,8.442256604941966316e+02,5.280027206580159671e+00
7.476742857339501143e+02,8.440307525147120487e+02,5.279044094507162832e+00
7.478203736104696873e+02,8.438307337421928196e+02,5.279323624892453992e+00
7.479408108038095406e+02,8.436088129111276430e+02,5.276406760102130278e+00
7.480761733450137854e+02,8.434008481769950549e+02,5.274875449734309107e+00
7.481970130300142046e+02,8.431750190180509890e+02,5.270769129260722607e+00
7.483446561625405593e+02,8.429633797963198276e+02,5.267563206147054089e+00
7.484802640276483316e+02,8.427832367150103892e+02,5.265151156666980192e+00
7.485947639242631340e+02,8.425614766220068077e+02,5.260957936837488802e+00
7.487419726914312150e+02,8.423460799636173988e+02,5.257923542144732565e+00
7.488490187820164010e+02,8.421025503429242463e+02,5.251443106599039012e+00
7.489846281631508873e+02,8.418879917945688476e+02,5.246935331270879743e+00
7.490930549883462390e+02,8.416877392930661017e+02,5.240386705363157205e+00
7.492370354582593563e+02,8.414185785785110738e+02,5.233561045255100908e+00
7.493457295509388132e+02,8.412249287121619545e+02,5.227043756538852115e+00
7.494773562530136815e+02,8.409774151631735322e+02,5.221984527263434650e+00
7.496064676208343371e+02,8.407613510681151183e+02,5.214242710978583162e+00
7.497137041623102505e+02,8.405219910689334029e+02,5.206752207745265260e+00
7.498464491578821480e+02,8.402614603616576687e+02,5.199594350699800138e+00
7.499445545434605265e+02,8.400549384941001563e+02,5.190904426927677839e+00
7.500409261300350181e+02,8.398162109534025603e+02,5.181252515749138254e+00
7.501705858891816661e+02,8.395435622313794966e+02,5.172192816621666189e+00
7.502801689793044488e+02,8.393121579178219918e+02,5.163324123856781966e+00
7.503739969401850658e+02,8.390664547098249386e+02,5.153538825591753358e+00
7.504655812565049473e+02,8.388221013250876013e+02,5.143115693447911418e+00
7.505810464461397942e+02,8.385622018401168134e+02,5.135108056707345270e+00
7.506734202919940344e+02,8.383420693920594431e+02,5.125313006258450876e+00
7.507985649156710224e+02,8.380653798605530937e+02,5.115203430929918582e+00
7.509116088965570270e+02,8.378055623586780030e+02,5.105927429176311705e+00
7.509878306111257871e+02,8.375620825623261680e+02,5.096606809518715586e+00
7.510709209907395234e+02,8.373038872464387623e+02,5.086844894817470930e+00
7.511950127073798740e+02,8.370432110024852363e+02,5.077645258717910615e+00
7.512556023215777259e+02,8.368006369220644274e+02,5.068168086642521608e+00
7.513271507095829520e+02,8.365750088319905444e+02,5.058039179095114690e+00
7.514103139599465067e+02,8.363098803385834117e+02,5.049269062998547497e+00
7.515001549466338702e+02,8.360547472462840233e+02,5.039118499566185072e+00
7.515738157628311455e+02,8.357928632714792911e+02,5.029617845257324582e+00
7.516591780927763011e+02,8.355290408131936601e+02,5.019735569007284681e+00
7.517246738934273935e+02,8.352532233505868362e+02,5.009493285098872484e+00
7.517884260904957046e+02,8.350025245523223703e+02,5.000107194997712057e+00
7.518546623814472696e+02,8.347607114533559525e+02,4.991193823616696612e+00
7.519130963209076981e+02,8.344929305402354203e+02,4.981695225752404532e+00
7.519631677936968117e+02,8.342400637796565661e+02,4.972193307388685035e+00
7.520182614862775381e+02,8.339801702325346469e+02,4.962210336917647346e+00
7.520715288236252718e+02,8.337096067154801631e+02,4.951530856159878979e+00
7.521151686695168337e+02,8.334589193926154849e+02,4.942716955859427053e+00
7.521843899031657656e+02,8.331870224623680770e+02,4.932891425639462035e+00
7.522436260117295888e+02,8.329285442440774432e+02,4.923974337640336429e+00
7.522773908409817523e+02,8.326855763537134862e+02,4.914050849740628557e+00
7.523312052569991693e+02,8.324362534103551070e+02,4.904785690412718502e+00
7.523691046222845671e+02,8.321691336484673229e+02,4.895099098356874734e+00
7.524077348270049015e+02,8.318949592275002942e+02,4.886685263857196482e+00
7.524422236715741974e+02,8.316359482982055624e+02,4.879378755781618615e+00
7.524608645109123017e+02,8.313707657941168918e+02,4.870485972012834175e+00
7.524833326570498002e+02,8.310931195263688096e+02,4.862504246825850807e+00
7.525061477564379402e+02,8.308382119622913251e+02,4.855030533309881768e+00
7.525298753510853658e+02,8.305776824073400348e+02,4.847340266794289754e+00
7.525732898572462091e+02,8.303116921430281536e+02,4.841780504181770084e+00
7.526035824351964720e+02,8.300304455876796510e+02,4.835395619068754591e+00
7.526298635730108799e+02,8.297488323393457677e+02,4.829025926983089079e+00
7.526433088874200621e+02,8.294960718820517513e+02,4.823794915729687993e+00
7.526779736788633954e+02,8.292186303540871677e+02,4.818156116291858027e+00
7.527207990735568046e+02,8.289525665351409316e+02,4.813568884118612168e+00
7.527240442132863336e+02,8.286789781426712125e+02,4.809011607478415051e+00
7.527471145444767444e+02,8.283982654893916333e+02,4.805195838269438191e+00
7.527527983599458139e+02,8.281098537804590478e+02,4.800868160096662507e+00
7.527827121907553192e+02,8.278622532924780444e+02,4.799457290532793685e+00
7.528043773104135425e+02,8.275721692810087688e+02,4.796976362436341290e+00
7.528242939451268967e+02,8.272987709495225772e+02,4.795667134072926885e+00
7.528435106232540193e+02,8.270049923785768442e+02,4.794008482178526265e+00
7.528461920546582178e+02,8.267200400700980936e+02,4.792051938806983102e+00
7.528862425558880886e+02,8.264461366251468917e+02,4.790594936412063909e+00
7.529165189839536652e+02,8.261538002437347359e+02,4.788824669764933262e+00
7.529304443401997560e+02,8.258797175952317957e+02,4.786766103287677154e+00
7.529560115069629092e+02,8.255988402949795955e+02,4.785902435381000686e+00
7.529544886012296274e+02,8.253012809564625059e+02,4.784248205540281518e+00
7.529706322303510433e+02,8.249998421931975372e+02,4.782724939985083523e+00
7.530070060610315750e+02,8.247054240732672952e+02,4.782030093321867348e+00
7.530127362450692772e+02,8.244424925868383980e+02,4.780499297206814546e+00
7.530339166764683796e+02,8.241691016787112858e+02,4.778131201277632911e+00
7.530483133957093287e+02,8.238652644233079627e+02,4.777069136466860932e+00
7.530634373969721764e+02,8.235879077715666199e+02,4.776292267812546122e+00
7.530790813930517515e+02,8.232975696182870706e+02,4.775090562686517437e+00
7.531032322717145462e+02,8.230110435782484046e+02,4.773443228654584480e+00
7.531342624561862067e+02,8.227117471083477085e+02,4.772311216122345101e+00
7.531373719854283308e+02,8.224151542301430027e+02,4.771092581383117981e+00
7.531827398989255471e+02,8.221321773542472329e+02,4.770332435415902239e+00
7.531992709561623087e+02,8.218250850288404763e+02,4.769636159124077679e+00
7.531972832002505811e+02,8.215604696220110554e+02,4.768475976470290867e+00
7.532134885895227399e+02,8.212562924221682579e+02,4.767342772233279291e+00
7.532338671877772640e+02,8.209497479333608680e+02,4.766220397388876151e+00
7.532534616174390294e+02,8.206508149289045377e+02,4.765165624322038163e+00
7.532683043621871093e+02,8.203455841531183523e+02,4.764109940480460992e+00
7.532808131976082677e+02,8.200649282031710072e+02,4.763330878487044728e+00
7.533175743182401902e+02,8.197538319528295006e+02,4.762346306163884435e+00
7.533356709740620545e+02,8.194497416303355521e+02,4.761307561182923642e+00
7.533578901154362484e+02,8.191602604329272026e+02,4.760865655286260711e+00
7.533632582152652049e+02,8.188692909529117969e+02,4.760552753461560371e+00
7.533813127584745644e+02,8.185676196597476064e+02,4.759477239084356270e+00
7.534027033690373401e+02,8.182567193490882573e+02,4.758828727551806637e+00
7.534153004991826492e+02,8.179511265962964899e+02,4.757721416472251441e+00
7.534285953616674760e+02,8.176555262138560920e+02,4.757539496032372917e+00
7.534241734502899135e+02,8.173452842457468250e+02,4.757076525350805163e+00
7.534575426552063391e+02,8.170421416449713661e+02,4.756426999519552723e+00
7.534642856329991218e+02,8.167491357058261201e+02,4.755770907538071413e+00
7.534704918998877474e+02,8.164277029472874574e+02,4.755663153697555323e+00
7.534869876409753715e+02,8.161383881797112281e+02,4.754805601586766350e+00
7.535166239110988045e+02,8.158405759185737907e+02,4.754543396425713553e+00
7.535218889299882221e+02,8.155146760535852763e+02,4.754405080298705677e+00
7.535291952905595281e+02,8.152288178648404937e+02,4.752431174787068890e+00
7.535257693371411278e+02,8.149176051219468491e+02,4.752519247554499948e+00
7.535372373940190300e+02,8.146075115445894426e+02,4.752537996310141288e+00
7.535441390299898785e+02,8.142936925623997695e+02,4.751450255037085846e+00
7.535545875670217129e+02,8.139777683963243362e+02,4.751369841320675746e+00
7.535705045961975657e+02,8.136722431318946747e+02,4.750842959643724939e+00
7.535826813176498717e+02,8.133539830869282241e+02,4.750690427895764678e+00
7.535836275641132715e+02,8.130464919822992442e+02,4.750713748133870595e+00
7.536051044281152826e+02,8.127471955518707318e+02,4.750801551391387711e+00
7.536177988639485648e+02,8.124255812917955382e+02,4.751389056684843126e+00
7.536319851766755846e+02,8.121251188742444356e+02,4.752429789460223652e+00
7.536506769405272053e+02,8.118196641931551767e+02,4.753534614062572494e+00
7.536810905563256711e+02,8.114940335402358187e+02,4.755982193296042659e+00
7.536860700647087015e+02,8.111825264060736345e+02,4.758695093904585782e+00
7.537146574852191634e+02,8.108762663778992419e+02,4.761730730801491340e+00
7.537340806141046414e+02,8.105587793597258042e+02,4.765130500454006324e+00
7.537545049563759676e+02,8.102488385265485249e+02,4.768691915535643311e+00
7.537734031444639413e+02,8.099381378730976166e+02,4.772629083674175376e+00
7.537977887417831653e+02,8.096304534434813149e+02,4.777058104425815799e+00
7.538371236832745126e+02,8.093112627631134046e+02,4.781407197471098769e+00
7.538642777629074772e+02,8.090230263899549072e+02,4.785529706134631134e+00
7.539087326641162008e+02,8.087205073751982809e+02,4.789940539640797468e+00
7.539372428235183179e+02,8.084195592502060208e+02,4.794088252046289966e+00
7.539717727585571083e+02,8.081173911447351657e+02,4.798818078339147419e+00
7.540233128012234829e+02,8.078048532424253381e+02,4.804021248754771101e+00
7.540656120463735306e+02,8.074958029909818151e+02,4.808615402403473738e+00
7.541041836717674869e+02,8.071984850452022329e+02,4.813388565821569820e+00
7.541490608074756210e+02,8.068951450334882338e+02,4.818154676437697681e+00
7.541864151179045166e+02,8.065842534021741130e+02,4.822596260659415712e+00
7.542365452833169002e+02,8.062832521715838539e+02,4.828163994291756467e+00
7.542784741644519499e+02,8.059919460179297630e+02,4.832917529669868095e+00
7.543245715698346885e+02,8.056890529005574990e+02,4.837135599801612784e+00
7.543840369262715058e+02,8.054103930522563815e+02,4.841891339921260418e+00
7.544135535052647583e+02,8.051156523211649301e+02,4.846810683716618939e+00
7.544655051957465730e+02,8.048090416555692173e+02,4.851332704396349449e+00
7.545139908719861523e+02,8.045292577673195638e+02,4.856135597851985786e+00
7.545559435426246182e+02,8.042228275974267717e+02,4.860738424472745400e+00
7.546195983963046956e+02,8.039422338552744804e+02,4.866143900012602330e+00
7.546686868272801121e+02,8.036516146978206052e+02,4.870717526977584200e+00
7.547181707368499701e+02,8.033654840036261930e+02,4.874766425866141617e+00
7.547794466553770008e+02,8.030658188306913416e+02,4.880186534138234222e+00
7.548270953867669277e+02,8.027838123733611155e+02,4.884294046236778541e+00
7.548837631953232403e+02,8.024908120597403922e+02,4.888857460264824262e+00
7.549592846040682161e+02,8.021916936381372807e+02,4.894136532449739008e+00
7.550134050912416797e+02,8.018845820735140251e+02,4.899081843535355141e+00
7.550825387431699482e+02,8.016051828534385777e+02,4.903695638570305881e+00
7.551609297287482150e+02,8.013242560806688743e+02,4.907953697073998534e+00
7.552235514460118111e+02,8.010318340441109513e+02,4.912613400743272685e+00
7.552793460264792884e+02,8.007275975720117458e+02,4.917655806548023811e+00
7.553549271207866695e+02,8.004440544498257850e+02,4.922487879660158328e+00
7.554229874480200806e+02,8.001614267782924799e+02,4.927606635803259749e+00
7.554964276782026218e+02,7.998697732513115852e+02,4.932465093702109726e+00
7.555574582714697272e+02,7.995885667793980929e+02,4.936996747384085005e+00
7.556258632983417556e+02,7.993034753697060069e+02,4.942163521623765376e+00
7.557078944628148065e+02,7.990058880366194671e+02,4.946854701035637625e+00
7.557917132261216011e+02,7.987110083102148792e+02,4.951846450558749169e+00
7.558450428158480463e+02,7.984504077638243871e+02,4.955981274646331869e+00
7.559307921883315657e+02,7.981442314129812985e+02,4.960927007001664890e+00
7.559912940677234019e+02,7.978610243627786076e+02,4.965133603892727621e+00
7.560951751250293000e+02,7.975870047316866476e+02,4.971342120932280118e+00
7.561617810884150686e+02,7.973165635450607169e+02,4.975411927865185824e+00
7.562767590262546946e+02,7.970137443791132910e+02,4.981120474391311781e+00
7.563590037557731875e+02,7.967355774554479240e+02,4.985232020558099109e+00
7.564292111953343465e+02,7.964792135233030876e+02,4.991175816297621637e+00
7.565128525684184524e+02,7.962071231013522947e+02,4.994817886920234429e+00
7.565886417069261825e+02,7.959354976189302988e+02,4.999173960051837895e+00
7.566897254379515516e+02,7.956609761772094771e+02,5.004529767765108161e+00
7.567777462698207955e+02,7.953966806016912869e+02,5.009140222851621083e+00
7.568694039962630313e+02,7.951415021548441473e+02,5.013692120676045860e+00
7.569639537176934709e+02,7.948370547252116012e+02,5.018287310882995733e+00
7.570547031239439093e+02,7.945591733311551934e+02,5.023760005824623676e+00
7.571310170650544933e+02,7.943422296423630087e+02,5.027446442496141366e+00
7.572273305227075753e+02,7.940723721640752046e+02,5.031072496221073997e+00
7.573095135460188203e+02,7.938131228255653014e+02,5.035859821831241590e+00
7.574012856026480449e+02,7.935822339090938158e+02,5.038288944979878003e+00
7.574784040466882971e+02,7.932958639439589206e+02,5.042328488510515072e+00
7.576030349688207934e+02,7.930335936269556214e+02,5.045459395817021964e+00
7.576864950812163215e+02,7.928001210825401586e+02,5.048254453498521421e+00
7.577734348394810695e+02,7.925655148705992588e+02,5.051276990244818244e+00
7.578707064784467775e+02,7.923099807892014041e+02,5.052971362019786028e+00
7.579550342596651262e+02,7.920738064246261274e+02,5.055073456204982385e+00
7.580381118758866705e+02,7.918228686850900431e+02,5.057786159457967834e+00
7.581231606848335787e+02,7.915956802288435483e+02,5.060048168207625707e+00
7.582139520834809900e+02,7.913448832840139175e+02,5.062155808940512536e+00
7.583130295767667803e+02,7.911207630179671924e+02,5.063822196288459310e+00
7.583972340477522494e+02,7.908963726136610148e+02,5.064012665073330588e+00
7.584817885811705764e+02,7.906631879193940904e+02,5.066698916637268013e+00
7.585575428976625290e+02,7.904487668909445119e+02,5.067584038158680748e+00
7.586430567140050698e+02,7.902031118739666908e+02,5.069110852683082591e+00
7.587346089153621733e+02,7.899749055765602179e+02,5.070567255832370002e+00
7.588255029894768313e+02,7.897639292493397534e+02,5.071624190920164033e+00
7.588951925448370730e+02,7.895580389054711077e+02,5.073356318895693384e+00
7.590184815485054060e+02,7.893120727752868788e+02,5.075872065333776106e+00
7.590944944669543020e+02,7.891033037528248997e+02,5.077669768944144124e+00
7.591829659492501605e+02,7.888709519452268069e+02,5.079453450637086753e+00
7.592699659127425775e+02,7.886652437500500810e+02,5.081077539177353053e+00
7.593497980855603373e+02,7.884722884984037137e+02,5.082906896357351378e+00
7.594339604531730856e+02,7.882434307604105470e+02,5.086671540099562350e+00
7.595078010096502794e+02,7.880596536828461467e+02,5.088163647499031050e+00
7.596016292588412853e+02,7.878197078101845818e+02,5.091261630662748061e+00
7.596936728547366329e+02,7.876150543239264152e+02,5.093618424672982314e+00
7.597694150726765656e+02,7.874070602011244091e+02,5.097138084351922949e+00
7.598729944324138614e+02,7.871906397613093986e+02,5.099782591872121351e+00
7.599617369971049357e+02,7.870014451000238296e+02,5.102843884612801695e+00
7.600385590379327141e+02,7.868150104269443545e+02,5.105545581515163356e+00
7.601219191611289716e+02,7.866059859742905473e+02,5.109952279884548254e+00
7.602046204885984935e+02,7.864442997758512774e+02,5.112026903824816948e+00
7.602952790837047132e+02,7.862258061194012271e+02,5.115093422442596349e+00
7.603922969956374800e+02,7.860385772222614378e+02,5.117981066548979108e+00
7.605078687281261409e+02,7.858286735045821843e+02,5.120611369766977283e+00
7.605989240491594501e+02,7.856059156965926604e+02,5.123817956359348891e+00
7.606861081193108021e+02,7.853792518663508417e+02,5.127025604781033863e+00
7.607678258204110762e+02,7.851811583094006437e+02,5.130904028212305512e+00
7.608548626361670131e+02,7.849871319729155630e+02,5.134356514169370556e+00
7.609491642208680560e+02,7.847795200711764210e+02,5.137488643455396797e+00
7.610580565158779791e+02,7.845831401117667383e+02,5.140117387494476553e+00
7.611761968691230322e+02,7.843481478137606473e+02,5.142199198719196396e+00
7.612639548331449078e+02,7.841520301322079831e+02,5.144877409797509848e+00
7.613713336393092277e+02,7.839208280439222563e+02,5.148373215973387929e+00
7.614866684539385915e+02,7.836927389896356999e+02,5.152443025863592041e+00
7.615900532463952004e+02,7.834803252735576962e+02,5.153013964572846106e+00
7.616980235233882013e+02,7.832766946681796298e+02,5.157170079120738215e+00
7.618071195616681734e+02,7.830555553453764333e+02,5.159535242689292645e+00
7.619068961246535991e+02,7.828565777041646925e+02,5.163929244712256228e+00
7.620264214080142438e+02,7.826319894699535098e+02,5.166079139717969504e+00
7.621215437380086541e+02,7.824219534731756767e+02,5.169390613381445121e+00
7.622643346886835616e+02,7.821789454671024941e+02,5.172765930316331584e+00
7.623728432604236787e+02,7.819595896704722691e+02,5.174629279714189956e+00
7.625024618775023555e+02,7.817149875618060832e+02,5.179109173086364315e+00
7.625951648083229202e+02,7.815274671887759723e+02,5.182142660488047170e+00
7.627239790054007926e+02,7.813045292935204316e+02,5.184484229287805057e+00
7.628630649928439880e+02,7.810638469144029159e+02,5.188400332119676328e+00
7.629773120407778606e+02,7.808526676434285037e+02,5.190871810192953184e+00
7.631037069934981218e+02,7.806229975393746372e+02,5.193718017779298535e+00
7.632247451263980338e+02,7.803841713333672487e+02,5.197232522206707728e+00
7.633629928851195245e+02,7.801249664520436227e+02,5.200104823164187984e+00
7.634876873692578556e+02,7.799004106378598635e+02,5.203049066393113264e+00
7.636227293513625227e+02,7.796542947176340022e+02,5.205822508031062057e+00
7.637516692114305670e+02,7.794098913508869373e+02,5.206900238108562284e+00
7.639040655796219426e+02,7.791565273020979703e+02,5.209777231151768717e+00
7.640591071607046842e+02,7.788886934138548668e+02,5.210856789084992613e+00
7.642035732664279521e+02,7.786413065511127343e+02,5.211604747861078302e+00
7.643151814513963700e+02,7.784271238077107000e+02,5.212864094364595857e+00
7.644595932214730283e+02,7.781712244249812329e+02,5.213139000379205967e+00
7.646083186624366590e+02,7.779234076724884517e+02,5.214046046073609553e+00
7.647377252803571537e+02,7.776563987010069923e+02,5.213491519601776147e+00
7.648492113221759610e+02,7.774517631547857945e+02,5.214393101309066303e+00
7.650059884574031912e+02,7.771838418792591483e+02,5.213987774799773156e+00
7.651327329498909648e+02,7.769289778699170483e+02,5.214038744259283931e+00
7.653134170203662734e+02,7.766837826459734515e+02,5.213271341561416250e+00
7.654835236404843499e+02,7.764238483445921020e+02,5.212952475932643992e+00
7.656364831023718125e+02,7.761621769944061953e+02,5.212721626599382319e+00
7.657794991770003890e+02,7.758914683776604306e+02,5.212550293051059214e+00
7.659074817791317855e+02,7.756483972948816472e+02,5.212156639813620984e+00
7.660582311013814660e+02,7.753744506118123354e+02,5.212235087751790452e+00
7.661556979635976177e+02,7.751140864531707848e+02,5.212259511967030967e+00
7.662642955634278223e+02,7.748936272531668692e+02,5.213260292242339666e+00
7.663903145985071887e+02,7.746313307576725720e+02,5.213127990368487730e+00
7.665443026151629056e+02,7.743261816484432529e+02,5.210959495165170097e+00
7.666919924739643193e+02,7.740757536215730852e+02,5.211309391013966064e+00
7.668357761719111068e+02,7.737996824347829943e+02,5.210205573020711967e+00
7.670075843121168191e+02,7.735362247711245800e+02,5.208830344848925265e+00
7.671316628415928562e+02,7.732927109627584059e+02,5.207843577210494956e+00
7.672848912458780433e+02,7.730019077778498513e+02,5.206469691901884467e+00
7.674126801463036145e+02,7.727677213061102748e+02,5.205520575581945586e+00
7.675475283643588682e+02,7.724912491315648140e+02,5.204599076089547083e+00
7.676933036308970486e+02,7.722059523786238060e+02,5.203727520813073326e+00
7.678113808553838453e+02,7.719481561333312811e+02,5.202694631335220699e+00
7.679585443848945943e+02,7.716782889859827037e+02,5.199827473271673384e+00
7.680969752167201250e+02,7.713893016705604850e+02,5.198508457911881209e+00
7.682400339887383325e+02,7.711443141135266615e+02,5.197337952369776914e+00
7.683811884666639571e+02,7.708531078556191005e+02,5.193926108489787197e+00
7.685071351432179654e+02,7.706011456632433010e+02,5.191364251451924261e+00
7.686566545279609954e+02,7.703452864171388228e+02,5.189338088896424672e+00
7.687770587198414205e+02,7.700781081947333178e+02,5.187329922016674644e+00
7.689163935620251777e+02,7.698140505187981262e+02,5.184708780762873559e+00
7.690363514367138578e+02,7.695417223924622476e+02,5.183922744761397361e+00
7.691760910847771129e+02,7.692819787973697885e+02,5.183215261026489884e+00
7.692836525343127505e+02,7.690294416919321066e+02,5.182624350886468001e+00
7.694177316088660064e+02,7.687855518711618288e+02,5.182822629294193462e+00
7.695229692450282073e+02,7.685264348778846397e+02,5.183163201370344808e+00
7.696531862780072970e+02,7.682846103457163736e+02,5.183632632309989496e+00
7.697890623434242343e+02,7.680425753933521946e+02,5.184697748915803928e+00
7.699100804858144329e+02,7.678016605337172678e+02,5.186525834315914629e+00
7.700274184171749994e+02,7.675551265779006371e+02,5.189492846361641654e+00
7.701511751943329500e+02,7.673177094136411824e+02,5.192800494749607587e+00
7.702905472718193778e+02,7.670990105156422487e+02,5.197207971814959748e+00
7.704251219162524649e+02,7.668736832360613107e+02,5.201844921467246863e+00
7.705393663434555265e+02,7.666460377556105641e+02,5.206999793580727953e+00
7.706823417035022885e+02,7.664167450294214632e+02,5.213375625110932887e+00
7.708321329207932422e+02,7.661812692260680251e+02,5.218634498437942248e+00
7.709683725636527925e+02,7.659584250451409844e+02,5.224629241504935351e+00
7.710922304617000691e+02,7.657408660817567352e+02,5.231144909530563325e+00
7.712453716491480691e+02,7.655264729043535681e+02,5.237623880058858816e+00
7.713756397120846486e+02,7.653001952037596993e+02,5.244239576314307705e+00
7.715173317467937295e+02,7.650927760205956929e+02,5.250001314146151010e+00
7.716401349673020604e+02,7.648806411705164692e+02,5.257008939628748934e+00
7.717712979604941665e+02,7.646567140312613446e+02,5.263886197664496613e+00
7.719292503051883614e+02,7.644475660292677048e+02,5.270455209285636933e+00
7.720683102577982027e+02,7.642534222829829105e+02,5.277426028256924084e+00
7.722231787001556995e+02,7.640585388555984991e+02,5.284267452761558737e+00
7.723577568820346642e+02,7.638587600752248363e+02,5.290326660995432917e+00
7.724903945726864549e+02,7.636641768026936461e+02,5.297843101020185408e+00
7.726316488258735262e+02,7.634667768423524876e+02,5.304256755718738781e+00
7.727730626775996825e+02,7.632592929352507554e+02,5.310501682702590820e+00
7.729178316749604392e+02,7.630758225263685972e+02,5.317027490333335216e+00
7.730617902174702749e+02,7.629082367771773079e+02,5.323953752725259392e+00
7.732152366158036330e+02,7.627345773742339361e+02,5.330001431600011941e+00
7.733571213826248822e+02,7.625417526238929895e+02,5.335194828459594696e+00
7.734915517428842122e+02,7.623657105962070091e+02,5.341407315545308343e+00
7.736383214606184993e+02,7.621573321273748434e+02,5.345157720754541764e+00
7.737639847235243451e+02,7.619771853748903823e+02,5.348032535323022252e+00
7.739070618919571416e+02,7.617946025491025921e+02,5.351059475922610886e+00
7.740355144813435118e+02,7.616388034316541962e+02,5.353450496395803171e+00
7.741731815989737697e+02,7.614804949713322912e+02,5.355338510644940264e+00
7.743042035910394816e+02,7.613032892487142362e+02,5.357016735606288549e+00
7.744312219357170761e+02,7.611405188223013738e+02,5.358099870088111061e+00
7.745534642797691731e+02,7.609559917874527173e+02,5.359405615900028508e+00
7.746897339463780554e+02,7.608119547448750382e+02,5.360555175418872942e+00
7.748106488579754796e+02,7.606437020271957863e+02,5.361544229915537585e+00
7.749286565620590181e+02,7.604756542830574517e+02,5.361924424266452327e+00
7.750788541420655520e+02,7.603165401425618484e+02,5.363126577084801561e+00
7.751973261030746016e+02,7.601508066180483638e+02,5.363192340112795442e+00
7.753316727007750160e+02,7.599862464134694164e+02,5.363539215505823243e+00
7.754443772576007632e+02,7.598058772150840241e+02,5.363348271084649177e+00
7.755894056497013480e+02,7.596569751809648778e+02,5.363653016653732841e+00
7.757133797701782214e+02,7.595007987312452542e+02,5.364056378792702695e+00
7.758258152370109428e+02,7.593068940991629461e+02,5.363480274504427214e+00
7.759611783191670611e+02,7.591405537030992718e+02,5.363440132548500827e+00
7.760799779340364921e+02,7.589827658307341380e+02,5.363253445849895940e+00
7.762010630709654606e+02,7.588189022463942592e+02,5.363523829390390851e+00
7.763366153645147278e+02,7.586376359604769277e+02,5.363368717811821895e+00
7.764658869532273684e+02,7.584632519080595330e+02,5.363044572780099273e+00
7.765904184883374910e+02,7.583083474663329753e+02,5.363864013275908782e+00
7.767301250088393090e+02,7.581463270081516157e+02,5.363043316775532254e+00
7.768602716692821559e+02,7.579851118981421223e+02,5.363318283164853817e+00
7.769958766330586286e+02,7.578172760783905915e+02,5.363278502411703563e+00
7.771363598058977686e+02,7.576529462111000157e+02,5.361966885450017095e+00
7.772552733822133177e+02,7.574861899069644551e+02,5.361199096262351027e+00
7.773767080848840578e+02,7.573310405735059021e+02,5.359764958153905745e+00
7.774990681628115681e+02,7.571542092086519915e+02,5.357111508000517830e+00
7.776379618035873591e+02,7.570022205131889450e+02,5.355055226556389769e+00
7.777392273134954621e+02,7.568341606547537594e+02,5.350928266642243969e+00
7.778752763038586409e+02,7.566667198787002917e+02,5.344969386942493905e+00
7.779883857606888569e+02,7.565077044171137004e+02,5.336602715801907593e+00
7.780790845746277000e+02,7.563508096301810610e+02,5.326063801325210179e+00
7.781666084049036272e+02,7.561720966039401901e+02,5.313305015917962670e+00
7.782629968710648427e+02,7.559872238460681046e+02,5.298922695559954654e+00
7.783441407812377975e+02,7.558318920587950061e+02,5.282932600556549119e+00
7.784243715418709826e+02,7.556695424206384359e+02,5.265613263087225882e+00
7.785061382405230006e+02,7.555054776141957973e+02,5.246856009940218613e+00
7.785611070321355101e+02,7.553282823509782702e+02,5.227244583727298277e+00
7.786312096039378048e+02,7.551945534028197926e+02,5.206162998890929039e+00
7.786984122777431594e+02,7.550076352383620133e+02,5.182304545423169984e+00
7.787589416818844938e+02,7.548531692941005531e+02,5.157355831129124546e+00
7.787995954270654693e+02,7.546646515553363770e+02,5.129712321366527661e+00
7.788453715524808558e+02,7.544830264417755643e+02,5.102520267288658928e+00
7.789018407990968171e+02,7.543107208047649692e+02,5.073057054088707218e+00
7.789178963338700896e+02,7.541472154013607678e+02,5.044522260559944904e+00
7.789390422189179617e+02,7.539685787784070499e+02,5.016356701073218183e+00
7.789779393962968470e+02,7.537991230398139351e+02,4.987567584291459077e+00
7.789890507340290924e+02,7.536489280741653829e+02,4.960845481696335213e+00
7.789939703468958214e+02,7.534652536656911934e+02,4.933736866475648242e+00
7.789798970363693797e+02,7.533130931452951700e+02,4.909824511713029693e+00
7.789898603711573060e+02,7.531294929645213188e+02,4.883145865795305518e+00
7.789723063874233731e+02,7.529728896899755455e+02,4.860291142382132001e+00
7.789952203190132423e+02,7.528080610577586640e+02,4.836415452280091287e+00
7.789692429140446848e+02,7.526519307844115474e+02,4.816121824368369886e+00
7.789647537151239476e+02,7.525013260229951584e+02,4.795775531397124425e+00
7.789529495398911649e+02,7.523822445680041255e+02,4.777724881268555102e+00
7.789394735880235885e+02,7.521925416311518120e+02,4.759438131106396241e+00
7.789203684470691087e+02,7.520417254439046246e+02,4.742972441184359234e+00
7.789082070993792968e+02,7.518987454416027276e+02,4.728594212795390384e+00
7.789076442007782362e+02,7.517655547730247463e+02,4.716313409300461501e+00
7.788954631387961172e+02,7.516087086174189835e+02,4.703945605769519922e+00
7.788723073183122096e+02,7.514884410130750894e+02,4.693115067873372404e+00
7.788667895683961433e+02,7.513618280417343840e+02,4.683920939832934671e+00
7.788615598998098903e+02,7.512147294493584013e+02,4.676521818116784246e+00
7.788312769107823215e+02,7.510896264498209121e+02,4.669217995198041038e+00
7.788254546713931177e+02,7.509488373430868933e+02,4.661792887527965057e+00
7.788298303129348596e+02,7.508240371107076498e+02,4.657949249472091324e+00
7.788270388995210851e+02,7.506406665677112642e+02,4.652093129294237350e+00
7.788023309601181836e+02,7.505312058747779247e+02,4.649440471711836054e+00
7.788025075483631099e+02,7.504234546836363506e+02,4.647356455736494141e+00
7.787868483079716952e+02,7.502803382466772746e+02,4.647012256231955796e+00
7.787853841429856629e+02,7.501462432995539302e+02,4.645354767376923100e+00
7.787636940903661298e+02,7.500458316927629312e+02,4.646283439024963435e+00
7.787739719771121827e+02,7.499473294645146098e+02,4.647537059766857936e+00
7.787893140685588378e+02,7.498437540798228156e+02,4.650314840480593404e+00
7.787920140488031393e+02,7.497235892202087371e+02,4.652015626188213737e+00
7.787861861192095603e+02,7.496253909339440042e+02,4.655363380154735609e+00
7.787845291336408309e+02,7.495412824811403425e+02,4.660133043528998265e+00
7.787836768211092249e+02,7.494621219747465375e+02,4.664406713498982171e+00
7.787716219342553359e+02,7.493605154759351308e+02,4.668621292584425042e+00
7.787903118424043214e+02,7.492753393040874244e+02,4.674001085059507510e+00
7.787809544436710212e+02,7.492199158897341249e+02,4.681147893746055111e+00
7.788026923130079240e+02,7.491282151239209952e+02,4.686327103331906052e+00
7.788058117030599306e+02,7.490452892813480048e+02,4.694184801752444791e+00
7.788145082989065031e+02,7.489652906687899758e+02,4.700272735507467381e+00
7.788473815796352255e+02,7.489016269264476477e+02,4.708172963911690267e+00
7.788656417456488725e+02,7.488327911207887837e+02,4.715470051672933316e+00
7.788722794841883115e+02,7.487677832642854128e+02,4.721202461090177493e+00
7.788688660328641618e+02,7.487040124090367499e+02,4.726972662101056599e+00
7.788860109237087954e+02,7.486601117406946742e+02,4.731709204815095049e+00
7.788960894607726004e+02,7.486137229365257326e+02,4.735699038950737183e+00
7.789004640758176947e+02,7.485420860013759921e+02,4.739899772152145196e+00
7.788913565496295632e+02,7.484855307875902781e+02,4.744782991786029136e+00
7.789112852606934894e+02,7.484168991797995432e+02,4.749634852281806374e+00
7.789184664977788088e+02,7.483684972834757900e+02,4.754128042805511711e+00
7.789220340120551782e+02,7.483117491558855363e+02,4.760144289991047550e+00
7.789412917645695416e+02,7.482504138307048152e+02,4.764490309178316174e+00
7.789573935486690743e+02,7.482105436446786371e+02,4.769239984042499714e+00
7.789670010848544734e+02,7.481594015233205255e+02,4.773318769647135973e+00
7.789649536024005556e+02,7.481412598976565960e+02,4.777254348459079480e+00
7.789798829901207000e+02,7.481135360821390350e+02,4.780852470576416380e+00
7.789922167548572816e+02,7.480767764540922826e+02,4.784366687655530193e+00
7.790007600605471225e+02,7.480409958094398917e+02,4.786422914153779296e+00
7.790192861299012748e+02,7.480307583187252476e+02,4.789295165003917276e+00
7.790127678936029270e+02,7.479974094617184619e+02,4.791264216125979303e+00
7.790204546842899163e+02,7.479783715303007057e+02,4.792809670923386278e+00
7.790108086340432010e+02,7.479659486574993252e+02,4.793745711141372823e+00
7.790168201444680562e+02,7.479630645466389751e+02,4.794269125739236692e+00
7.790318655980427138e+02,7.479728484428868569e+02,4.795518754150855933e+00
7.790316300629186799e+02,7.479671028937812025e+02,4.795415972576066999e+00
7.790272362430887370e+02,7.479681184260487044e+02,4.794976774643672002e+00
7.790274326802953055e+02,7.479728396798255972e+02,4.795105462718098011e+00
7.790131756862272141e+02,7.479699348074000227e+02,4.796080257860561247e+00
7.790261758971861354e+02,7.479691501996084071e+02,4.795699043143412332e+00
7.790273321912148958e+02,7.479807971495167749e+02,4.795843642505546178e+00
7.790214195165735873e+02,7.479870375295768099e+02,4.796027762982367548e+00
7.790296615697508287e+02,7.479911085986103672e+02,4.796278926738512638e+00
7.790320183637556966e+02,7.479686012519631504e+02,4.796113196007935287e+00
7.790266126222931007e+02,7.479777719793720507e+02,4.796761298434389253e+00
7.790289528683539402e+02,7.479852829073978455e+02,4.796501905169453295e+00
7.790170396018980910e+02,7.479740586939066134e+02,4.796527158541967317e+00
7.790203820608044225e+02,7.479739945479186645e+02,4.796460434395810601e+00
7.790128045162604167e+02,7.479805708068350896e+02,4.796215432217319830e+00
7.790224095097607915e+02,7.479803353245613380e+02,4.796225115550686091e+00
7.790059783969944647e+02,7.479797601090671151e+02,4.796152865832978840e+00
7.790106065960831074e+02,7.479890984702694823e+02,4.796582044084328977e+00
7.790038228941114085e+02,7.479887843743551912e+02,4.796486273691746405e+00
7.790136486504028426e+02,7.479928775141061124e+02,4.796296887168048251e+00
7.790123982060360959e+02,7.479930009429396023e+02,4.796706489147131158e+00
7.790047145197920599e+02,7.480004701602175601e+02,4.796464392978882607e+00
7.790070912763687829e+02,7.479851450125079282e+02,4.796561013124105877e+00
7.790122199749342826e+02,7.479826505047082037e+02,4.796701891705724918e+00
7.790168955358420817e+02,7.479760450333816379e+02,4.796767139974416949e+00
7.790108590322864757e+02,7.479907137965763013e+02,4.796371068574137198e+00
7.790088659746301119e+02,7.479965442190989506e+02,4.796610558764436760e+00
7.790173481752308362e+02,7.479923346633499932e+02,4.796776546708338529e+00
7.790159510308823201e+02,7.480025917112136540e+02,4.796462462727571818e+00
7.790303407453739055e+02,7.479980880643181536e+02,4.796759950609697398e+00
7.790245969321556458e+02,7.479999236060690464e+02,4.796651635808907521e+00
7.790248967877297446e+02,7.479959504226461604e+02,4.796715304990641471e+00
7.790298704874617215e+02,7.479996747866111946e+02,4.796922923261413452e+00
7.790266631772034316e+02,7.479786606017732993e+02,4.796594842562743821e+00
7.790301994485078012e+02,7.479946218205886908e+02,4.796426386295550515e+00
7.790286655682531318e+02,7.480055751363336185e+02,4.796737853516323646e+00
7.790347151251289688e+02,7.480200220417589207e+02,4.796292751291926670e+00
7.790314441060196486e+02,7.480260591068740723e+02,4.793080805812965473e+00
7.790260943229857276e+02,7.480700286547594260e+02,4.789914014221253069e+00
7.790152850825135147e+02,7.480802177500996777e+02,4.785982874251526908e+00
7.790005377009568974e+02,7.481250423971422379e+02,4.780337706697622480e+00
7.789880372200868806e+02,7.481574774240392571e+02,4.773538918144211607e+00
7.789741280193146622e+02,7.481986726363388698e+02,4.765811876742715114e+00
7.789705939216748902e+02,7.482423908601670064e+02,4.757053793547487253e+00
7.789583515031715706e+02,7.482999273534662734e+02,4.747540425574933387e+00
7.789357461408891368e+02,7.483717020013723413e+02,4.737464640593782583e+00
7.789210749130033946e+02,7.484125906925148684e+02,4.725507780845564554e+00
7.789131436294859441e+02,7.484882418118122587e+02,4.712689185142855841e+00
7.788844441168339472e+02,7.485490145365317858e+02,4.700447270282063883e+00
7.788547789321944492e+02,7.486034368624618764e+02,4.684417334743754324e+00
7.788447848308837820e+02,7.486816225148476178e+02,4.669338200445929843e+00
7.788360522780042174e+02,7.487619104976296285e+02,4.655022292987310628e+00
7.787952957564075405e+02,7.488213611558536513e+02,4.638419966632405078e+00
7.787736921032102373e+02,7.488861687432037115e+02,4.623627849914778487e+00
7.787505911539119552e+02,7.489822625492316774e+02,4.610206400038909358e+00
7.787425107655481042e+02,7.490335635686459455e+02,4.596371721366812046e+00
7.787345918275178747e+02,7.491251072239582527e+02,4.583900921530735140e+00
7.787356349713897998e+02,7.491990929538693536e+02,4.572592071046697626e+00
7.787290642727008390e+02,7.492858172282639089e+02,4.561053527965878374e+00
7.787233176937692178e+02,7.493728025182283545e+02,4.549287250658449189e+00
7.787326991229857640e+02,7.494471944734355020e+02,4.536826355753544426e+00
7.787409284527869886e+02,7.495197589646301140e+02,4.524161694025070624e+00
7.787491941045192334e+02,7.496141864278251887e+02,4.511682760239278167e+00
7.787475603751811377e+02,7.497072457789529381e+02,4.497937748335729680e+00
7.787400797977035154e+02,7.497913092045263284e+02,4.485371992245266171e+00
7.787306982158660276e+02,7.498885325440282941e+02,4.473094064350592092e+00
7.787308192203623776e+02,7.499341265630400812e+02,4.460636049736955933e+00
7.787180258598457385e+02,7.500275809813061869e+02,4.449149044958002008e+00
7.787198801658283855e+02,7.500955378782890648e+02,4.437945018587316603e+00
7.787367009068475454e+02,7.501729623564623353e+02,4.426648836785153307e+00
7.787586762377177365e+02,7.502532577119798134e+02,4.414701119596577072e+00
7.787798983981891752e+02,7.503393047670122087e+02,4.399523490139760185e+00
7.787665827350112977e+02,7.504094590524592832e+02,4.385907291243290373e+00
7.787670041167715453e+02,7.504972884231546004e+02,4.369712206429968937e+00
7.787802296967338407e+02,7.505869592213058468e+02,4.353042825934937632e+00
7.787843596839553584e+02,7.506732159610486406e+02,4.335070124126454871e+00
7.787854548554959138e+02,7.507610473200984416e+02,4.315809701282818267e+00
7.788168769199362487e+02,7.508686184564569430e+02,4.296204519268861155e+00
7.788016132756921479e+02,7.509489924151962441e+02,4.275269154364856661e+00
7.788070077470898696e+02,7.510460792960238905e+02,4.255212380456526944e+00
7.788195282758542817e+02,7.511439823321125004e+02,4.234532465268284085e+00
7.788360025619822409e+02,7.512495941872912226e+02,4.213933515254860040e+00
7.788474508747301570e+02,7.513467229607049376e+02,4.193086497918376843e+00
7.788802475136345720e+02,7.514419377209238746e+02,4.172649661823159661e+00
7.788945418129342215e+02,7.515175291486490323e+02,4.151856833626930587e+00
7.789246561944853511e+02,7.516174204463517299e+02,4.133000467923589660e+00
7.789395141896574160e+02,7.517071880326388964e+02,4.113307542349041945e+00
7.789557606076572256e+02,7.517753559135767318e+02,4.094953700741155167e+00
7.789894561550262324e+02,7.518560320001402033e+02,4.077943051413799758e+00
7.790133795425376775e+02,7.519182015370047338e+02,4.060245225244387690e+00
7.790470466140895951e+02,7.519948396364742393e+02,4.045012751446671828e+00
7.790719444641996461e+02,7.520450376465643103e+02,4.029444186556773388e+00
7.790923608477796733e+02,7.521277790951687621e+02,4.015982476468476392e+00
7.791102853484778734e+02,7.521634356587234151e+02,4.002479897298979239e+00
7.791466325249700731e+02,7.522285649656635087e+02,3.990420146648437694e+00
7.791716838987309757e+02,7.522863455443967950e+02,3.979006477023497190e+00
7.791817318856724341e+02,7.522995130169023241e+02,3.967170192962129249e+00
7.792107108165881755e+02,7.523685803207956724e+02,3.955466944992722222e+00
7.792501547674147560e+02,7.524263379862824195e+02,3.944078672686431197e+00
7.792525246518920312e+02,7.524698012467359831e+02,3.932478675302425675e+00
7.792942245770852878e+02,7.525441941548511977e+02,3.918626108462329505e+00
7.793391879843161405e+02,7.526065041877019439e+02,3.906756052607664120e+00
7.793755183057637623e+02,7.526514492772020049e+02,3.893117757080999830e+00
7.793985211416094216e+02,7.527109732775361408e+02,3.880400654806890781e+00
7.794306657630454538e+02,7.527644704279442749e+02,3.865868067169270450e+00
7.794543355737255297e+02,7.528331536934134647e+02,3.853334336362671309e+00
7.795027485279362054e+02,7.528659433615879379e+02,3.839472778171305389e+00
7.795396008141635775e+02,7.529208816524436543e+02,3.825526931319975787e+00
7.795991673601273533e+02,7.529915340389487710e+02,3.812092189693830235e+00
7.796183311135008580e+02,7.530317080693534990e+02,3.799214099812590728e+00
7.796594264557450060e+02,7.531173285538136497e+02,3.786836932203609507e+00
7.797145761998950775e+02,7.531492759262220034e+02,3.773876438668285260e+00
7.797389651369236390e+02,7.532022864633439667e+02,3.761663305999459528e+00
7.797810890359879750e+02,7.532552099235679179e+02,3.749954686817363214e+00
7.798095982649051621e+02,7.532840063171915972e+02,3.739353750210157035e+00
7.798533655943375607e+02,7.533400739729871702e+02,3.728970772283914048e+00
7.798708119697329266e+02,7.533776022288687955e+02,3.717510952739305097e+00
7.798997355091105419e+02,7.534158852321762652e+02,3.707736613555711713e+00
7.799399668358079225e+02,7.534591417539521672e+02,3.698898698481407177e+00
7.799615803050036220e+02,7.534719976398562267e+02,3.689742202154898010e+00
7.799898311619621154e+02,7.534925054532423019e+02,3.682562106604024166e+00
7.799978606459936827e+02,7.535186548553883767e+02,3.674467359556178980e+00
7.800301526528941167e+02,7.535566386373886871e+02,3.667383444605179399e+00
7.800446924707930521e+02,7.535796769475114161e+02,3.662529089538761440e+00
7.800587242861807908e+02,7.535732775206307679e+02,3.654622615280756381e+00
7.800802020082890067e+02,7.535903219602932950e+02,3.648974851356449722e+00
7.801150340510715750e+02,7.536293699127706986e+02,3.642040337139028416e+00
7.801370184534399641e+02,7.536604344750112432e+02,3.635262503864956418e+00
7.801598023179381016e+02,7.536849374131777495e+02,3.629723391652221576e+00
7.801769573022022541e+02,7.536988301444414446e+02,3.621330169648484532e+00
7.801941032214037932e+02,7.537099364089742721e+02,3.613888509637317448e+00
7.802286325697460825e+02,7.537454557311251619e+02,3.607394625530265131e+00
7.802487633332941641e+02,7.537861997782615617e+02,3.601444971879118384e+00
7.802653515174999939e+02,7.537882860474111339e+02,3.594834277564148195e+00
7.802751328535342736e+02,7.538242113853461888e+02,3.590032612073673413e+00
7.802889275912361882e+02,7.538258629928334358e+02,3.585505485402261439e+00
7.803011500583309044e+02,7.538416467650852155e+02,3.581520847428135923e+00
7.803078345615439275e+02,7.538505208536719238e+02,3.578240148998207637e+00
7.803163824520329399e+02,7.538510213545215493e+02,3.573575167501681360e+00
7.803480070502278068e+02,7.538730472001154794e+02,3.569104568270608180e+00
7.803601481529144621e+02,7.538966374478073931e+02,3.564116644466959194e+00
7.803696974013028012e+02,7.539080904987988561e+02,3.559734732199796525e+00
7.803780599619134364e+02,7.539178099277046385e+02,3.554516148481198456e+00
7.803935284293911536e+02,7.539369541391382654e+02,3.548695746197207956e+00
7.804292876909331653e+02,7.539568560506420454e+02,3.542196736993678652e+00
7.804602572040031419e+02,7.539801447395268497e+02,3.536098847714338689e+00
7.804900893606532009e+02,7.539919240406187555e+02,3.529614608355146288e+00
7.805043342536042701e+02,7.540280134325099652e+02,3.522403741654710707e+00
7.805343536235602642e+02,7.540568340472337923e+02,3.515753353170867790e+00
7.805567013218937973e+02,7.540721325757849627e+02,3.508248485379338977e+00
7.805818058438158005e+02,7.541023140670952216e+02,3.500734883668361608e+00
7.806186190224281063e+02,7.541074261827977807e+02,3.491957971326999477e+00
7.806593111090436423e+02,7.541292296251616563e+02,3.484479261769781733e+00
7.806738331181070407e+02,7.541618111718188402e+02,3.475020953953185998e+00
7.807159154746932472e+02,7.541822087011930762e+02,3.466749029267776283e+00
7.807403486538449897e+02,7.541812122015248860e+02,3.458072933267337223e+00
7.807738098574649257e+02,7.542193190257956985e+02,3.450339558742093526e+00
7.807886200879486296e+02,7.542243837190641216e+02,3.444439767800477004e+00
7.807997123756055089e+02,7.542609893306827189e+02,3.439042933095302068e+00
7.808203896895255411e+02,7.542582084521293382e+02,3.434112567907306346e+00
7.808419015922784183e+02,7.542873764524564422e+02,3.430333161299594646e+00
7.808245540088272492e+02,7.542674007102543783e+02,3.428012215355651815e+00
7.808310980225137428e+02,7.542770504915399670e+02,3.426237102045180283e+00
7.808385669155854885e+02,7.542879580946549822e+02,3.425737401465827947e+00
7.808306599800501999e+02,7.542717604936574389e+02,3.426089585015702266e+00
7.808384811406604058e+02,7.542791115264191149e+02,3.425477269403121028e+00
7.808379788793506577e+02,7.542776465295363550e+02,3.424294434554359334e+00
7.808376442420147896e+02,7.542778801305569232e+02,3.424348051132029003e+00
7.808539444794810152e+02,7.542935847076089431e+02,3.422984345728641298e+00
7.808394247185387940e+02,7.542786099059670732e+02,3.422435395412715131e+00
7.808425649387444309e+02,7.542882469188726873e+02,3.422198401763118181e+00
7.808407187877506885e+02,7.542857700616672219e+02,3.422141107321984510e+00
7.808549406029549118e+02,7.542739326260918915e+02,3.421297797942777219e+00
7.808470168469568762e+02,7.542772816999143970e+02,3.421606595875060108e+00
7.808394440972275561e+02,7.542793773001207001e+02,3.421211601526841228e+00
7.808490108431337831e+02,7.542679437569673837e+02,3.420772152309838443e+00
7.808406822144814896e+02,7.542700873228253613e+02,3.420940620373623897e+00
7.808479573292642044e+02,7.542773005867825304e+02,3.420540172803049117e+00
7.808613177222351851e+02,7.542599219098716503e+02,3.419864845033298018e+00
7.808469176137529075e+02,7.542727958027038540e+02,3.419982401427168472e+00
7.808633046421965673e+02,7.542595712214726973e+02,3.418893960169430812e+00
7.808718776801219974e+02,7.542527230590434328e+02,3.418335588248319734e+00
7.808630588795508629e+02,7.542478500987589314e+02,3.418394401286693363e+00
7.808619811223978786e+02,7.542637861629223153e+02,3.418422453417290008e+00
7.808604576799671122e+02,7.542658325968474173e+02,3.417177647755998748e+00
7.808555693205455555e+02,7.542488742606090000e+02,3.416494234212277270e+00
7.808477835893310157e+02,7.542496484709297420e+02,3.415887901939495652e+00
7.808189072398889721e+02,7.542535476743978506e+02,3.415008031670883959e+00
7.808190375126088156e+02,7.542653478370629045e+02,3.413834052200664715e+00
7.808082999107739397e+02,7.542534053134506848e+02,3.411317657604277631e+00
7.807926387135004234e+02,7.542569428318535074e+02,3.408923749089849409e+00
7.807369282484048654e+02,7.542452494053478631e+02,3.405941896215111342e+00
7.807279540830069209e+02,7.542412927158809453e+02,3.400173038240947854e+00
7.806811315740671944e+02,7.542367095578684939e+02,3.392595513731357482e+00
7.806303714190464689e+02,7.542455131105673445e+02,3.385154075883550551e+00
7.805943936291541831e+02,7.542238596162228532e+02,3.374734467530838167e+00
7.805453695601363506e+02,7.542488799287367556e+02,3.363585576288261603e+00
7.804753309076083951e+02,7.542526596860859627e+02,3.350257614294711583e+00
7.804087983843157872e+02,7.542403774527550695e+02,3.336039530722018309e+00
7.803348509610648307e+02,7.542472047540576341e+02,3.320197099522812501e+00
7.802694168228624676e+02,7.542669902613694148e+02,3.304012125818774681e+00
7.801749512421381496e+02,7.542587158791462798e+02,3.284738502134159521e+00
7.800959690316393562e+02,7.542811104756671057e+02,3.264752712306312254e+00
7.800013129064168425e+02,7.542864968431027819e+02,3.244143711390777174e+00
7.798950765510563770e+02,7.543154523576960173e+02,3.221725428719152351e+00
7.798144082270940771e+02,7.543227894992844540e+02,3.198815379248327151e+00
7.797143266064084628e+02,7.543657947454354371e+02,3.174515693453112242e+00
7.796136064011797089e+02,7.543939355861789409e+02,3.149834312147350435e+00
7.795151013352813152e+02,7.544069445458587779e+02,3.122952115543163210e+00
7.793829064443673360e+02,7.544701077687010411e+02,3.097561725116103393e+00
7.792874195667330923e+02,7.545011739848054049e+02,3.069096938173770717e+00
7.791650778879147765e+02,7.545405905980311445e+02,3.040337348383959082e+00
7.790300466702359472e+02,7.545792849611622160e+02,3.011274820650230666e+00
7.789184203737444250e+02,7.546289894891928043e+02,2.980793851166962494e+00
7.787832312611966472e+02,7.546930710260188562e+02,2.949661561580555258e+00
7.786590900196206348e+02,7.547474329427105886e+02,2.918503870621067087e+00
7.785265201540804583e+02,7.548145992455076794e+02,2.886780717946534125e+00
7.783914785369398714e+02,7.548932485616002168e+02,2.854025868916325148e+00
7.782576636454053869e+02,7.549638581478820925e+02,2.821536102782209898e+00
7.781489450973492694e+02,7.550635062526646379e+02,2.787767975243920393e+00
7.780095373431032613e+02,7.551280361090721271e+02,2.752591955404381174e+00
7.779004847114483709e+02,7.552037967740773183e+02,2.719225034543802710e+00
7.777967184111536199e+02,7.553235256454855744e+02,2.685199916215983862e+00
7.776564350047858625e+02,7.554146732541178153e+02,2.650000561890612172e+00
7.775470349825535550e+02,7.555464920656265804e+02,2.615644413592704165e+00
7.774448251250287285e+02,7.556419971020476396e+02,2.581482013990961111e+00
7.773188181960525753e+02,7.557639950403770399e+02,2.546846070106309146e+00
7.772185050240642568e+02,7.558906060932483797e+02,2.512394059728393803e+00
7.771069671403895427e+02,7.560226446356710994e+02,2.479227073365799505e+00
7.770132510040035640e+02,7.561565034341513183e+02,2.447350563505274579e+00
7.769163374782409619e+02,7.562843971229946192e+02,2.415632713886756378e+00
7.768158200271492433e+02,7.564278756980119169e+02,2.385051652521699150e+00
7.767085932031934590e+02,7.565647122306131678e+02,2.354712437649026047e+00
7.765902015907006444e+02,7.566963248319651711e+02,2.327107380668761660e+00
7.765069654638313068e+02,7.568613515703774510e+02,2.300292063372950224e+00
7.763898176297966529e+02,7.569970232879961713e+02,2.274750554174532091e+00
7.762933109552740234e+02,7.571542747082530695e+02,2.250177527232041896e+00
7.762058207983990314e+02,7.573273855364489009e+02,2.228746747337631895e+00
7.761085615141416838e+02,7.574534509455677380e+02,2.206094157169805392e+00
7.760257147865989964e+02,7.576222764001611267e+02,2.185106393164210736e+00
7.759394817193669951e+02,7.577997962170639994e+02,2.164894554743985733e+00
7.758691790285552088e+02,7.579539079744564560e+02,2.146298377991928685e+00
7.757832931698061429e+02,7.581108194857396256e+02,2.127087097395889970e+00
7.757081767318944685e+02,7.582764310979956690e+02,2.108589450272521315e+00
7.756209056829375186e+02,7.584364869677251590e+02,2.092959056694990938e+00
7.755435243012715318e+02,7.586099758327048903e+02,2.077370544179786283e+00
7.754668753387192055e+02,7.587642868378891308e+02,2.061980019559981336e+00
7.754140379498361426e+02,7.589746190098661600e+02,2.050029623994324091e+00
7.753292573274750339e+02,7.591421484860976534e+02,2.037947695938372661e+00
7.752437660425927106e+02,7.593438344608435955e+02,2.027742984628160716e+00
7.751672417289082659e+02,7.595160431210033494e+02,2.019397525923945391e+00
7.750546770522844326e+02,7.597046187189450848e+02,2.012500998306127276e+00
7.749584826900213557e+02,7.598911872032650763e+02,2.006967672405988168e+00
7.748948098783544083e+02,7.600938026401811385e+02,2.001214779891367090e+00
7.748138041664271896e+02,7.602674855723367955e+02,1.997580989930961559e+00
7.747293468641885283e+02,7.604697713971436315e+02,1.995337799525708222e+00
7.746430807318337202e+02,7.606834927235053101e+02,1.993798515533474980e+00
7.745471219532503255e+02,7.608459901520985795e+02,1.992948154641251524e+00
7.744633147039513688e+02,7.610617504361498504e+02,1.992505502385868432e+00
7.743663539101696642e+02,7.612513612493428354e+02,1.991882811450834900e+00
7.742962878814475971e+02,7.614348182861972418e+02,1.991090777715899041e+00
7.742052731965677594e+02,7.616366549716487953e+02,1.989761095900886900e+00
7.741115028900925381e+02,7.618392282953840322e+02,1.989019348100193652e+00
7.740192567240142125e+02,7.620483366951428934e+02,1.987207171392093796e+00
7.739187232323901071e+02,7.622457580193192825e+02,1.985716996191338346e+00
7.738306725795896455e+02,7.624584275757514433e+02,1.985263410698366648e+00
7.737423129837320630e+02,7.626662533841713412e+02,1.983944893435965806e+00
7.736446547304076375e+02,7.628748438196047346e+02,1.982875494405393235e+00
7.735819604261486120e+02,7.630708238618439054e+02,1.980898379831580680e+00
7.734858055562827985e+02,7.632884631013560011e+02,1.980065664570981987e+00
7.733755442283953698e+02,7.635041716834800809e+02,1.978466978190278169e+00
7.732808521304078795e+02,7.637221088953688195e+02,1.976804952470320620e+00
7.732022377188906148e+02,7.639320336895449373e+02,1.975763348161001076e+00
7.730885021068761489e+02,7.641344082092047074e+02,1.974689935654652562e+00
7.730034345752135323e+02,7.643573659953425476e+02,1.972956416526761236e+00
7.728854533496188424e+02,7.645787109293823960e+02,1.972372940303864342e+00
7.728053681943521269e+02,7.648140094334985406e+02,1.971551032764857103e+00
7.726881390226254780e+02,7.650377485753538167e+02,1.970205376685774334e+00
7.726051994192753227e+02,7.652788776278536034e+02,1.970543542693290906e+00
7.724888165355129104e+02,7.655256547288967113e+02,1.971019214618188853e+00
7.723865390652039196e+02,7.657646403032423450e+02,1.970511872076721183e+00
7.722804029923291864e+02,7.660123030680213105e+02,1.970982222221789648e+00
7.721829488755874991e+02,7.662371389089255445e+02,1.970516240985263678e+00
7.720519562763263366e+02,7.664739783163291804e+02,1.970513104370198665e+00
7.719537525086342384e+02,7.667168357576314293e+02,1.970504553151826377e+00
7.718461737995429530e+02,7.669563164032512077e+02,1.970706025234013836e+00
7.717623637395530523e+02,7.672497024365495690e+02,1.970701312790206217e+00
7.716638675027322734e+02,7.674920809954115839e+02,1.969696107534760765e+00
7.715636352314046462e+02,7.677537383948449587e+02,1.968085532167617169e+00
7.714535353946587293e+02,7.680021473009527426e+02,1.968243288944677483e+00
7.713248900860685353e+02,7.682363113442020222e+02,1.968023971480232559e+00
7.712353766421467753e+02,7.684983708399532816e+02,1.968506325057371997e+00
7.711000427471616376e+02,7.687678212976533132e+02,1.968212670534474906e+00
7.710018841182114784e+02,7.690276835678741918e+02,1.967418432295041431e+00
7.708843461413453042e+02,7.692956820196418448e+02,1.967562698023590073e+00
7.707858106622791183e+02,7.695673484629387531e+02,1.968133154738088919e+00
7.706847868671941342e+02,7.698331055978738959e+02,1.969027687764099532e+00
7.705671998882415892e+02,7.701240683073847322e+02,1.968068874077556041e+00
7.704404528624588693e+02,7.703999106726384980e+02,1.967949700048528427e+00
7.703230231206223380e+02,7.706763849107605893e+02,1.967971754701564269e+00
7.701865768922637017e+02,7.709592034299761281e+02,1.967477640592516952e+00
7.700313031712328211e+02,7.712192225015510303e+02,1.968137757725586745e+00
7.699217233599327983e+02,7.715057130129595180e+02,1.967780523634609313e+00
7.698180873719512647e+02,7.718194961773974683e+02,1.967462702070984504e+00
7.697011691667382820e+02,7.721015554044784039e+02,1.967677849296647130e+00
7.695725462135355883e+02,7.724201705092775683e+02,1.967724582071393558e+00
7.694423053836014788e+02,7.727235416536273078e+02,1.967405461340713257e+00
7.692843031773107896e+02,7.729803769324072391e+02,1.967551388866454865e+00
7.691508268909194612e+02,7.733016779490689032e+02,1.967490099584041197e+00
7.690151561741701016e+02,7.735727730331983594e+02,1.967920995791991645e+00
7.689060706568189971e+02,7.738956575115204259e+02,1.967160289129373130e+00
7.687636395771237403e+02,7.741981637442916053e+02,1.967653928713763323e+00
7.686514176835148646e+02,7.745012270438187443e+02,1.967289414013456916e+00
7.685088267113594611e+02,7.748005454316335090e+02,1.968014781191656404e+00
7.683687077637632683e+02,7.751198207781295650e+02,1.968174560875851853e+00
7.682816546790385246e+02,7.753770590755872263e+02,1.967345162674159820e+00
7.681354593809223843e+02,7.756658033729414683e+02,1.967886997214391975e+00
7.680126167223493212e+02,7.760069211580654382e+02,1.968210344609011342e+00
7.678919740904924538e+02,7.762607604401644039e+02,1.967744580535204069e+00
7.677760925584420875e+02,7.765862142092496470e+02,1.967185914038342975e+00
7.676395418980182512e+02,7.769278069083744640e+02,1.967842882279318140e+00
7.675229363990277989e+02,7.772266472286888757e+02,1.969799571774194735e+00
7.673682378229182177e+02,7.775437199229866110e+02,1.968184998049274270e+00
7.672151290941793604e+02,7.778710951835191736e+02,1.967641694605915870e+00
7.670976640196884091e+02,7.781737437406326308e+02,1.966943090269088978e+00
7.669714936488842341e+02,7.784651743997966378e+02,1.966994162335607754e+00
7.668264341522454970e+02,7.788021557362253589e+02,1.966215355634515882e+00
7.667076312848643056e+02,7.790921528994556411e+02,1.965788353406962452e+00
7.665640385809715553e+02,7.794082802581065152e+02,1.965351873484303402e+00
7.664104860403995190e+02,7.797124178248286626e+02,1.965939788244515318e+00
7.663078200551474310e+02,7.800353863448167431e+02,1.965752618530974161e+00
7.661751952540455477e+02,7.803513275718121349e+02,1.965865291487798983e+00
7.660342296734229421e+02,7.806662417219241661e+02,1.965726026551010142e+00
7.659229969773223274e+02,7.809805701199157966e+02,1.966178511649412153e+00
7.657726803435355123e+02,7.812877279448644003e+02,1.966467014039381400e+00
7.656455483019002486e+02,7.816228646785632463e+02,1.965035358655975894e+00
7.655066982194047114e+02,7.819256208293131749e+02,1.965900410561139955e+00
7.653789621950760420e+02,7.822250873709353982e+02,1.964683429928971270e+00
7.652374390268848856e+02,7.825738069428000472e+02,1.965233063718192064e+00
7.651008551049239941e+02,7.828829782072433545e+02,1.964667019128111924e+00
7.649592003227778605e+02,7.832226026116686626e+02,1.964534629326874615e+00
7.648288659577445969e+02,7.835384839900395946e+02,1.964279384277188845e+00
7.646922055987055273e+02,7.838956109803559684e+02,1.964658848987373307e+00
7.645556619591769731e+02,7.842052372243695118e+02,1.965164450150710174e+00
7.644253038153279931e+02,7.845239859037284305e+02,1.964400873171131767e+00
7.642889073042473456e+02,7.848565901884968525e+02,1.965306163232342307e+00
7.641485155614193445e+02,7.851760319327872821e+02,1.964561028948482502e+00
7.640045302062559358e+02,7.854842698930192455e+02,1.963954491356838084e+00
7.638811210816655830e+02,7.858026037139190976e+02,1.964049978994554246e+00
7.637381570757531790e+02,7.861472429082929239e+02,1.963288854692723850e+00
7.636020954449365945e+02,7.864714451497775372e+02,1.963920492084230141e+00
7.634928652066706718e+02,7.867812594175431968e+02,1.963070152583626493e+00
7.633434543173028715e+02,7.871149656721873953e+02,1.962323619630063520e+00
7.632034904075535451e+02,7.874648685406183404e+02,1.963674327553367016e+00
7.630749052881661783e+02,7.877885512009265767e+02,1.962928765397551345e+00
7.629198551333240630e+02,7.881287995850343577e+02,1.962083459398255458e+00
7.627822702690673395e+02,7.884360270422979511e+02,1.960246071525188816e+00
7.626590510413673201e+02,7.887711505015906823e+02,1.961137340006699370e+00
7.625260871767819708e+02,7.891059742305003510e+02,1.960025737390140188e+00
7.623684295732307419e+02,7.894479137280457053e+02,1.958653973316845986e+00
7.622216346483194229e+02,7.897832122686065759e+02,1.959030156805013245e+00
7.620962129674096559e+02,7.901584241459318037e+02,1.957706684970972999e+00
7.619405453848485195e+02,7.904853092118061113e+02,1.957853034345912180e+00
7.618082343716112064e+02,7.908380861679181635e+02,1.956300674964098318e+00
7.616374692856073807e+02,7.912090889960019240e+02,1.954722122558823605e+00
7.614945363517816759e+02,7.915407866861127104e+02,1.953747229401427310e+00
7.613432650425900192e+02,7.919102407620761142e+02,1.953301463243363401e+00
7.612185473563539517e+02,7.922307242395995672e+02,1.952963767740118373e+00
7.610718631186063021e+02,7.926004121722244236e+02,1.951486365716288196e+00
7.609224030976031372e+02,7.929504217981121883e+02,1.949748589671255194e+00
7.607848853873653070e+02,7.932962198304333015e+02,1.948719725284770998e+00
7.606598442135262985e+02,7.936384223100928921e+02,1.948485880086131994e+00
7.605190877519328296e+02,7.940233468045038308e+02,1.945136987753504521e+00
7.603845009988694983e+02,7.943487962984017940e+02,1.944789421840896759e+00
7.602043334717183143e+02,7.947041651675738194e+02,1.942453456354492625e+00
7.600741235127873097e+02,7.950636408184275297e+02,1.940972726845984431e+00
7.599335502990139730e+02,7.954245606622624791e+02,1.939529589793363540e+00
7.597939449883986072e+02,7.957900906923239290e+02,1.937320554275361317e+00
7.596635501580287837e+02,7.961473959956545059e+02,1.936080448707537149e+00
7.595216272264790405e+02,7.965429745603631773e+02,1.933030649443939541e+00
7.593752123533339500e+02,7.968729667667449803e+02,1.932877178050804723e+00
7.592526334400905625e+02,7.972195041340058879e+02,1.930997377175985408e+00
7.591331568892408086e+02,7.975614562551257904e+02,1.929064893550654913e+00
7.589814542765005854e+02,7.979308299948457943e+02,1.926441837169351690e+00
7.588573313930692166e+02,7.982691873948806460e+02,1.925449008066497658e+00
7.587161615537879698e+02,7.986471820183071486e+02,1.922224650476920704e+00
7.585978408630057856e+02,7.989942517008061031e+02,1.920579081203746874e+00
7.584626769179673147e+02,7.993634042366360291e+02,1.919426931896298649e+00
7.583362198467892767e+02,7.997015666440331643e+02,1.917440373892212335e+00
7.582246605534787705e+02,8.000730176507439637e+02,1.915583114035945167e+00
7.580888060562770079e+02,8.004262619071312201e+02,1.914150485911081612e+00
7.579660798938659809e+02,8.007840095443956443e+02,1.912007521003974642e+00
7.578483688061234034e+02,8.011571221678700567e+02,1.910079499928850399e+00
7.577372125892802615e+02,8.014949871873259326e+02,1.908208551628548078e+00
7.575960265028521690e+02,8.018650872697606928e+02,1.905612254391326088e+00
7.574835128520170429e+02,8.022147291405200349e+02,1.903082611761654386e+00
7.573495642013045881e+02,8.025459731200365923e+02,1.901090167051821656e+00
7.572312508663336530e+02,8.029032958178760282e+02,1.898653924477357924e+00
7.571188865923015783e+02,8.032565833054395625e+02,1.895734552987514254e+00
7.570066111431018498e+02,8.036109036151497094e+02,1.893766298395671566e+00
7.568864866844763810e+02,8.039710565825926096e+02,1.891092337674204149e+00
7.567560098348102429e+02,8.043212416723673641e+02,1.888262690309383762e+00
7.566404627297558818e+02,8.046512694543337147e+02,1.886006208933273420e+00
7.565365721507145054e+02,8.050057357864703818e+02,1.882970152574513278e+00
7.564304862928465809e+02,8.053462304988404412e+02,1.879523048988308132e+00
7.563160621876760388e+02,8.057133489765981267e+02,1.876727954543642163e+00
7.561966133193802762e+02,8.060601826388319751e+02,1.874429219337453434e+00
7.560780701274700277e+02,8.064100473446590058e+02,1.870262525775520546e+00
7.559664793698328822e+02,8.067554507953192342e+02,1.867358697587765404e+00
7.558830209126235786e+02,8.071024997857755352e+02,1.864440741723160100e+00
7.557747494136792739e+02,8.074472750892084605e+02,1.861714683691019001e+00
7.556595603758315747e+02,8.077885594776926155e+02,1.858146588138850142e+00
7.555718670897820175e+02,8.081539404704994922e+02,1.854657533505299272e+00
7.554552833710325785e+02,8.085192798085550976e+02,1.850451506343925523e+00
7.553627201513329510e+02,8.088668489037059999e+02,1.847839956935739325e+00
7.552595148814338017e+02,8.092125905364438267e+02,1.843659355122109877e+00
7.551765650971315154e+02,8.095773519550662058e+02,1.839643814642504038e+00
7.550582749628821375e+02,8.099248401213586703e+02,1.835236380862862005e+00
7.549708232919381317e+02,8.102851396907519756e+02,1.831377802943119582e+00
7.548791058401991450e+02,8.106543754044852221e+02,1.827374944177406757e+00
7.547914231545132679e+02,8.110066929946101482e+02,1.823216838739369905e+00
7.547173017958806440e+02,8.113694510447267021e+02,1.818530792199318125e+00
7.546256598148668218e+02,8.117331696716287297e+02,1.813963013854007933e+00
7.545451977633235856e+02,8.120933718808298636e+02,1.809533938773509654e+00
7.544675996117953218e+02,8.124315588910320685e+02,1.804767962489945754e+00
7.543779721962038138e+02,8.127970376874119438e+02,1.799145075125255788e+00
7.542911642128196945e+02,8.131449991584106556e+02,1.793886336124782765e+00
7.542309828555709146e+02,8.135131835117031187e+02,1.788138999323003686e+00
7.541631481904586281e+02,8.138673589144643756e+02,1.782681965953677006e+00
7.540802502061708310e+02,8.142384379928928411e+02,1.777045181771540472e+00
7.540059181600591955e+02,8.145981185325406386e+02,1.771595689919368333e+00
7.539392219358638840e+02,8.149567308259660194e+02,1.765533080932090826e+00
7.538851656000781531e+02,8.153287538042687856e+02,1.759500553981557580e+00
7.538117934730097431e+02,8.156865815252839411e+02,1.753415850270013898e+00
7.537323132161430976e+02,8.160600803715168468e+02,1.747861199946400879e+00
7.536777323919488936e+02,8.164193283257940266e+02,1.742323280351298020e+00
7.536308138009003414e+02,8.167738350757630315e+02,1.736288772505348188e+00
7.535569800155087705e+02,8.171492348104591201e+02,1.729876916450562740e+00
7.535032371929102055e+02,8.175270095304950928e+02,1.724461661018837022e+00
7.534595809918295117e+02,8.178732525470408063e+02,1.719549580768798824e+00
7.534339517353228075e+02,8.182055927377901980e+02,1.714184322844304553e+00
7.533457822597080167e+02,8.186005529636424853e+02,1.708394593206528755e+00
7.533257107112671065e+02,8.189643633588138982e+02,1.703542351708073221e+00
7.532528123542188041e+02,8.193250697971121781e+02,1.697262023859698266e+00
7.531963330505174099e+02,8.196701823742183706e+02,1.692401867028877627e+00
7.531432819962084295e+02,8.200434278366130911e+02,1.687082096184425950e+00
7.531281437650925454e+02,8.203754600843939215e+02,1.682741441309880237e+00
7.530883605168410213e+02,8.207360621821296718e+02,1.677491371401355957e+00
7.530703560949414168e+02,8.210895118479345456e+02,1.672804062452229124e+00
7.530541960987861785e+02,8.214541135898105040e+02,1.667570627044224540e+00
7.529986839184747396e+02,8.217980544545052908e+02,1.662587976750839580e+00
7.529726312498792140e+02,8.221639819334594677e+02,1.657772309769965702e+00
7.529170766940259227e+02,8.225321290763606612e+02,1.652395770889338422e+00
7.528955456596313525e+02,8.228858256233530710e+02,1.649107621459513728e+00
7.528779743803064548e+02,8.232402382128741465e+02,1.645432812471803841e+00
7.528549084215944731e+02,8.236136625069725596e+02,1.642744710515224194e+00
7.528182071085636835e+02,8.239646693543020319e+02,1.641878057782431011e+00
7.527979407289012670e+02,8.243196985267118180e+02,1.641795493674554685e+00
7.527744967680666832e+02,8.246538340550525845e+02,1.641828321530157453e+00
7.527211122387701607e+02,8.249933747659019900e+02,1.641230879237399742e+00
7.526928503491093352e+02,8.253492938510568138e+02,1.640891187976220245e+00
7.527000021897889610e+02,8.257089411943883306e+02,1.640963315327819139e+00
7.526766540624903428e+02,8.260795970087669957e+02,1.641409758367079030e+00
7.526482374633644667e+02,8.264282930057725025e+02,1.642887109292489933e+00
7.526105476561848491e+02,8.267809437873139586e+02,1.645919690002098479e+00
7.525791858165682697e+02,8.271100737703272898e+02,1.648829953953745209e+00
7.525164139188372019e+02,8.274614864256011515e+02,1.651913460904456343e+00
7.524946052818496582e+02,8.278019744183517332e+02,1.655186528847652605e+00
7.524633859709864510e+02,8.281773693452329326e+02,1.660753614988194515e+00
7.524229885910785924e+02,8.285141352716235588e+02,1.663658372691760201e+00
7.523912546228730207e+02,8.288589213787754488e+02,1.667170650442254987e+00
7.523483345972015286e+02,8.291920301331717837e+02,1.673206524298087361e+00
7.522983254258731449e+02,8.295458269565284581e+02,1.678140351764799920e+00
7.522503416537881549e+02,8.298933653998510636e+02,1.682961733645155666e+00
7.522189722334503585e+02,8.302415968829117219e+02,1.688778679687588768e+00
7.521860488013084023e+02,8.305789686796700835e+02,1.695167723715054864e+00
7.521136223046927398e+02,8.309195819030204575e+02,1.699385848825164747e+00
7.520840233123338976e+02,8.312633347370075398e+02,1.706763280182334697e+00
7.520130488268184763e+02,8.316292688453382880e+02,1.711938069778367488e+00
7.519836431489703727e+02,8.319697002852976766e+02,1.719368967992058073e+00
7.518914064465222964e+02,8.323262875155188567e+02,1.724833426510352208e+00
7.518329763602733919e+02,8.326466980544098533e+02,1.732270591216125810e+00
7.517542852011745254e+02,8.329940209141767582e+02,1.737603397153027140e+00
7.516768926563644300e+02,8.333452207577004174e+02,1.743949773041988838e+00
7.516403564131964004e+02,8.336464259099046785e+02,1.751776867659730952e+00
7.515678067960276394e+02,8.340295143504027919e+02,1.757262268233065861e+00
7.514720573744720014e+02,8.344163475126957792e+02,1.764189566162821077e+00
7.514076106522278451e+02,8.347255424048895520e+02,1.773042538641582233e+00
7.513069359190046725e+02,8.350761499269609658e+02,1.779371746427407919e+00
7.512153344934235975e+02,8.354419285635966617e+02,1.784315727052782075e+00
7.511167442602593383e+02,8.357984964024489045e+02,1.790835361579333540e+00
7.510233317073856369e+02,8.361453767821486736e+02,1.798720799870148435e+00
7.509270607280145668e+02,8.364578894203445998e+02,1.804295842517414927e+00
7.508369095470577577e+02,8.368398904058009293e+02,1.812060872336550110e+00
7.507305715232625971e+02,8.371632060626743623e+02,1.818869679726867084e+00
7.506127948621881387e+02,8.375152858651615588e+02,1.824882689938292391e+00
7.504879926004506387e+02,8.378710837873882156e+02,1.832222459340587362e+00
7.503820225960847665e+02,8.381966331781285362e+02,1.839485465530896313e+00
7.502783539383539164e+02,8.385534515250793675e+02,1.845504215729893538e+00
7.501888185852967581e+02,8.388760850703737333e+02,1.851238260843210526e+00
7.500565922405994570e+02,8.392295671819074414e+02,1.857779758383312885e+00
7.499364345701525281e+02,8.395756222984646229e+02,1.862073154979577039e+00
7.498300720995739539e+02,8.399459296812425464e+02,1.867187316673330821e+00
7.497299681065632058e+02,8.402609653406502730e+02,1.871248775188294022e+00
7.496126307417233647e+02,8.406050135924026563e+02,1.875720788277499329e+00
7.494930687414918111e+02,8.409369815473536391e+02,1.880011653740950583e+00
7.493659910461142317e+02,8.413057126141097797e+02,1.884213173876181369e+00
7.492442515691407152e+02,8.416977367486362027e+02,1.889363138853502821e+00
7.491489667319376622e+02,8.420075583921300222e+02,1.894644538824875379e+00
7.490149102124215688e+02,8.423490433462808369e+02,1.897334935968906899e+00
7.488870212962269761e+02,8.426795219836985780e+02,1.903268704067353045e+00
7.487752065874528853e+02,8.430289040198634893e+02,1.908062115264709036e+00
7.486278671660587634e+02,8.433502152172959541e+02,1.912636576735257554e+00
7.484951333351898484e+02,8.437052260140258113e+02,1.919345971926340821e+00
7.483776120922643713e+02,8.440511386459925234e+02,1.923767875452738751e+00
7.482551360019648428e+02,8.443808218036358539e+02,1.927072249934870252e+00
7.481098785376132128e+02,8.446992253547450673e+02,1.931972242777123316e+00
7.479732960787551974e+02,8.450683961811367908e+02,1.936250415897026178e+00
7.478277293585244934e+02,8.454401839504214422e+02,1.942678017462734275e+00
7.477141205469528131e+02,8.457462202260934419e+02,1.946778621713739055e+00
7.475507640781713690e+02,8.460797318169071559e+02,1.950182679663227558e+00
7.474251949405148707e+02,8.464038783219061770e+02,1.955105290615579916e+00
7.472911304452567265e+02,8.467416382303910041e+02,1.958690733531995187e+00
7.471277219841522310e+02,8.470858909994483383e+02,1.963615050337646828e+00
7.469914377765370546e+02,8.473926676417023600e+02,1.967574547602880086e+00
7.468407148969034779e+02,8.477438596877171904e+02,1.971355287890353969e+00
7.467054471256815305e+02,8.480470537443985677e+02,1.977115018028617222e+00
7.465564455116335694e+02,8.483820553166717673e+02,1.981556809924919449e+00
7.464132987687207788e+02,8.487117402054358308e+02,1.985476837379311466e+00
7.462545296205892100e+02,8.490605308144661194e+02,1.989729968760152845e+00
7.461098003458237145e+02,8.493473093411904529e+02,1.994236828375808512e+00
7.459409704699423855e+02,8.497006283604622467e+02,1.998974560102174669e+00
7.457786651679357419e+02,8.500409327800184656e+02,2.003172220357086086e+00
7.456153760871972054e+02,8.503479233447544630e+02,2.007579322444088099e+00
7.454674165826789931e+02,8.506541742689857983e+02,2.008672612935947566e+00
7.452807146861587171e+02,8.510468242996472554e+02,2.015867373128310103e+00
7.451159861026703766e+02,8.513609071524748515e+02,2.019183107525515997e+00
7.449726036630223689e+02,8.516831343403747496e+02,2.022225233425408053e+00
7.447940398210942021e+02,8.519853006132218525e+02,2.024807058982942998e+00
7.446296888572774151e+02,8.523437773902730896e+02,2.027234653004594378e+00
7.444501692157235766e+02,8.526484252937552810e+02,2.029321518397279700e+00
7.442980357696319516e+02,8.529852655619681627e+02,2.031105404508080525e+00
7.441280024066494434e+02,8.533154783409449919e+02,2.031559974379514522e+00
7.439647389237371726e+02,8.536254320156612039e+02,2.031347385801248961e+00
7.438124433820071317e+02,8.539477833439200367e+02,2.031222226029444577e+00
7.436356552220938738e+02,8.542987015059817395e+02,2.031423023817707563e+00
7.434644981339509968e+02,8.546021395819341251e+02,2.028627649648264697e+00
7.433260268158139752e+02,8.549153054938992682e+02,2.025502687475745134e+00
7.431535256575842823e+02,8.552513612861762340e+02,2.022756396284819402e+00
7.430025325935217779e+02,8.555671442283324950e+02,2.019142391223896826e+00
7.428690988805035431e+02,8.558661428011838552e+02,2.014624744512053311e+00
7.427295508153590617e+02,8.561771571405238319e+02,2.010579762412706195e+00
7.425874857365477055e+02,8.564862809528041225e+02,2.004877784142405694e+00
7.424475680850941899e+02,8.568102300603810590e+02,2.000311550850411457e+00
7.423051498910434702e+02,8.571162391554497617e+02,1.993270486548764930e+00
7.421666930998846965e+02,8.574621135883186298e+02,1.988170617191573841e+00
7.420581170585815016e+02,8.577476820012032022e+02,1.981236768985624286e+00
7.419155583123216502e+02,8.580521272882954236e+02,1.974295897722676774e+00
7.417925978790227646e+02,8.583894500072536857e+02,1.967024304935145906e+00
7.416607189043130575e+02,8.586835522184209140e+02,1.960005549097863620e+00
7.415405862599382090e+02,8.590020306598182742e+02,1.951419152930759404e+00
7.414057137759187981e+02,8.593422270546045638e+02,1.944297816970228299e+00
7.413252573586232756e+02,8.596444746549569800e+02,1.934606065221190274e+00
7.411879599342713618e+02,8.599527767562173040e+02,1.927547095238917318e+00
7.410831885872961493e+02,8.602866631422298269e+02,1.917719108553339380e+00
7.409767324709562217e+02,8.605866795488714160e+02,1.908331289826444399e+00
7.408716154732467203e+02,8.609038898681503724e+02,1.899319715417731258e+00
7.407730234383114976e+02,8.612152481263659638e+02,1.889296966821361501e+00
7.406751290987673428e+02,8.615344974983137263e+02,1.877427403486656265e+00
7.406056160991872730e+02,8.618589180686336704e+02,1.865598836074708222e+00
7.405370968582135447e+02,8.621577400993426181e+02,1.852938614351709923e+00
7.404626832395694009e+02,8.624935211506510768e+02,1.841294587648679926e+00
7.403781773224469589e+02,8.628108266032476195e+02,1.828272665811839781e+00
7.402960060638264395e+02,8.631615672721163719e+02,1.814546376783517490e+00
7.402346569786310511e+02,8.634741768744712545e+02,1.801391567679033301e+00
7.401806833286368601e+02,8.637690206065972234e+02,1.786426861288355594e+00
7.401213384883905064e+02,8.640611952136314358e+02,1.771674177478190781e+00
7.400587677607975365e+02,8.643610990801023490e+02,1.757438164473014597e+00
7.400444394098651628e+02,8.646985063924155384e+02,1.741544627607410245e+00
7.399990932328113331e+02,8.650066668902707079e+02,1.725986820927582377e+00
7.399873483409384107e+02,8.653028156159824675e+02,1.709575117641613184e+00
7.399448141077888295e+02,8.656265156658449769e+02,1.693275740826992504e+00
7.399367157625699747e+02,8.659087397271980535e+02,1.675740126378343575e+00
7.399014314719721597e+02,8.662180310713189328e+02,1.657128060600301600e+00
7.398850995584674592e+02,8.665220785116367779e+02,1.638594346682744840e+00
7.399108779777520795e+02,8.668050147335848123e+02,1.619051259271589105e+00
7.399273850400290939e+02,8.671415957074719927e+02,1.597507644827997675e+00
7.399529708115034055e+02,8.674481854203727380e+02,1.574861381840267471e+00
7.399673375665498725e+02,8.677188944429049116e+02,1.554211676979900369e+00
7.400062594534094842e+02,8.680173159029516228e+02,1.532771463119876554e+00
7.400360380433887713e+02,8.683071119557120028e+02,1.511756686397972338e+00
7.400622464026398575e+02,8.686150639325049951e+02,1.489819769927993365e+00
7.401259867625751667e+02,8.689100401201463910e+02,1.468790512789714731e+00
7.401869995272083997e+02,8.691723336873867538e+02,1.448522251897921054e+00
7.402484925895050765e+02,8.694586807858916018e+02,1.427197533791060735e+00
7.403025704574633892e+02,8.697389663883716366e+02,1.406812625907699399e+00
7.403550552036944055e+02,8.700104994456228269e+02,1.386097738142530789e+00
7.404401899694615850e+02,8.703010105876826401e+02,1.364998758936464274e+00
7.405379158619341524e+02,8.705556380568966688e+02,1.344731222649241387e+00
7.406203194847263376e+02,8.708435494862637825e+02,1.323395926877767526e+00
7.407304584665586162e+02,8.711013497764744216e+02,1.302723919433970590e+00
7.408209103448939459e+02,8.713963275849865795e+02,1.281259254544269810e+00
7.409469573675181664e+02,8.716618558152885043e+02,1.259133867876846224e+00
7.410533215924340311e+02,8.719211805498450758e+02,1.238470166823288254e+00
7.411628915921797898e+02,8.721806841894008357e+02,1.217926297203124619e+00
7.412959507781888533e+02,8.724449213541447534e+02,1.196673312967647673e+00
7.414195315897591172e+02,8.727090934802525908e+02,1.175027693779034044e+00
7.415567118258533128e+02,8.729959264322615127e+02,1.153312884667888394e+00
7.417151927285291322e+02,8.732449089879880830e+02,1.131749563181681184e+00
7.418490240019998510e+02,8.734994238812387266e+02,1.111208635935155398e+00
7.420061429662114278e+02,8.737567022334534386e+02,1.087845720276618966e+00
7.421613182927835624e+02,8.740127286265919793e+02,1.066292638500617285e+00
7.423287467653275371e+02,8.742420120616116037e+02,1.043778248913747486e+00
7.425075352383967129e+02,8.744797711047724533e+02,1.020668047485980612e+00
7.426859570598496703e+02,8.747221624192834497e+02,9.974201774998372461e-01
7.428691848990172275e+02,8.749536873061844062e+02,9.726817622544735586e-01
7.430813806529704379e+02,8.751800065414819301e+02,9.485546543154810273e-01
7.432500776068403638e+02,8.753835131161682739e+02,9.242434928197963417e-01
7.434362540783326949e+02,8.756185820555607506e+02,8.997755464853627316e-01
7.436381585106350940e+02,8.758151879335179046e+02,8.757449320368335677e-01
7.438387993554459854e+02,8.760143713475555387e+02,8.517543085720111762e-01
7.440555686346851871e+02,8.762250689429482691e+02,8.281646633970078941e-01
7.442850052597472086e+02,8.764107699553234170e+02,8.049587326915338403e-01
7.445271521399636185e+02,8.765991611938522965e+02,7.815178571645277072e-01
7.447275671503535932e+02,8.767387242953867599e+02,7.593137683831956419e-01
7.449647531670127591e+02,8.769367224522867446e+02,7.369925493577685893e-01
7.451857425652536904e+02,8.770946200020424612e+02,7.172492642289644005e-01
7.453996774334306110e+02,8.772712206840833460e+02,6.965597992236494118e-01
7.456368525394458402e+02,8.774073891099254752e+02,6.754293668616569990e-01
7.458744118996985435e+02,8.775508484409659786e+02,6.565105081846580592e-01
7.460842316378165151e+02,8.776962312065849119e+02,6.367742628116231929e-01
7.463338436083760143e+02,8.778502841574859303e+02,6.172175474831276265e-01
7.465726605501665745e+02,8.779814196375216397e+02,5.987659345752542883e-01
7.467997239679148151e+02,8.781060692935855059e+02,5.811711239794891126e-01
7.470264051074512963e+02,8.782556390760304339e+02,5.647536472589907985e-01
7.472530888124721287e+02,8.783723573238100926e+02,5.492217623222197531e-01
7.475087142605535746e+02,8.784990160084594208e+02,5.361995255638098978e-01
7.477441442322163994e+02,8.786235064036000040e+02,5.225926303310178822e-01
7.479533287040713958e+02,8.787669645987767808e+02,5.121813076128288733e-01
7.481978556735515440e+02,8.788761681773477221e+02,5.020856346281626914e-01
7.484253586837735384e+02,8.789840878830508473e+02,4.942508132465281978e-01
7.486513237193636314e+02,8.791046000980250028e+02,4.875571528910917496e-01
7.488751294783754702e+02,8.792209457776513091e+02,4.805109648448507853e-01
7.490748147845271205e+02,8.793122143243967912e+02,4.771096984856250667e-01
7.493037292716370530e+02,8.794450100254080098e+02,4.738271609934978090e-01
7.495374564310507139e+02,8.795645857528444367e+02,4.713541145040558988e-01
7.497261064610353287e+02,8.796354335234767632e+02,4.676809439746182351e-01
7.499591520167608678e+02,8.797708618111851138e+02,4.661649497253125274e-01
7.501650317428473045e+02,8.798821102482221477e+02,4.638542099918004924e-01
7.503786114759288921e+02,8.799942175537795492e+02,4.614678519740536555e-01
7.505852216254043014e+02,8.800896911456380849e+02,4.596275139992777592e-01
7.507880487415172865e+02,8.802072231178800621e+02,4.587231451825518613e-01
7.509960614091842217e+02,8.803038812234474335e+02,4.574242371189627954e-01
7.511951132650192449e+02,8.803988550365900210e+02,4.578121780023622356e-01
7.513853679786843713e+02,8.805083312977534433e+02,4.564977228066867676e-01
7.515814068957261043e+02,8.806019089781041203e+02,4.565560518538043788e-01
7.517826520113910647e+02,8.806959063168683315e+02,4.563516380440226783e-01
7.519583592187022987e+02,8.807777923619916010e+02,4.553113945168035248e-01
7.521550516942455715e+02,8.808879838962042186e+02,4.564017520248754844e-01
7.523442473194716058e+02,8.809635945281769409e+02,4.559082284185377865e-01
7.525336397758634348e+02,8.810703646332043490e+02,4.555928242281774287e-01
7.527189004478046854e+02,8.811502748353389052e+02,4.551732546620064213e-01
7.528925499375194477e+02,8.812487067814068951e+02,4.558085401858913421e-01
7.530823944631255245e+02,8.813428042202970119e+02,4.553868692224433135e-01
7.532494332133437638e+02,8.814080228692891978e+02,4.557253129775888922e-01
7.534160191077007767e+02,8.814966660295771135e+02,4.551287013816012750e-01
7.536165355273440127e+02,8.815927135436244271e+02,4.554972812253685333e-01
7.537874459532223455e+02,8.816698666531058279e+02,4.550918673931971248e-01
7.539722239848197205e+02,8.817654674393614869e+02,4.548436177316870221e-01
7.541333723130044291e+02,8.818476036605912896e+02,4.550487136121485476e-01
7.543264232622840382e+02,8.819460423639712872e+02,4.549792581281295600e-01
7.545243636449683891e+02,8.820422060396855386e+02,4.545423947117848140e-01
7.546981104246459608e+02,8.821202911839403669e+02,4.555531213058466866e-01
7.548654736998410044e+02,8.822088481841010434e+02,4.545821274601951623e-01
7.550593772410616111e+02,8.822865705185907927e+02,4.547159561030907904e-01
7.552348798664997958e+02,8.823938805807106291e+02,4.554812478728791914e-01
7.554419650021674215e+02,8.824845253882253928e+02,4.559511101568418656e-01
7.556069964847235951e+02,8.825808913197232641e+02,4.568530307047534156e-01
7.558061333723159123e+02,8.826848261997608915e+02,4.567047165627590166e-01
7.560121880906015122e+02,8.827669752985099194e+02,4.568338640214034685e-01
7.562110258501279532e+02,8.828706902581332088e+02,4.566314324587191220e-01
7.563921682467166647e+02,8.829570017888411257e+02,4.576945045986405280e-01
7.565847428593356199e+02,8.830790952845663924e+02,4.586359683085149408e-01
7.567931698840470744e+02,8.831754357384444347e+02,4.596357511078851821e-01
7.569808647876217265e+02,8.832695851615280844e+02,4.608747939037441399e-01
7.571912339829636949e+02,8.833888779608298591e+02,4.614206968206264747e-01
7.573705121006737500e+02,8.834786310454695695e+02,4.629343441810922499e-01
7.575764764081646945e+02,8.835847516377292550e+02,4.635150648734639445e-01
7.577954150376419875e+02,8.836818399648860805e+02,4.644899258692652411e-01
7.580043349397683414e+02,8.838079021744340480e+02,4.656535287170074366e-01
7.582132124850365926e+02,8.839111660058905500e+02,4.669125367806984395e-01
7.584088664734038048e+02,8.840086111494249508e+02,4.666174813682383848e-01
7.586232182139480074e+02,8.841086830841304618e+02,4.686297917402374447e-01
7.588540175754161510e+02,8.842358676084147646e+02,4.701996689857599332e-01
7.590615875001525410e+02,8.843373477822973427e+02,4.707986201627316070e-01
7.592784510593987761e+02,8.844363558865680943e+02,4.711315773700063825e-01
7.594989902717466066e+02,8.845797482427694831e+02,4.727880280422674386e-01
7.596791734317159808e+02,8.846683076342840195e+02,4.732435689954850311e-01
7.599236110441698884e+02,8.848134511378549405e+02,4.739205971352540292e-01
7.601176941934456863e+02,8.849067333081319475e+02,4.754278362542794234e-01
7.603474999105352481e+02,8.850286972495018745e+02,4.764425285962928802e-01
7.605336867753815113e+02,8.851231830874735351e+02,4.764369527173392127e-01
7.607716771966427132e+02,8.852525139194443682e+02,4.774220543262223670e-01
7.609497669265613240e+02,8.853426006642960147e+02,4.782674873942998617e-01
7.611451884780685759e+02,8.854332156991371221e+02,4.786762748968325654e-01
7.613531223161472781e+02,8.855392120801028568e+02,4.786440007731602719e-01
7.615461360191254698e+02,8.856387103822032714e+02,4.806207100301270185e-01
7.617582084021939863e+02,8.857538005127262295e+02,4.810043722666529908e-01
7.619412391911871509e+02,8.858552617641300913e+02,4.816841032379454712e-01
7.621350215435244309e+02,8.859652688546588024e+02,4.812983148180536297e-01
7.623136114440617348e+02,8.860505234684061406e+02,4.824260722339410723e-01
7.625437797390501373e+02,8.861922340778086209e+02,4.821712699560299908e-01
7.627080302376083409e+02,8.862706245168973282e+02,4.831479730001106421e-01
7.628911071595790645e+02,8.863699382244681146e+02,4.820851680903340819e-01
7.631097020346794579e+02,8.864879887994998171e+02,4.825220720430445920e-01
7.632720933145905065e+02,8.865707898430900968e+02,4.828997610255107431e-01
7.634914655444871414e+02,8.866801424931902602e+02,4.837772778003563423e-01
7.636372759775906616e+02,8.867467873203407862e+02,4.844253087720385431e-01
7.638485085001411790e+02,8.868693903040108353e+02,4.837914444010454340e-01
7.640197035315360381e+02,8.869637316843185317e+02,4.838696423430478011e-01
7.642100774792254470e+02,8.870364775658283634e+02,4.841220927881340619e-01
7.644321879894240510e+02,8.871531067695473212e+02,4.843183886655195169e-01
7.645936431076034978e+02,8.872419409112733319e+02,4.838958484430708751e-01
7.647973651770212200e+02,8.873569565450006849e+02,4.843929636719270793e-01
7.649890260185673014e+02,8.874618942753932060e+02,4.851066396082062693e-01
7.651934114521297943e+02,8.875647673429895121e+02,4.838359517968911505e-01
7.653843440954477728e+02,8.876784166994484622e+02,4.840570744518220558e-01
7.655460593010766388e+02,8.877793022328053212e+02,4.832252799570350144e-01
7.657620124153017969e+02,8.878907303215588627e+02,4.833455878025039731e-01
7.659137491009694259e+02,8.879734835705588694e+02,4.847276554132627369e-01
7.661311038358880978e+02,8.880781335796365283e+02,4.840333778773364681e-01
7.662884076940381419e+02,8.881551015390533621e+02,4.837027526509017350e-01
7.664650085144368177e+02,8.882568593379533013e+02,4.835422232279903421e-01
7.666723869855813973e+02,8.883540211789016894e+02,4.836529058615501864e-01
7.668387629491070356e+02,8.884358202092734018e+02,4.838703377109912496e-01
7.670093767200600041e+02,8.885446729396755927e+02,4.822386042707460518e-01
7.671735094574726190e+02,8.886264500996006745e+02,4.825761523777695738e-01
7.673428316292944373e+02,8.887276929811290529e+02,4.806569230322639830e-01
7.675553979746190407e+02,8.888167266750592717e+02,4.807729698231915649e-01
7.677357365550965369e+02,8.889077623850655527e+02,4.793580754095120855e-01
7.679260682882313631e+02,8.889991000663004570e+02,4.780130490946434829e-01
7.681114059020821969e+02,8.891026107409267070e+02,4.781714153737541273e-01
7.683253397504284976e+02,8.892253053434508274e+02,4.777304601757036417e-01
7.685053735877387453e+02,8.893036751491187033e+02,4.762425630358129158e-01
7.687429242039025894e+02,8.894249861744012833e+02,4.754949028007772194e-01
7.689328369560911369e+02,8.895387048494520741e+02,4.754361277478644232e-01
7.691406329996757449e+02,8.896258986262454300e+02,4.746168657708506600e-01
7.693891280480206660e+02,8.897634330106319567e+02,4.744819716099702989e-01
7.695863798829849429e+02,8.898566770921149782e+02,4.735730412042382098e-01
7.697752518819270335e+02,8.899658058068904438e+02,4.727886058374843881e-01
7.699735662174695108e+02,8.900684477355454192e+02,4.711152440132908570e-01
7.701823441091149789e+02,8.901743556206829453e+02,4.699231492845208913e-01
7.703930470030170454e+02,8.902902417044724643e+02,4.692359523734107030e-01
7.705651384655978973e+02,8.903919424266094893e+02,4.674034370156173734e-01
7.707745532867041902e+02,8.904673899904169048e+02,4.670803798597698564e-01
7.709816312087384631e+02,8.905876857170349012e+02,4.667572886567222801e-01
7.711777384698754076e+02,8.906669025699528675e+02,4.660634076664805781e-01
7.713489714625648048e+02,8.907755025464638265e+02,4.638345366411226189e-01
7.715405919307821705e+02,8.908619421848582078e+02,4.630907577403094999e-01
7.717255988201416130e+02,8.909493376534180697e+02,4.633378946894032291e-01
7.718860279276937035e+02,8.910626901473829093e+02,4.620660753186373593e-01
7.720696096727755275e+02,8.911443372631382545e+02,4.610074380764006552e-01
7.722152126105743264e+02,8.912362556461639542e+02,4.594844588993777790e-01
7.724214484378462657e+02,8.913245676920639653e+02,4.598548618599455073e-01
7.725792915664723068e+02,8.913980816613446905e+02,4.587513040425045263e-01
7.727551933461600129e+02,8.914921900372216896e+02,4.579097197291085997e-01
7.728937462277327768e+02,8.915652391337307563e+02,4.569265414339892528e-01
7.730300565626882872e+02,8.916335390542965342e+02,4.558289678152490643e-01
7.731853639812479742e+02,8.917033893434517040e+02,4.546022957383836216e-01
7.733461033975150940e+02,8.917892405052946287e+02,4.544091436507246562e-01
7.734855641606721974e+02,8.918498685579168068e+02,4.525811628669224040e-01
7.736260193234522831e+02,8.919192193940236848e+02,4.514097472888756180e-01
7.737559824067044474e+02,8.919751027511732673e+02,4.502874524308633775e-01
7.739006811434813926e+02,8.920556131241833100e+02,4.493297084941954012e-01
7.740405649639313879e+02,8.921250807686357120e+02,4.465782857284986695e-01
7.741793420100896128e+02,8.921755183545370755e+02,4.442704421423171457e-01
7.743350192857252523e+02,8.922509677935390755e+02,4.414426912747152487e-01
7.744727944258943353e+02,8.923301892947796432e+02,4.392423743844801054e-01
7.746244394296721794e+02,8.923797460727288353e+02,4.380124571220458396e-01
7.747834659832589068e+02,8.924569775680456587e+02,4.355088335532002475e-01
7.749304222474784183e+02,8.925304266029861537e+02,4.326527333429630029e-01
7.750788025623359090e+02,8.925982078995018583e+02,4.311181305166079114e-01
7.752326411212357016e+02,8.926641656572895727e+02,4.282382451574871518e-01
7.753984392663109020e+02,8.927303789407089880e+02,4.264497346594463556e-01
7.755394773334263618e+02,8.928007088466872574e+02,4.251407889958569442e-01
7.757055618575237759e+02,8.928831730005045983e+02,4.231210619053566990e-01
7.758791115843641819e+02,8.929712655594886428e+02,4.216256221890567479e-01
7.760371811089557923e+02,8.930413679677956225e+02,4.202427722951827538e-01
7.762126920356471373e+02,8.931184602188997133e+02,4.196687582913108394e-01
7.764072272169954658e+02,8.932037549295688450e+02,4.181665196051649325e-01
7.766140089655264092e+02,8.932856952894459255e+02,4.158456593044099203e-01
7.767883535120283796e+02,8.933591481787644852e+02,4.153384079915319327e-01
7.769875290652203148e+02,8.934428842369441099e+02,4.146577751323256011e-01
7.771731595787487095e+02,8.935212826830316999e+02,4.140152757225118441e-01
7.773708616484622098e+02,8.936231724598350183e+02,4.135167714936570094e-01
7.776246898568931556e+02,8.937060285460921705e+02,4.132018057534249111e-01
7.778473875112075575e+02,8.937989580426955172e+02,4.141911524758952745e-01
7.780274189250244490e+02,8.938705868921587125e+02,4.133095990681678322e-01
7.782692283361367345e+02,8.939659904413368849e+02,4.127747492681632657e-01
7.784906431125514246e+02,8.940811381446006862e+02,4.128590645970989792e-01
7.787283470263015488e+02,8.941825313254781804e+02,4.138880680734324802e-01
7.789214355441456519e+02,8.942697312246406227e+02,4.150345186526492869e-01
7.791767653379521335e+02,8.944116533583764976e+02,4.172420298022725405e-01
7.793965822577999916e+02,8.945092390169151031e+02,4.192944039057652228e-01
7.796293488302167134e+02,8.946306769073843270e+02,4.225339789956329972e-01
7.798512180601152295e+02,8.947261856488605645e+02,4.243785192979276921e-01
7.801234987620953234e+02,8.948542301858828978e+02,4.274153161241734389e-01
7.803573303692120362e+02,8.949745115460877969e+02,4.281926705004554523e-01
7.806335609651511049e+02,8.950904765594724495e+02,4.297809831428426319e-01
7.809168652649456135e+02,8.951853679201039995e+02,4.325496875698312538e-01
7.811579224602669456e+02,8.953163605252497064e+02,4.332159667826387950e-01
7.814259310499503499e+02,8.954480260870079746e+02,4.347606728140933074e-01
7.816913175936640528e+02,8.955778197041244084e+02,4.344324837635410441e-01
7.819544029501298610e+02,8.957236412977588316e+02,4.353807119836471951e-01
7.822407002370152895e+02,8.958733822583662914e+02,4.367236340173161202e-01
7.825292790740909368e+02,8.960005967005043885e+02,4.379167956362147729e-01
7.828133421390189142e+02,8.961368286650414348e+02,4.388808717420550898e-01
7.831038669034790018e+02,8.962769303982511246e+02,4.400906543998331366e-01
7.833922866122852611e+02,8.963914867389901246e+02,4.424208475584995859e-01
7.836762092055798803e+02,8.965326935031974926e+02,4.433573215158957415e-01
7.839710943931554539e+02,8.966958860257294646e+02,4.452629118018833210e-01
7.842654702641498261e+02,8.968429457429391505e+02,4.476597232214268862e-01
7.845593569896950612e+02,8.969990712632910572e+02,4.480544249327071404e-01
7.848517484095729060e+02,8.971320292380438559e+02,4.496628200982809020e-01
7.851609553915461674e+02,8.972757297253955358e+02,4.510291689492071932e-01
7.854753991741183654e+02,8.974383274696381250e+02,4.537222561546527810e-01
7.857820479261044966e+02,8.976052974558372171e+02,4.549253383561572828e-01
7.860909778052152888e+02,8.977598891602734739e+02,4.558840961481778753e-01
7.864160341835759027e+02,8.979060818188582971e+02,4.576006582032183800e-01
7.867042862667498184e+02,8.980718935471556961e+02,4.581488237264611518e-01
7.870333595763815993e+02,8.982400078215098347e+02,4.592835950698998526e-01
7.873684867610555784e+02,8.984191997638779412e+02,4.605387322532742966e-01
7.876869628343447403e+02,8.985748089922147983e+02,4.615600684055211067e-01
7.880030393553619206e+02,8.987348392565157837e+02,4.627418199610284777e-01
7.883349586510679501e+02,8.989149457335972784e+02,4.640481747027207504e-01
7.886878844865593692e+02,8.990854556590161337e+02,4.664388851084697030e-01
7.890437495898534053e+02,8.992622807038795827e+02,4.684598357826867954e-01
7.893842083762405082e+02,8.994445902075295862e+02,4.700522015296040301e-01
7.897071134512812023e+02,8.996298729501187381e+02,4.719544455881750644e-01
7.900762376783355876e+02,8.997970900198191657e+02,4.755660654565472267e-01
7.904124722140917356e+02,8.999837018623808262e+02,4.776435109421151570e-01
7.907454660411798386e+02,9.001837930937176679e+02,4.797215255528711753e-01
7.911018754137569431e+02,9.003602038447708082e+02,4.825498457661264173e-01
7.914482670716662369e+02,9.005540121566708649e+02,4.858860979708693462e-01
7.918192783362082992e+02,9.007702775565902584e+02,4.890904973889306229e-01
7.921863838471531380e+02,9.009447838146055574e+02,4.923062764110236467e-01
7.925429256895511116e+02,9.011598325780665846e+02,4.953371955665848980e-01
7.929343541608485566e+02,9.013645694992225117e+02,4.983837333084438215e-01
7.932845189795066290e+02,9.015722345678007059e+02,5.004277964609995522e-01
7.936333816270326906e+02,9.017552902533917631e+02,5.039385623477590226e-01
7.939860504453042722e+02,9.019709958497924163e+02,5.073783450458759781e-01
7.943624207854406905e+02,9.021736481086031745e+02,5.096414664194229838e-01
7.947279361226953824e+02,9.024007113246747167e+02,5.136838065119289087e-01
7.951025643458499417e+02,9.026170591856965757e+02,5.157127149943958599e-01
7.954988146139218088e+02,9.028498700540822028e+02,5.188020852993778798e-01
7.958854054544847259e+02,9.030576258286215534e+02,5.188584661057901171e-01
7.962660802342015813e+02,9.032854132718858864e+02,5.180208226627367463e-01
7.966332450965606995e+02,9.034965966806898905e+02,5.176637681136789793e-01
7.970267228136571021e+02,9.037225477995571055e+02,5.173222728087467637e-01
7.973888379177418528e+02,9.039271476795343006e+02,5.181001971249038496e-01
7.978041331683227781e+02,9.041804680115643578e+02,5.186267776795492335e-01
7.981900766323437892e+02,9.044201763919900259e+02,5.190945147118248837e-01
7.985737735415506222e+02,9.046497525324211892e+02,5.172323634693111183e-01
7.990054817471173010e+02,9.048731780419698225e+02,5.170003039536656964e-01
7.993718640832258870e+02,9.050884031907301051e+02,5.146602162925479895e-01
7.997781695076655524e+02,9.053200293791780950e+02,5.124045599433205700e-01
8.001903389063631948e+02,9.055426516991271910e+02,5.097984905944543677e-01
8.005952882778242383e+02,9.057837163006832952e+02,5.069762859573551106e-01
8.009982722926891938e+02,9.059998217537794289e+02,5.051225055946606535e-01
8.014068437770616811e+02,9.062098931205496228e+02,5.017911711795844942e-01
8.018280839810731777e+02,9.064494467343055248e+02,5.004741825013258039e-01
8.022087976002451342e+02,9.066529166922001650e+02,4.976564064062146131e-01
8.026303137445978564e+02,9.068907382556677703e+02,4.955055892303346088e-01
8.030318628629738669e+02,9.071000614468641743e+02,4.939201225581237309e-01
8.034518566080474784e+02,9.073246960547068056e+02,4.920345490464020921e-01
8.038750401272671979e+02,9.075708290232890931e+02,4.909971032723825513e-01
8.042964507582832994e+02,9.077867903439414476e+02,4.890689737720367858e-01
8.046707178659092961e+02,9.079897721655395344e+02,4.883032544940209552e-01
8.050812588548202484e+02,9.082159579827238076e+02,4.867097417179793717e-01
8.054716900909127162e+02,9.084080022096695757e+02,4.866419160919734366e-01
8.058662896662518733e+02,9.086197737048146337e+02,4.852773526824121775e-01
8.062544601256497572e+02,9.088292180468121160e+02,4.842208351487437556e-01
8.066648800214785524e+02,9.090362571352028453e+02,4.839959863751487346e-01
8.070649715588489244e+02,9.092385226344106286e+02,4.828775424666846838e-01
8.074719497782527924e+02,9.094627879803665564e+02,4.827066409180839623e-01
8.078889761300956707e+02,9.096877315496500387e+02,4.828896391776339447e-01
8.082900984057789628e+02,9.098875169469640696e+02,4.813863352042452304e-01
8.086699580984931117e+02,9.101044391999225809e+02,4.803422421845904844e-01
8.090731218896964947e+02,9.102987864199114938e+02,4.788363414066759138e-01
8.094719414499810455e+02,9.105231015642651755e+02,4.777029210011765614e-01
8.098479272447796120e+02,9.107122500241971466e+02,4.774344350856877806e-01
8.102266891232977741e+02,9.109127833509952552e+02,4.775829302572611179e-01
8.106396955951774999e+02,9.111235398826097480e+02,4.764259509515090252e-01
8.110131131717853350e+02,9.113333672288346179e+02,4.754672348937679649e-01
8.113982342982969840e+02,9.115429860235739170e+02,4.752297475290145345e-01
8.117886807995105301e+02,9.117128433175005284e+02,4.729252248699387651e-01
8.121740303478494525e+02,9.119175964338922995e+02,4.731798939122475178e-01
8.125828829414473375e+02,9.121103593954924236e+02,4.722527422501722194e-01
8.129626365961535157e+02,9.123161867742090863e+02,4.712599368780341358e-01
8.133515195206731505e+02,9.125175051319079103e+02,4.711511479198368657e-01
8.137554781175376775e+02,9.127271825627900625e+02,4.709484611018243116e-01
8.141553147060207039e+02,9.129335701290043517e+02,4.707209077811123077e-01
8.145451340217465486e+02,9.131413561830675008e+02,4.701441351866991747e-01
8.149300711915749389e+02,9.133267213345892515e+02,4.689846275893230776e-01
8.153379335967965744e+02,9.135247596241362089e+02,4.679476273436975475e-01
8.156860338744677392e+02,9.137362619809995294e+02,4.661243156803751009e-01
8.160694834300315961e+02,9.139177858393568386e+02,4.643900632382241822e-01
8.164629487991188626e+02,9.141220461363946015e+02,4.621564747930169692e-01
8.168439913537954453e+02,9.142937794373299312e+02,4.592952186587153651e-01
8.172325340283044852e+02,9.144995221360505866e+02,4.572805279361874531e-01
8.176311019137855283e+02,9.147135599370044474e+02,4.557828193582683096e-01
8.180071333198218326e+02,9.148742022628789528e+02,4.528524258369406863e-01
8.184005334644851928e+02,9.150788995846055514e+02,4.509127655853361061e-01
8.187834747752116300e+02,9.152559583116013755e+02,4.488620587885939761e-01
8.191365796837313837e+02,9.154217236966730979e+02,4.465917421177005298e-01
8.195209342480791292e+02,9.156138896666470828e+02,4.444548384103251815e-01
8.198938126368528856e+02,9.158082089165230855e+02,4.421540834191375891e-01
8.203101354594376744e+02,9.160051752586354041e+02,4.403617714646061998e-01
8.206987467160624874e+02,9.161777390600967692e+02,4.387164571231217391e-01
8.210533699831611330e+02,9.163536759185045639e+02,4.375678562712175812e-01
8.214300899288153914e+02,9.165366373427450526e+02,4.353900261593448007e-01
8.217716186656755326e+02,9.166888380083768197e+02,4.338713652130232190e-01
8.221779645459879475e+02,9.168751863024285740e+02,4.320876893293418841e-01
8.225158665129698647e+02,9.170288337318651202e+02,4.294040225279482925e-01
8.229195586396598401e+02,9.172036482627237319e+02,4.277236311048408512e-01
8.233022156137351431e+02,9.173956766079829777e+02,4.259447518434659186e-01
8.236849046866660728e+02,9.175605409045642773e+02,4.248601851013759645e-01
8.240154367958228931e+02,9.177056135709000273e+02,4.214921373741010724e-01
8.244136756898063823e+02,9.179098414751947530e+02,4.207282451960440151e-01
8.247553569125142303e+02,9.180443181583408432e+02,4.180014270015704470e-01
8.251149972310612384e+02,9.182276148897675512e+02,4.151441370547480081e-01
8.254735911819021794e+02,9.183772315217913729e+02,4.118822104629147329e-01
8.258571563232023891e+02,9.185540391986941131e+02,4.086233939589741793e-01
8.262277715474465367e+02,9.186891762554381557e+02,4.056364174156074087e-01
8.265848472974074639e+02,9.188593356182819889e+02,4.022697689483397676e-01
8.269115199603058954e+02,9.189980689912395064e+02,3.987737274429093981e-01
8.272831630110641754e+02,9.191572929787174644e+02,3.963311634189524701e-01
8.276277871980668124e+02,9.193097350961836582e+02,3.926994485120428591e-01
8.280028290441111949e+02,9.194734386203208487e+02,3.905745652147422087e-01
8.283388104894818298e+02,9.195863345285689547e+02,3.864245020537929176e-01
8.286840897620090800e+02,9.197364066556009448e+02,3.834113869392742346e-01
8.290446899742522646e+02,9.198820692865207320e+02,3.806658201937845876e-01
8.293626699163703506e+02,9.200080475792046855e+02,3.770726277335779142e-01
8.297442842981126887e+02,9.201548899231462428e+02,3.754162594029423761e-01
8.300873131778569132e+02,9.202928347652733692e+02,3.726074449428943280e-01
8.304123199784648932e+02,9.204013459586026329e+02,3.682754011389273163e-01
8.307463201261213044e+02,9.205196277610596098e+02,3.660522108568731170e-01
8.311226691413349954e+02,9.206791793584520747e+02,3.634921899365947673e-01
8.314818537916454488e+02,9.208222459960888955e+02,3.616371296023830340e-01
8.317869428498992193e+02,9.209354083846020558e+02,3.592048639763367746e-01
8.321355521718998034e+02,9.210653673922618054e+02,3.565561040056600683e-01
8.324442865310659272e+02,9.211795134166374055e+02,3.537971276354958672e-01
8.327997345034884802e+02,9.213221204898294445e+02,3.505640472584901635e-01
8.331010072937170889e+02,9.214214095506831654e+02,3.479614756571649536e-01
8.334600359622461383e+02,9.215601356153364350e+02,3.451680744915565646e-01
8.337894190863407857e+02,9.216684737885032064e+02,3.413241056541767571e-01
8.341079198199254279e+02,9.217998553477959831e+02,3.388240867888536734e-01
8.344126971673664457e+02,9.218975920865477747e+02,3.349854815583643841e-01
8.347263742745938089e+02,9.219974642501036897e+02,3.317803092929054731e-01
8.350836372581059095e+02,9.221211472339293778e+02,3.288706785168821756e-01
8.353430036224898458e+02,9.222027281074720122e+02,3.249394369819951223e-01
8.356760280148128004e+02,9.223122340008703759e+02,3.228065746629184551e-01
8.359839545628179849e+02,9.224040465623949103e+02,3.189339706995574231e-01
8.363162332346780659e+02,9.225162121094068652e+02,3.162232431250276976e-01
8.366158439017654018e+02,9.226241751020390893e+02,3.133307962384441758e-01
8.369249085672571482e+02,9.227201684181216024e+02,3.102468379487342554e-01
8.372478973134087710e+02,9.228258205744234601e+02,3.071282760776278264e-01
8.375552336722872724e+02,9.229169959929533888e+02,3.046040200210080040e-01
8.378318885918718024e+02,9.230006800731125622e+02,3.019914136976991625e-01
8.380897008006008946e+02,9.230833554662241340e+02,2.995253743553786818e-01
8.384139787849611594e+02,9.231876838810298977e+02,2.967177892229068692e-01
8.387273773614040238e+02,9.232915924466352635e+02,2.936747254433236809e-01
8.389933041877443429e+02,9.233511527434332038e+02,2.914219985470061780e-01
8.392893908670699830e+02,9.234429252410955087e+02,2.874271800257677256e-01
8.395596852547673734e+02,9.235153715497142457e+02,2.854701791009826572e-01
8.398627330477487476e+02,9.235995260883718174e+02,2.825190127072793045e-01
8.401638720606941888e+02,9.237034242329712015e+02,2.808353673276259843e-01
8.404061955831099340e+02,9.237689784094023935e+02,2.793768768844721029e-01
8.407159767890511830e+02,9.238495746361279544e+02,2.762228743741591552e-01
8.409885832019070904e+02,9.239380512812422239e+02,2.741153690346338490e-01
8.412584783911407840e+02,9.239985288161697099e+02,2.716414617595134806e-01
8.415415969540608785e+02,9.240897052141142467e+02,2.704021973126908285e-01
8.418213688093909468e+02,9.241691210108662062e+02,2.680872459106479200e-01
8.420846086925437248e+02,9.242346234081160219e+02,2.666109676474651691e-01
8.423330674470047370e+02,9.242937067376000186e+02,2.655403347135777414e-01
8.426250125790709262e+02,9.243658427574958978e+02,2.651340964790426247e-01
8.428866565476735104e+02,9.244448260286565073e+02,2.628120716930489875e-01
8.431435842656617297e+02,9.245181154955100737e+02,2.614732097217200013e-01
8.433924054037936457e+02,9.245898164852933405e+02,2.602592695841057235e-01
8.436709471496762944e+02,9.246626192683083900e+02,2.587775296549311710e-01
8.439302054164862739e+02,9.247414417830793809e+02,2.574359588981964819e-01
8.441634392506891800e+02,9.247804766388793496e+02,2.554033300545117680e-01
8.444516737200070793e+02,9.248498424654821974e+02,2.535676716740293268e-01
8.446879151564751282e+02,9.249197186788763929e+02,2.515042881867422531e-01
8.449301097464629038e+02,9.249694465442681803e+02,2.497962527991518800e-01
8.451970423822358498e+02,9.250438628099847165e+02,2.486182064044001605e-01
8.453808827358060398e+02,9.250791485093704978e+02,2.474139946161837689e-01
8.456447217069263615e+02,9.251795053259058932e+02,2.458581994570559759e-01
8.458739544188349555e+02,9.252286765165126781e+02,2.425565779335972783e-01
8.461404447190520841e+02,9.253047496513263468e+02,2.395175004531085727e-01
8.463723034189358714e+02,9.253903969102289011e+02,2.371525980408044354e-01
8.466183029655011296e+02,9.254227967565407198e+02,2.321346167589302401e-01
8.468795067579528677e+02,9.254520455655566593e+02,2.266196614273384702e-01
8.471263960124092591e+02,9.255201345654345459e+02,2.215826268326617499e-01
8.473676132705468262e+02,9.255687827998583543e+02,2.162776410755619105e-01
8.476061599366223618e+02,9.255978109825143747e+02,2.117299725723137405e-01
8.478790958375595892e+02,9.256455384002756546e+02,2.046786284262385736e-01
8.481098935321341514e+02,9.256839946117895579e+02,1.974480900796382887e-01
8.483289810390283492e+02,9.257513986205296987e+02,1.896125082718953803e-01
8.485697592247172452e+02,9.257874602787040885e+02,1.819056781728302097e-01
8.487782302860398431e+02,9.258331743269163780e+02,1.717705657831835597e-01
8.489778388071212021e+02,9.258675105485369841e+02,1.621850353679357981e-01
8.492230392111036963e+02,9.259103668390714574e+02,1.510772962055291491e-01
8.494421545075364293e+02,9.259449636506855086e+02,1.408913623769059986e-01
8.496540144540952042e+02,9.259339242182433054e+02,1.267556809634993453e-01
8.499012487711379435e+02,9.259601526269616443e+02,1.110912220959118096e-01
8.501216567883483322e+02,9.259545617336433452e+02,9.555076189711035617e-02
8.503790202479209483e+02,9.259720931764853731e+02,7.788954511224863153e-02
8.505915759822688642e+02,9.259798254388459782e+02,5.830663175888536193e-02
8.508254115968375118e+02,9.259426828107280016e+02,3.818934265877967082e-02
8.510796799236234165e+02,9.259423559806531330e+02,1.490921455090582493e-02
8.512960852981022981e+02,9.259055553228233748e+02,-8.268993774963796783e-03
8.515318855951234127e+02,9.259088604188648333e+02,-3.203436573663950848e-02
8.517636103663694485e+02,9.258411613099989381e+02,-5.796195847470263923e-02
8.519853498647142942e+02,9.258111613500387875e+02,-8.134485373246758133e-02
8.522616797528152119e+02,9.257766572869616084e+02,-1.063355818855123563e-01
8.524849616325357147e+02,9.257260513586927573e+02,-1.296121533012720428e-01
8.526993996143063441e+02,9.256471566737504872e+02,-1.545032913600160041e-01
8.529359864210941851e+02,9.255931902669748297e+02,-1.792579748066157053e-01
8.531568773171012481e+02,9.254967528484046397e+02,-2.044078999348982462e-01
8.533903070015720687e+02,9.254600557432960386e+02,-2.286091254381847349e-01
8.536351735851441163e+02,9.253880371252066652e+02,-2.532451919015361597e-01
8.538793763004318862e+02,9.252634120861114297e+02,-2.781846503065787402e-01
8.540747451190812853e+02,9.251933649342773833e+02,-3.009597248998001628e-01
8.543292418301329008e+02,9.251280508704400063e+02,-3.273585332008770998e-01
8.545388616207660561e+02,9.249909879969908388e+02,-3.512707604295273733e-01
8.547450273399385878e+02,9.248830695116097331e+02,-3.747353769161773651e-01
8.549728008243205295e+02,9.247634280138767053e+02,-3.990329554364129283e-01
8.551767795837985204e+02,9.246278007810602730e+02,-4.231544275123437227e-01
8.553921312855394490e+02,9.244670639074154224e+02,-4.470957961079197740e-01
8.556129822789436048e+02,9.243230976054910570e+02,-4.722976007371594842e-01
8.558356779447988174e+02,9.242186815551455084e+02,-4.966072333785419013e-01
8.560337524864593206e+02,9.241099329787462011e+02,-5.182206043980445154e-01
8.562471263712025120e+02,9.239515925959379956e+02,-5.391692036778894526e-01
8.564388720306435516e+02,9.237900528815068810e+02,-5.594154836309188639e-01
8.566395060479258063e+02,9.236326863360021662e+02,-5.803430278105526918e-01
8.568412564458342331e+02,9.234787059688412683e+02,-6.010900594687001997e-01
8.570325772926895525e+02,9.232911737579682949e+02,-6.220239768603278430e-01
8.572594011768637756e+02,9.231278393020691055e+02,-6.418088372533518049e-01
8.574306295583351130e+02,9.229459519185934369e+02,-6.618019603436274823e-01
8.576313837022987627e+02,9.227719016324541599e+02,-6.834482226243004943e-01
8.577924570882410080e+02,9.226206896490388090e+02,-7.063629703905295321e-01
8.579610832532176801e+02,9.224121328688588619e+02,-7.262664693498823709e-01
8.581812325571978590e+02,9.222404151958592138e+02,-7.479479770836069408e-01
8.583599192091362511e+02,9.220476238457856653e+02,-7.695434951312510874e-01
8.585460722657613815e+02,9.218209566772910648e+02,-7.906107544885054850e-01
8.586951816899231744e+02,9.216309684337946919e+02,-8.137172388071454154e-01
8.588534151288665726e+02,9.213963228299377306e+02,-8.335490760518907694e-01
8.590413513831754244e+02,9.211440142272975891e+02,-8.567948665773996719e-01
8.591758789525130169e+02,9.209245159254427335e+02,-8.779657992455246474e-01
8.593411350188187043e+02,9.207013916332269901e+02,-8.986718244285353263e-01
8.595027112345012483e+02,9.204790747019765149e+02,-9.210148826279224155e-01
8.596609949753103592e+02,9.202209246347615590e+02,-9.406950711945343269e-01
8.597874824997811629e+02,9.199907457951370588e+02,-9.611227422440969947e-01
8.599244069105195649e+02,9.197194484645530110e+02,-9.820064038475925239e-01
8.600882859483484708e+02,9.194530421568185830e+02,-1.002090399635191309e+00
8.602225190536661330e+02,9.191834411837386369e+02,-1.020226584293698613e+00
8.603456007283716644e+02,9.189251088397558078e+02,-1.038929432193175240e+00
8.604614610181516809e+02,9.186920642457157555e+02,-1.058236591683129557e+00
8.605993717673103447e+02,9.184071557606685019e+02,-1.073573649280852527e+00
8.607155695600732770e+02,9.181545361755589738e+02,-1.087619637405134343e+00
8.608531334470681031e+02,9.178357831654473102e+02,-1.100992800541289895e+00
8.609990367240824298e+02,9.175629563734505609e+02,-1.112576367567508662e+00
8.611191831555323688e+02,9.173105970696999520e+02,-1.120575222790963554e+00
8.612458066974251096e+02,9.170147607997429304e+02,-1.127784939110910267e+00
8.613744531992217617e+02,9.167492447596212060e+02,-1.132052812512693407e+00
8.614827735149107184e+02,9.164551409329300213e+02,-1.135134988284186353e+00
8.616169266502411119e+02,9.162044302396452622e+02,-1.137845729053618804e+00
8.617245417952409525e+02,9.159534510118451180e+02,-1.137109487560045373e+00
8.618663770740085965e+02,9.157008725862041274e+02,-1.138129105305630606e+00
8.619767927441075699e+02,9.154399251197764897e+02,-1.139475334593052613e+00
8.621055919986551999e+02,9.151308600030768048e+02,-1.141013637563070837e+00
8.622050680984447126e+02,9.149002817450545990e+02,-1.142365633438917838e+00
8.623541765538850541e+02,9.146447366434496189e+02,-1.142319358171373311e+00
8.624656240837354062e+02,9.143083414089861662e+02,-1.142783263693796458e+00
8.625767620055813723e+02,9.140217392990045937e+02,-1.142731747738929160e+00
8.627049984006488330e+02,9.137727449369165242e+02,-1.144614921520793471e+00
8.628326482112103122e+02,9.135466717169975936e+02,-1.146681704962604798e+00
8.629534021227476615e+02,9.132913171684826921e+02,-1.146837344298680561e+00
8.630507798050354040e+02,9.130585013756191302e+02,-1.146675022272376498e+00
8.631720455770993112e+02,9.127890481042368265e+02,-1.146945883635359875e+00
8.632746904930205574e+02,9.124960846878395841e+02,-1.145907959798910136e+00
8.633802482408683545e+02,9.122827382454012195e+02,-1.147730254548307016e+00
8.634917021523800713e+02,9.120342063152801302e+02,-1.148401827887404414e+00
8.635925008275746677e+02,9.117962365978527259e+02,-1.148116703594516341e+00
8.637199338927308645e+02,9.115659685044271328e+02,-1.148763571487280144e+00
8.638283674782117032e+02,9.113030350845054954e+02,-1.150990629079515326e+00
8.639338577901963845e+02,9.110832916379612243e+02,-1.149683329413155652e+00
8.640627050847032251e+02,9.108118920115646233e+02,-1.151062328377292721e+00
8.641556632969226257e+02,9.105828081673029146e+02,-1.151802355793001498e+00
8.642400315106822291e+02,9.103754274232393300e+02,-1.152537604366452362e+00
8.643165735127848848e+02,9.101650566241204388e+02,-1.152638223056524414e+00
8.644163205754625778e+02,9.099444429870615068e+02,-1.154522827298277488e+00
8.645285099692347330e+02,9.097032808731302111e+02,-1.157085246976657933e+00
8.646665957738739507e+02,9.094512164248203590e+02,-1.158014567736798117e+00
8.647367151852723737e+02,9.092529194562717976e+02,-1.159253111915922174e+00
8.648447308141301164e+02,9.089949489347300187e+02,-1.160032926035911904e+00
8.649346374890562856e+02,9.087606058075093642e+02,-1.159271862340407466e+00
8.650388402946617816e+02,9.085159466722697061e+02,-1.162267225272791915e+00
8.651532158894311806e+02,9.082543501012922889e+02,-1.165083112689415001e+00
8.652549510323599407e+02,9.080404015680973089e+02,-1.164457899461804224e+00
8.653333454128052153e+02,9.078085317911585435e+02,-1.166579570602227278e+00
8.654330759129474018e+02,9.075756862576362209e+02,-1.167200940672984188e+00
8.655356546204455981e+02,9.073351333388764033e+02,-1.168518098954529849e+00
8.656301806727060466e+02,9.070928716725175036e+02,-1.170349269435620121e+00
8.657467018080457137e+02,9.068671281885976896e+02,-1.170418601846484163e+00
8.658521122447782545e+02,9.066414084542491310e+02,-1.172618858481676574e+00
8.659477696892014364e+02,9.063994545260210316e+02,-1.173922441224125368e+00
8.660677713311149546e+02,9.061411912089125735e+02,-1.174321187128019472e+00
8.661540438782534466e+02,9.058570343346000300e+02,-1.172877035470930807e+00
8.662373200166796323e+02,9.056289041574266321e+02,-1.174168771069355799e+00
8.663473536367409906e+02,9.053665541699734831e+02,-1.176136380282602145e+00
8.664733467504547662e+02,9.051059979998826748e+02,-1.174833882852884814e+00
8.665906599611059846e+02,9.048286008865086387e+02,-1.176251682941946042e+00
8.667017737087808200e+02,9.045794733081417007e+02,-1.175698263893154349e+00
8.667994829021016585e+02,9.043258328029797894e+02,-1.176744308464110489e+00
8.668946486836606482e+02,9.040569933961818379e+02,-1.174272979839797060e+00
8.670063924474286523e+02,9.038169222955771147e+02,-1.175618196643491320e+00
8.671220252985958723e+02,9.035200350477421125e+02,-1.174954772188562258e+00
8.672427915534269687e+02,9.032745697852903959e+02,-1.175935742600658696e+00
8.673611763175730403e+02,9.029589840530576339e+02,-1.175850438891660410e+00
8.674798765662665119e+02,9.026916411727690956e+02,-1.175781705215650286e+00
8.675996491271787363e+02,9.024013697921242283e+02,-1.176865390213124973e+00
8.677183214314080715e+02,9.021331200814909153e+02,-1.175269183809911633e+00
8.678272697395849491e+02,9.019002671389151828e+02,-1.175761365311533746e+00
8.679578550844709071e+02,9.015846533120288768e+02,-1.175233406874520936e+00
8.680798437160450476e+02,9.012952901022276819e+02,-1.174432124676004996e+00
8.681949291731010590e+02,9.010201762456621282e+02,-1.172905573033472315e+00
8.683144832502862300e+02,9.007673479012764801e+02,-1.170969986745649782e+00
8.684389338008387540e+02,9.004887884932102224e+02,-1.171285627634392812e+00
8.685574488251546654e+02,9.002135127639556913e+02,-1.169617078520146958e+00
8.686849602387560481e+02,8.999062443641662412e+02,-1.166014437620287669e+00
8.688194828181867706e+02,8.996135666511312365e+02,-1.165888684143364662e+00
8.689427604649106343e+02,8.993389064708131855e+02,-1.163238033266858151e+00
8.690712408193672900e+02,8.990526310261791423e+02,-1.163997221570408191e+00
8.691979877333583318e+02,8.987714069394824037e+02,-1.163189836224910900e+00
8.693473980365380385e+02,8.984492089699183452e+02,-1.161634874840103526e+00
8.694932029083477119e+02,8.981707163358679509e+02,-1.159437406711758101e+00
8.696208422000396467e+02,8.979092846524014249e+02,-1.158202984846592676e+00
8.697611961232139492e+02,8.976317953008373252e+02,-1.155025642848859890e+00
8.699018022896589173e+02,8.972810564530966531e+02,-1.153978786553178981e+00
8.700460034215861924e+02,8.969891459424262621e+02,-1.152550628190567750e+00
8.701817579580310849e+02,8.967296156503242628e+02,-1.148917556726432254e+00
8.703321724231616372e+02,8.963911166336638416e+02,-1.146843597094167277e+00
8.704569050542189643e+02,8.960905635644796803e+02,-1.145167225932622879e+00
8.706217551696948931e+02,8.957967979438556085e+02,-1.144443075731500725e+00
8.707485117468261251e+02,8.954830269672747818e+02,-1.141950821618343825e+00
8.708893622348007284e+02,8.951887649344772626e+02,-1.140733060802400223e+00
8.710569217253477063e+02,8.948803386280449104e+02,-1.138050410460971662e+00
8.712062102803798780e+02,8.945517413181584061e+02,-1.137047802294242738e+00
8.713496866814127770e+02,8.942566847149389559e+02,-1.134252895854579002e+00
8.714940816262069347e+02,8.939254413508319885e+02,-1.132877130439950752e+00
8.716474028358981059e+02,8.936010876257863629e+02,-1.132052163755906227e+00
8.717963125241470834e+02,8.932880513761182328e+02,-1.128850001729456265e+00
8.719652122178030140e+02,8.929537116137208841e+02,-1.126741544076281132e+00
8.721333465780350025e+02,8.926362493323107401e+02,-1.124438331284180359e+00
8.722739803788177824e+02,8.923659516448212798e+02,-1.123639321145811776e+00
8.724303979783188652e+02,8.920197687647835210e+02,-1.121197611497055213e+00
8.725788699837548847e+02,8.917363796298446914e+02,-1.119657882174348140e+00
8.727699139754851103e+02,8.913800806488609396e+02,-1.116075085352485452e+00
8.729395874698735724e+02,8.910323194494806103e+02,-1.113756034138233542e+00
8.730664296841638361e+02,8.907284806077074109e+02,-1.112236896900914651e+00
8.732317179817863462e+02,8.904534458099536778e+02,-1.111139465778300028e+00
8.734088556016999974e+02,8.900932957620885873e+02,-1.108764980897027685e+00
8.735602976934605977e+02,8.898024343193667391e+02,-1.106367807264742265e+00
8.737598534164379771e+02,8.894467940340339283e+02,-1.105299925966692243e+00
8.739297619286525105e+02,8.891229252056681389e+02,-1.101818794062578766e+00
8.740997295186423344e+02,8.887848856748048547e+02,-1.100494183967381634e+00
8.742734767450963318e+02,8.885073809885354876e+02,-1.099908127388908641e+00
8.744253731881075282e+02,8.881618537064020984e+02,-1.099019901254298937e+00
8.745995265565240970e+02,8.878398221138756981e+02,-1.097734023330275255e+00
8.747402740055542836e+02,8.875586095816448733e+02,-1.098271969645496116e+00
8.749081277867350082e+02,8.872020950686022616e+02,-1.098278241290050028e+00
8.750975886865189750e+02,8.868524856532191052e+02,-1.096893420654550200e+00
8.752709577828770762e+02,8.865084176391798110e+02,-1.099310686427532824e+00
8.754381745204020717e+02,8.862178462274042658e+02,-1.100565986816752106e+00
8.756104625449407877e+02,8.858624863021815372e+02,-1.100617114951290221e+00
8.757878265893574508e+02,8.855158820104343249e+02,-1.099972405133590625e+00
8.759317557473489160e+02,8.852192430514078296e+02,-1.101545250990168201e+00
8.760895885989173166e+02,8.848871731395405504e+02,-1.101373471074428734e+00
8.762713106344936023e+02,8.845461246416894028e+02,-1.100707348896518001e+00
8.764078047919350638e+02,8.842599894462481416e+02,-1.100908673601268761e+00
8.765691938869970272e+02,8.839328484925949851e+02,-1.101057000611229686e+00
8.767275949083335718e+02,8.836204786266462179e+02,-1.101461689750654838e+00
8.768804655585046248e+02,8.833169438214055162e+02,-1.102628501748369017e+00
8.770567341564561730e+02,8.830227515610898763e+02,-1.101320426425266064e+00
8.772091815537597768e+02,8.827193411081319709e+02,-1.102240071857094605e+00
8.773846722149856987e+02,8.823897796449942916e+02,-1.100618829758150286e+00
8.775244693496889568e+02,8.821214960215927476e+02,-1.101220844005589505e+00
8.776758672779293420e+02,8.818024517466441239e+02,-1.102262561665633855e+00
8.778603471134229039e+02,8.814625894254937748e+02,-1.102804881941077397e+00
8.780041181688825418e+02,8.811433807345634932e+02,-1.103377478204461859e+00
8.782126678437338114e+02,8.807951680160383603e+02,-1.103988676533674163e+00
8.783561701944073548e+02,8.804710143049566113e+02,-1.108869265672347115e+00
8.784875381976455628e+02,8.801736995941600981e+02,-1.111453551632741288e+00
8.786805467912477070e+02,8.798397327946689757e+02,-1.112856320746116623e+00
8.787876726383107098e+02,8.795838300760819948e+02,-1.115618157792809262e+00
8.789517684788428369e+02,8.792146565048120692e+02,-1.121094625242985421e+00
8.790989023459698046e+02,8.789295125525003414e+02,-1.125308436693344571e+00
8.792400231906948420e+02,8.785963752557979660e+02,-1.130443405499420795e+00
8.793947494678778867e+02,8.783005958308992831e+02,-1.134761455778651174e+00
8.795313925914348374e+02,8.779687468991289734e+02,-1.142004133642358976e+00
8.796879237950432753e+02,8.776628447908086628e+02,-1.147604445951910135e+00
8.798386675061376536e+02,8.773183987481231725e+02,-1.156732513035250598e+00
8.799527606209750275e+02,8.769961667756364250e+02,-1.167388727897616052e+00
8.801116999863839965e+02,8.766551580266684596e+02,-1.177379639386571641e+00
8.802067111556439158e+02,8.763182797689311201e+02,-1.190600198159891265e+00
8.803355268594654035e+02,8.759749966544452491e+02,-1.199805962773347945e+00
8.804394846075445002e+02,8.756344977909850513e+02,-1.214802757897986751e+00
8.805570366402770333e+02,8.752636896466614189e+02,-1.226276261258826938e+00
8.806792606260278262e+02,8.748938831482082605e+02,-1.239834983516601152e+00
8.807973936541550302e+02,8.745213298435372735e+02,-1.254499558874044407e+00
8.809033678750209901e+02,8.741364524034424903e+02,-1.266247025920842484e+00
8.809955113905291455e+02,8.737936168343048848e+02,-1.278454432009412223e+00
8.810804387337813068e+02,8.734154710910082713e+02,-1.290122739456144085e+00
8.812086200444977067e+02,8.730062270453207702e+02,-1.300332224777685397e+00
8.812796645071346120e+02,8.725974039405258509e+02,-1.312370366362268115e+00
8.813926296551492214e+02,8.722057273759709233e+02,-1.322699455672701641e+00
8.814715547442240222e+02,8.717934416002403850e+02,-1.331307365380369534e+00
8.815671190749711741e+02,8.714007283840763876e+02,-1.339707638247364940e+00
8.816288539422906751e+02,8.709940391805145055e+02,-1.347884389493732682e+00
8.817213793162325146e+02,8.705736456038713413e+02,-1.353788508872725949e+00
8.818159491676973403e+02,8.701412590069219277e+02,-1.358709598750018621e+00
8.818984487794372171e+02,8.697217182060467167e+02,-1.361496276077666989e+00
8.820051869388777277e+02,8.692912746510302213e+02,-1.362560109852903656e+00
8.820842301642010170e+02,8.688363349336862029e+02,-1.360183273877324517e+00
8.821963223735866677e+02,8.683968705890513320e+02,-1.357880831599269422e+00
8.823009898014579448e+02,8.679521492064063750e+02,-1.356685631922153190e+00
8.823919355759218206e+02,8.675161143179874443e+02,-1.351863791492424749e+00
8.824940486551552112e+02,8.670864982064422293e+02,-1.345987076209353761e+00
8.826116769931556973e+02,8.666063259426329068e+02,-1.338961197939162240e+00
8.827353128023897852e+02,8.661639560142348273e+02,-1.330799403724030050e+00
8.828673198163328379e+02,8.657163852712046719e+02,-1.321719759906390568e+00
8.829881693574599240e+02,8.652462938717695806e+02,-1.310666150438528632e+00
8.831287852671473502e+02,8.647902263220861414e+02,-1.298582822284980454e+00
8.832768095969061051e+02,8.643187594846368711e+02,-1.285178217841035586e+00
8.834365062444084060e+02,8.638759260909071145e+02,-1.274144398976950088e+00
8.835997941557865261e+02,8.634517985803023521e+02,-1.264758912213687525e+00
8.837582349738197536e+02,8.630072830175308809e+02,-1.255809559350960170e+00
8.839288719780040537e+02,8.625699707076604454e+02,-1.246714120009780657e+00
8.840773344157910287e+02,8.621277778762723756e+02,-1.239319319801644115e+00
8.842365940120367895e+02,8.616810212431601030e+02,-1.232095351011137208e+00
8.844122649657200554e+02,8.612611650027830592e+02,-1.225336688409177199e+00
8.845686667569829069e+02,8.608298492693559183e+02,-1.217440661995962570e+00
8.847662601891066743e+02,8.603828141779231373e+02,-1.213240450172680118e+00
8.849188384402459633e+02,8.599459515578223545e+02,-1.207615962764491790e+00
8.850941879005204100e+02,8.595289378455156566e+02,-1.203086805998398345e+00
8.852701646208588500e+02,8.590935100224145344e+02,-1.198690293896440995e+00
8.854375412335663214e+02,8.586757064451119277e+02,-1.194852093985216079e+00
8.855964058968420431e+02,8.582271846056812592e+02,-1.191792111076888538e+00
8.857575796170322064e+02,8.578227581409571485e+02,-1.187063924140800975e+00
8.859414113984086043e+02,8.574267501640691762e+02,-1.183880664049005604e+00
8.861250472464425911e+02,8.570076620829107696e+02,-1.181128880298210282e+00
8.863052258544965980e+02,8.566025499576029461e+02,-1.177291239304575132e+00
8.864753012589505943e+02,8.561920953271830967e+02,-1.174680725452618146e+00
8.866632585396348532e+02,8.557684199667605753e+02,-1.171290006005704765e+00
8.868368806708782586e+02,8.553891702050445929e+02,-1.167309257752488394e+00
8.870049963191980851e+02,8.549864139504896912e+02,-1.164728814111019028e+00
8.872000284993309833e+02,8.545851295222797717e+02,-1.161423397952069836e+00
8.873471782331566828e+02,8.541778903944853027e+02,-1.158596612907812018e+00
8.875245375518466062e+02,8.537894870513354135e+02,-1.155310935382570570e+00
8.877282866966259007e+02,8.533786958803818834e+02,-1.152753410517557864e+00
8.879208733105655256e+02,8.529874957665167585e+02,-1.150945526541169217e+00
8.880992260211507983e+02,8.525961876867837645e+02,-1.149270949489449523e+00
8.882788139490669437e+02,8.521997475230692771e+02,-1.149144918323470987e+00
8.884329932637432421e+02,8.518036927027309275e+02,-1.149020145500901924e+00
8.886289485041900207e+02,8.514182748997761792e+02,-1.149284682197730501e+00
8.887866946889511155e+02,8.510546679044991834e+02,-1.148790943825588551e+00
8.889596738168132788e+02,8.506561509654000020e+02,-1.148688613611947185e+00
8.891373152286561208e+02,8.502683193552059038e+02,-1.148707971379642645e+00
8.893085398921606384e+02,8.498786540180841484e+02,-1.147852905830296866e+00
8.894701552506812732e+02,8.494932484712007863e+02,-1.147882512132208266e+00
8.896569413509132573e+02,8.490998324960944501e+02,-1.147549390527004443e+00
8.898453026344550381e+02,8.487101898005444127e+02,-1.147390700447589840e+00
8.900221558235242583e+02,8.483200188794521637e+02,-1.145997934678399943e+00
8.901951790456057552e+02,8.479535982516844115e+02,-1.144597543991641153e+00
8.903555176033235057e+02,8.475749792290134792e+02,-1.143735547760430515e+00
8.905484535770599450e+02,8.471857582479073017e+02,-1.142426320638745274e+00
8.907452937659322743e+02,8.467989116164985717e+02,-1.142193207816477818e+00
8.909202644829357496e+02,8.464201376880467933e+02,-1.140242691393848151e+00
8.911058182042436329e+02,8.460545119632014348e+02,-1.138993246987595631e+00
8.912747593613030404e+02,8.456677593877885784e+02,-1.137968177532378888e+00
8.914550041869358665e+02,8.453047916690112515e+02,-1.136619679363259028e+00
8.916563047196212892e+02,8.449298576091465520e+02,-1.135057690980120437e+00
8.918164341567788824e+02,8.445401568046106604e+02,-1.134544906842983591e+00
8.920049359383974661e+02,8.441753832672268345e+02,-1.132619494782911795e+00
8.921807329258630261e+02,8.437905915033323936e+02,-1.131146064579592103e+00
8.923689198694781908e+02,8.433963588262922713e+02,-1.130479862765896071e+00
8.925379335688594438e+02,8.430504694301449717e+02,-1.128628036941146995e+00
8.927251524673858967e+02,8.426611557592965482e+02,-1.127833555007237809e+00
8.929151854874032779e+02,8.422884842149080669e+02,-1.126315085783192949e+00
8.930792110209811199e+02,8.419064157711139842e+02,-1.124144280155994213e+00
8.932600109290075352e+02,8.415405233455109055e+02,-1.122254608271768594e+00
8.934493108761414533e+02,8.411629171206438969e+02,-1.121390998431703423e+00
8.936336807569202847e+02,8.408067067589158796e+02,-1.119773902845813129e+00
8.937857798064192139e+02,8.404423669799849677e+02,-1.116985139730092724e+00
8.939672273896707111e+02,8.400778771618937526e+02,-1.115696297486877819e+00
8.941677733528779299e+02,8.396874058440154158e+02,-1.113241889070609947e+00
8.943680014111988612e+02,8.393211711222395479e+02,-1.112520830374613912e+00
8.945637562736939117e+02,8.389293425369772876e+02,-1.111120393457322164e+00
8.947759993374068017e+02,8.385655152187581507e+02,-1.108836487883758437e+00
8.949562108588265801e+02,8.381896818711995820e+02,-1.106659343420325792e+00
8.951160909511419277e+02,8.378522033845189299e+02,-1.104567761360088163e+00
8.953106994379855905e+02,8.374755416461144932e+02,-1.102845687669679497e+00
8.955145438271230205e+02,8.371138906525301309e+02,-1.101772412810764434e+00
8.956945164826274777e+02,8.367462871097166044e+02,-1.099629874045114919e+00
8.958863734693013612e+02,8.363851261804437627e+02,-1.100068537630979115e+00
8.960765918640948939e+02,8.359968401908427040e+02,-1.099206023044505320e+00
8.962706104388702215e+02,8.356218548486745021e+02,-1.099106602979964764e+00
8.964574341727942510e+02,8.352484339729985550e+02,-1.099843541155405280e+00
8.966499934164696697e+02,8.348932566547744045e+02,-1.098659263000233643e+00
8.968519693905066106e+02,8.345138159037043124e+02,-1.098942698389262507e+00
8.970554720491434182e+02,8.341540070006911947e+02,-1.099973889356999246e+00
8.972513307460687884e+02,8.337741432836411377e+02,-1.100276648803789170e+00
8.974462532907931518e+02,8.333972894240798723e+02,-1.100487228615335988e+00
8.976445660471794099e+02,8.330029215816424539e+02,-1.100863318483434883e+00
8.978453507416589900e+02,8.326260385970534799e+02,-1.101500926221872234e+00
8.980251414846987927e+02,8.322561542668466927e+02,-1.101476777185056877e+00
8.982319873618471320e+02,8.318740582355839024e+02,-1.102967316658580943e+00
8.984230344844756928e+02,8.314688471733810502e+02,-1.103592285423739883e+00
8.986529706121336858e+02,8.310546251907466058e+02,-1.104204144126270881e+00
8.988218134120280638e+02,8.306814383400803763e+02,-1.105839328520903608e+00
8.990326266863339697e+02,8.302693844508220309e+02,-1.106091325279487503e+00
8.992322366703209582e+02,8.298637205860725317e+02,-1.106665884390674925e+00
8.994148842093751455e+02,8.295068458495021559e+02,-1.106701095256933609e+00
8.996155782007574544e+02,8.291061047342570873e+02,-1.107465273863181610e+00
8.998297035260942494e+02,8.286887817159545193e+02,-1.108232719993915039e+00
9.000341182545482752e+02,8.282860755214094297e+02,-1.109826684555074161e+00
9.002211531925868258e+02,8.279023390482815330e+02,-1.109970819664260366e+00
9.004214944608045244e+02,8.274916360360005001e+02,-1.110425628850792767e+00
9.006359931484737444e+02,8.270952391169604425e+02,-1.111084367370405834e+00
9.008341327694581651e+02,8.267139631618289286e+02,-1.111644136414892348e+00
9.010571843664093876e+02,8.262702951474510655e+02,-1.113333555571465849e+00
9.012195823729450694e+02,8.259259848983855363e+02,-1.111890405136051196e+00
9.014191035413396094e+02,8.255275939697270360e+02,-1.111541446787847498e+00
9.016331534336263758e+02,8.251192786002260391e+02,-1.112459080162335079e+00
9.018429948550045765e+02,8.247311414677217272e+02,-1.111942190335100555e+00
9.020298983150280492e+02,8.243069975423924234e+02,-1.112222575043577688e+00
9.022531104385483331e+02,8.238890887068158690e+02,-1.113312408910009488e+00
9.024349382529320565e+02,8.235054646397636589e+02,-1.113236965317213167e+00
9.026634173664252785e+02,8.230798647439040678e+02,-1.114400306564865994e+00
9.028706894533876266e+02,8.226682838553010697e+02,-1.114405515263644064e+00
9.030971122416200387e+02,8.222575158537748621e+02,-1.114446363318699396e+00
9.032677608341452924e+02,8.218792156462523053e+02,-1.114210180372785075e+00
9.034517767670803323e+02,8.215015240962525240e+02,-1.114294277654607424e+00
9.036482816448138919e+02,8.210923276914962798e+02,-1.115530950504288521e+00
9.038456481323161142e+02,8.206965714622925816e+02,-1.114925731968822609e+00
9.040605410154672654e+02,8.202586572604193407e+02,-1.115759453283420299e+00
9.042648669627095614e+02,8.198284992730497152e+02,-1.115275339492518336e+00
9.044546125843795608e+02,8.194295108913230479e+02,-1.115860765660505072e+00
9.046500880361566033e+02,8.190459336670325001e+02,-1.115947388544881846e+00
9.048368666904931388e+02,8.186706107402574162e+02,-1.117331672650031082e+00
9.050315219146899608e+02,8.182536919864423908e+02,-1.117207989172282812e+00
9.052378224049678010e+02,8.178414907986406206e+02,-1.116617732906414640e+00
9.054279491604460191e+02,8.174466892897356729e+02,-1.116995428460106243e+00
9.056406988807267453e+02,8.169965945112976442e+02,-1.117921238025018305e+00
9.058301235505343811e+02,8.166285017025394382e+02,-1.116790872399524792e+00
9.060315590237855758e+02,8.161457638293973105e+02,-1.118694273939645933e+00
9.062477685147255215e+02,8.157541684667268100e+02,-1.117430578839452959e+00
9.064633657417970198e+02,8.152934498970325876e+02,-1.116281310183777631e+00
9.066683910057030289e+02,8.148544162896033640e+02,-1.117668805203176685e+00
9.068665922770120460e+02,8.144450086045220587e+02,-1.119403493222160595e+00
9.070849416661050100e+02,8.139882662653515126e+02,-1.120531650049313876e+00
9.073004789877799112e+02,8.135694218752691995e+02,-1.120184824891634401e+00
9.075158659506746517e+02,8.131470951132896516e+02,-1.120384254886399811e+00
9.077221229514185552e+02,8.127099898055522544e+02,-1.120885057639353199e+00
9.079207365189777192e+02,8.122957918105690851e+02,-1.120431398387239819e+00
9.081561858942937988e+02,8.118166320503806901e+02,-1.120529868502945225e+00
9.083561622797657265e+02,8.114077803302276379e+02,-1.120718284581366797e+00
9.085663372403768108e+02,8.109666246114293244e+02,-1.120758886481303174e+00
9.087918681359019502e+02,8.104868940560262445e+02,-1.121818564469228896e+00
9.090092938123269732e+02,8.100676087233996441e+02,-1.121622159141525188e+00
9.091952968039221332e+02,8.096387516835509359e+02,-1.122144785980830894e+00
9.094208749578491506e+02,8.091774717892076296e+02,-1.120738745060362307e+00
9.096561111730688935e+02,8.087531847014196273e+02,-1.120145608034560869e+00
9.098548900540570230e+02,8.082967348576042923e+02,-1.120559251523991939e+00
9.100880484381789302e+02,8.078548643119597727e+02,-1.119846770140189296e+00
9.102915000580015885e+02,8.073866881872883141e+02,-1.120748535134191481e+00
9.105283353219197124e+02,8.069699428594987012e+02,-1.120192189257350757e+00
9.107611061683285243e+02,8.065077778532192951e+02,-1.120318909533315255e+00
9.109879898713489865e+02,8.060783901862390621e+02,-1.120432500830050637e+00
9.112207932923574845e+02,8.056375822445429549e+02,-1.120402405195784601e+00
9.114342935636668699e+02,8.051680650236314705e+02,-1.120505750026612457e+00
9.116348532506070796e+02,8.047216683630160787e+02,-1.121362621072785171e+00
9.118632693009234345e+02,8.042844581731641256e+02,-1.120048903736400980e+00
9.120544156160627836e+02,8.038506515473843592e+02,-1.120123526510218959e+00
9.122859936531009453e+02,8.034125975825886599e+02,-1.119260259323562989e+00
9.125115821549817383e+02,8.029636173664638363e+02,-1.119358209413710448e+00
9.127442580363488105e+02,8.025120110162080209e+02,-1.118190979034004995e+00
9.129477086795953937e+02,8.020619926638473771e+02,-1.118873935663425856e+00
9.131908616496484683e+02,8.016092630738822891e+02,-1.117812427656717844e+00
9.134033946905279890e+02,8.011620313181919073e+02,-1.115492529649437570e+00
9.136260708281960206e+02,8.007536290462338684e+02,-1.114068869165511844e+00
9.138308530140213861e+02,8.003238540198893816e+02,-1.114073876016365316e+00
9.140670178065364553e+02,7.999054163828639048e+02,-1.112765250822691954e+00
9.143127223698757007e+02,7.994460885676011230e+02,-1.112015485388946567e+00
9.145066586763757641e+02,7.990606079478392303e+02,-1.110000166358225959e+00
9.147487110528714993e+02,7.985722886461958296e+02,-1.108577202350995883e+00
9.149299838280749100e+02,7.981900152835593190e+02,-1.108344778203116610e+00
9.151576565162569068e+02,7.977347508401276173e+02,-1.107224392270627966e+00
9.153985348914462747e+02,7.973263809785097465e+02,-1.105764977377763358e+00
9.156505609825364900e+02,7.968176016370424577e+02,-1.103200617360504676e+00
9.158319746109157222e+02,7.965145594197738319e+02,-1.102907361754420057e+00
9.160587974296918219e+02,7.960585801865371423e+02,-1.101344695390005901e+00
9.162758472904614564e+02,7.956088373445301158e+02,-1.099732503555974628e+00
9.165077971725402222e+02,7.951603472633422598e+02,-1.099215826220464320e+00
9.167153106760836181e+02,7.947480090067909941e+02,-1.097734741685135962e+00
9.169425759265075158e+02,7.943057142591281945e+02,-1.097750700081166375e+00
9.171688155459336258e+02,7.938679646011636351e+02,-1.097018929046850166e+00
9.173828416359392577e+02,7.934541932941943969e+02,-1.095082232084406693e+00
9.176134892001158505e+02,7.929754387492336036e+02,-1.093618756348730958e+00
9.178348752612427006e+02,7.926065276554263619e+02,-1.092966371846470608e+00
9.180604532262486828e+02,7.921567692661494675e+02,-1.092454262981013002e+00
9.182850116836469851e+02,7.916947570444021949e+02,-1.091041649086302412e+00
9.184907434468809697e+02,7.913107946649247424e+02,-1.088514084429198281e+00
9.187037694461504316e+02,7.908768948037745758e+02,-1.085497446112987152e+00
9.189169765830065444e+02,7.904828451260924567e+02,-1.086715151625650577e+00
9.191312328451618896e+02,7.900692871701947979e+02,-1.086321077016228598e+00
9.193697987246996490e+02,7.896200092227248888e+02,-1.085161190920852281e+00
9.195858182485262660e+02,7.892010776956883547e+02,-1.081073261102449612e+00
9.197965366235307556e+02,7.887741529984297131e+02,-1.080340448898110317e+00
9.200214743443148109e+02,7.883522934538231084e+02,-1.080189574339413427e+00
9.202882060879409210e+02,7.879380460238639898e+02,-1.081235809433699790e+00
9.204980925262192386e+02,7.875197432706430618e+02,-1.078297718901738422e+00
9.207434360074702226e+02,7.871053658823201431e+02,-1.077256161493163056e+00
9.209899157520198969e+02,7.866799849767342039e+02,-1.077871170222230779e+00
9.212172887262557879e+02,7.862512948653929925e+02,-1.075744146447936922e+00
9.214301800653571490e+02,7.858691444829148622e+02,-1.075931587668438771e+00
9.216847546880624122e+02,7.853982458736196577e+02,-1.074204897740311804e+00
9.219213419509005689e+02,7.850203884385227866e+02,-1.075127122425950210e+00
9.221850355396826444e+02,7.845935424628335113e+02,-1.074683517728041604e+00
9.224000277178132592e+02,7.841883097837097694e+02,-1.072834750924108516e+00
9.226313254120327656e+02,7.837766981347241426e+02,-1.072509591507048388e+00
9.228513824713188569e+02,7.833809976986442507e+02,-1.073815231303517637e+00
9.230835883060735796e+02,7.829399915668689118e+02,-1.072059373780875235e+00
9.233078264888998774e+02,7.825625498193946896e+02,-1.076145062672422270e+00
9.235468102045207388e+02,7.821505629264330537e+02,-1.074573820547395364e+00
9.237513906962125247e+02,7.817546339040449084e+02,-1.075281087129731361e+00
9.239951298318159161e+02,7.813341940922801996e+02,-1.075304910534146785e+00
9.242219881361100988e+02,7.809139770656699966e+02,-1.073336683979934536e+00
9.244359314651640034e+02,7.804868862673466765e+02,-1.071490684158936224e+00
9.246291760400083604e+02,7.801005158075847703e+02,-1.073243326390951768e+00
9.248592669094178973e+02,7.796857963824413673e+02,-1.073078991318351605e+00
9.250971005427074942e+02,7.792469011731802766e+02,-1.072876698444595656e+00
9.252831677481765382e+02,7.788787511906867849e+02,-1.074171945230255165e+00
9.255251507244213371e+02,7.784434413823473733e+02,-1.074193259069527784e+00
9.257485401451948519e+02,7.780368561579566631e+02,-1.074844687876963745e+00
9.259588331708246187e+02,7.776002236794032569e+02,-1.074455488565837502e+00
9.261959962862810016e+02,7.772230664791649133e+02,-1.075166432001122052e+00
9.264171487845915181e+02,7.767934296141694404e+02,-1.074917305133700207e+00
9.266463029869735237e+02,7.763599079560556220e+02,-1.075047311650568771e+00
9.268828615793797780e+02,7.759650630651649408e+02,-1.074409734326080335e+00
9.270978848124005935e+02,7.755267765695492699e+02,-1.075410468525008545e+00
9.273211575282679178e+02,7.751445149808889710e+02,-1.076553374756498815e+00
9.275588365682144740e+02,7.747089641552072408e+02,-1.077002385697922060e+00
9.277909448189556088e+02,7.743144384020296229e+02,-1.078228106296957201e+00
9.279840791069215129e+02,7.739027106202023560e+02,-1.082425817431271087e+00
9.282166743510446167e+02,7.734890698385820542e+02,-1.083693957442130484e+00
9.284455791992764944e+02,7.730783231261015089e+02,-1.084028904435557106e+00
9.286375978389071406e+02,7.726547113329622789e+02,-1.090142979123387645e+00
9.288430916931459933e+02,7.722421306849740859e+02,-1.091446987232848720e+00
9.290873242341750711e+02,7.718401470333953966e+02,-1.093413559882830066e+00
9.293375254428294738e+02,7.713865732884247564e+02,-1.095680401708849283e+00
9.295177831517485174e+02,7.709974569004175464e+02,-1.098348102761006695e+00
9.297131078382816440e+02,7.706269238345987560e+02,-1.101875478654514406e+00
9.298951865493273772e+02,7.701905196590593050e+02,-1.106185652378392614e+00
9.301322533650185278e+02,7.697553297651870707e+02,-1.105757762113789733e+00
9.303324309744056109e+02,7.693572641600727593e+02,-1.106894245718955005e+00
9.304990168229767278e+02,7.689044674859127326e+02,-1.111429239521267265e+00
9.307527298869929382e+02,7.684753594061525064e+02,-1.112637510972544597e+00
9.309401216350019013e+02,7.681303983593019211e+02,-1.113733265986643239e+00
9.311603829071286782e+02,7.677494947771498346e+02,-1.115801686141423277e+00
9.313119974588025798e+02,7.673256945733264729e+02,-1.118799334498517872e+00
9.315022840615787345e+02,7.669591727272099888e+02,-1.120822516976017980e+00
9.316837559229464887e+02,7.665384512742657535e+02,-1.124709773825273151e+00
9.318578102659943170e+02,7.661367090857504536e+02,-1.128036888952356875e+00
9.320384709294835375e+02,7.657878286426574732e+02,-1.128461997910059855e+00
9.322557446649299209e+02,7.654139457497783496e+02,-1.130314361204626250e+00
9.324365649087166048e+02,7.649462913877084702e+02,-1.135651866711550495e+00
9.325939695428064624e+02,7.646545284018385473e+02,-1.136589260364851528e+00
9.327701824155188888e+02,7.642373084788173401e+02,-1.141652730835023721e+00
9.329785483993204025e+02,7.638478824724943479e+02,-1.143097733854947951e+00
9.330975766142483963e+02,7.634398559214686202e+02,-1.146716077142665213e+00
9.332502439308798330e+02,7.630916421337689144e+02,-1.151523062652386242e+00
9.334509433364864890e+02,7.627239193022378458e+02,-1.155076833853322826e+00
9.336172276006990387e+02,7.622960627492456069e+02,-1.159783968199211479e+00
9.337203272904096139e+02,7.619915661829774081e+02,-1.164332335778807570e+00
9.338604115560506216e+02,7.616541949314905651e+02,-1.170449422771665082e+00
9.339941648172189161e+02,7.613070092214549049e+02,-1.176813885753634104e+00
9.341833477965444672e+02,7.609156315959106678e+02,-1.184570986420894867e+00
9.343511663694100662e+02,7.605239197622382790e+02,-1.192785439196311748e+00
9.344583026374341443e+02,7.601182766138133502e+02,-1.202792256531050930e+00
9.345893276836525274e+02,7.597718155311987402e+02,-1.212659053318502655e+00
9.347073177825621997e+02,7.594937971336438522e+02,-1.223181096588016104e+00
9.348279762164831936e+02,7.591558636724745384e+02,-1.237917791207186591e+00
9.349534372172441863e+02,7.587903688739722838e+02,-1.252210921351990525e+00
9.350436383005927610e+02,7.584782707186377593e+02,-1.266024767641466875e+00
9.350919992198196269e+02,7.581147070947750990e+02,-1.284978329019825560e+00
9.351710070508353283e+02,7.577952759294388443e+02,-1.302542690359976385e+00
9.352572771190626781e+02,7.574725724900766863e+02,-1.321699146493028332e+00
9.353416611597245947e+02,7.571345938604238199e+02,-1.341827388974144553e+00
9.353517445239967856e+02,7.568311722410774109e+02,-1.365706076173342387e+00
9.354181813476907337e+02,7.565302794233915620e+02,-1.388168022245794608e+00
9.354542250791565721e+02,7.562210293738123710e+02,-1.414551422758190791e+00
9.354849191035887088e+02,7.558740825143989923e+02,-1.445865310963893702e+00
9.354837651349436101e+02,7.555552693186637043e+02,-1.476022790748213964e+00
9.354724996693655612e+02,7.552465792871913663e+02,-1.508435774190826972e+00
9.354589887161093884e+02,7.549407517443161169e+02,-1.539550879353037249e+00
9.354489998586143429e+02,7.546026344884114678e+02,-1.572118391619826028e+00
9.354341042321225359e+02,7.543010672174185629e+02,-1.606755603098796170e+00
9.353947485681707121e+02,7.540014366126456480e+02,-1.640021627801883097e+00
9.352989384221533555e+02,7.536884065563804143e+02,-1.675541515345107424e+00
9.352060017657486242e+02,7.533673196618258316e+02,-1.711682909936901309e+00
9.351609567547939150e+02,7.530239794090417718e+02,-1.745058409198996685e+00
9.349995506607369862e+02,7.526805169984174881e+02,-1.781546940854827898e+00
9.349259707367398278e+02,7.524139308709987972e+02,-1.815460271899461908e+00
9.348271137846670626e+02,7.521207394125603969e+02,-1.849298610964499989e+00
9.347062005477404227e+02,7.518453205955056546e+02,-1.882302431232692363e+00
9.345866927228514669e+02,7.515178139293866479e+02,-1.915601845169961903e+00
9.344653080714539328e+02,7.512020195783931058e+02,-1.949073902464437236e+00
9.342475702368733437e+02,7.509078230542595520e+02,-1.984805531452908722e+00
9.340383238017863050e+02,7.505873165947807593e+02,-2.021037942342198246e+00
9.339018659607002064e+02,7.503075715813049555e+02,-2.052606458864978389e+00
9.336605305453912251e+02,7.500657448725640961e+02,-2.087107133112487301e+00
9.334502358490856295e+02,7.497692352488986671e+02,-2.118654923627826037e+00
9.332389929210086166e+02,7.495063908368676948e+02,-2.152613670533824575e+00
9.330169135436520946e+02,7.492350700204420946e+02,-2.184670759668607687e+00
9.327633720849563588e+02,7.489951634616570573e+02,-2.217278102473592583e+00
9.325718962459383192e+02,7.487243637960192473e+02,-2.248775353307360003e+00
9.322959627640437930e+02,7.484746180314763251e+02,-2.280992587964045804e+00
9.320469952108053349e+02,7.482214336168012778e+02,-2.311827447429835924e+00
9.317656317861418529e+02,7.479503805689615774e+02,-2.343189419364406945e+00
9.314840462546408162e+02,7.477379659712521516e+02,-2.372411644355619131e+00
9.311966186240264278e+02,7.474976221761645547e+02,-2.403113058843760363e+00
9.309010904299129834e+02,7.472633015359958790e+02,-2.431306050092192805e+00
9.305944391797490880e+02,7.470336538711181902e+02,-2.458987185105393269e+00
9.302360127116563717e+02,7.468337437858594967e+02,-2.485424954804559494e+00
9.299275477310826545e+02,7.466705215569576239e+02,-2.510209133674204729e+00
9.296191906301050949e+02,7.464683119991377680e+02,-2.533269751967615946e+00
9.292966321599291177e+02,7.462702991122461071e+02,-2.554031216001031446e+00
9.289391050932109692e+02,7.461388239541521443e+02,-2.571547012096043971e+00
9.285914139717756370e+02,7.459577816778463557e+02,-2.587199697003619292e+00
9.282525752933247531e+02,7.457247685175116203e+02,-2.598097910915895259e+00
9.278911978436005938e+02,7.455592662872667233e+02,-2.607819824189544278e+00
9.275231531490958332e+02,7.453427923520481500e+02,-2.614799733239272062e+00
9.271716107479152242e+02,7.451528462297476381e+02,-2.617812503298107440e+00
9.267987272368038703e+02,7.449501444505361860e+02,-2.619663464840995104e+00
9.264532355611455614e+02,7.447591757848056204e+02,-2.618732926749004264e+00
9.260820182616670309e+02,7.445906181564823783e+02,-2.619161295792955979e+00
9.257364694060815964e+02,7.443766084658423097e+02,-2.620304493400770873e+00
9.254180219510564029e+02,7.441831686121726079e+02,-2.618747844351978937e+00
9.250361776152325319e+02,7.439377336391812605e+02,-2.620509474886508094e+00
9.246860654079208643e+02,7.437548315345273977e+02,-2.619424437972061703e+00
9.243230811030181258e+02,7.435477945382963298e+02,-2.618605895357505986e+00
9.239818009693766498e+02,7.433215318253705846e+02,-2.619561366399267399e+00
9.236523522699581008e+02,7.431364913645477372e+02,-2.619449872917960054e+00
9.232979436295302094e+02,7.429318921795769484e+02,-2.619835882999521637e+00
9.229547922873464358e+02,7.427039792946616217e+02,-2.618100674640778447e+00
9.226123089901468575e+02,7.425253133338533189e+02,-2.617468725287432019e+00
9.222074811494436517e+02,7.423089977927371592e+02,-2.617370220378388623e+00
9.219062986051312691e+02,7.420887249802989345e+02,-2.616294692326861515e+00
9.215419320499784135e+02,7.418948010174736964e+02,-2.616900754212653446e+00
9.211652431465569180e+02,7.416775427849548805e+02,-2.618035644174049992e+00
9.208049927987303818e+02,7.414423355614006823e+02,-2.620233405753790379e+00
9.204396974153869451e+02,7.412473393914143571e+02,-2.617159441997937819e+00
9.200614247393928053e+02,7.410365721325011918e+02,-2.616895593307583479e+00
9.196761254766465754e+02,7.408357307790295181e+02,-2.617359821388435925e+00
9.193258146756182896e+02,7.406673605205115791e+02,-2.617426762229009718e+00
9.189553146421459360e+02,7.404364257539001528e+02,-2.616390835772663070e+00
9.185876252288411479e+02,7.402030921521848086e+02,-2.617439000611498479e+00
9.182290747097613348e+02,7.399946319217366408e+02,-2.615746807438092070e+00
9.178466005805195209e+02,7.397707915281786200e+02,-2.617232648455090960e+00
9.174951568301738689e+02,7.395363845082608805e+02,-2.615591300462513757e+00
9.170948263926417212e+02,7.393112213131468025e+02,-2.617338853082145533e+00
9.167311570981870545e+02,7.391175835036495982e+02,-2.616957889310028040e+00
9.163536276198317410e+02,7.388885375696227129e+02,-2.615841252091681834e+00
9.159917195010624482e+02,7.386910401467207521e+02,-2.616311424521003293e+00
9.156074142887620155e+02,7.384375430812453942e+02,-2.616759942989804077e+00
9.152727214560114817e+02,7.382125420867167804e+02,-2.616045116117630354e+00
9.148903357117827682e+02,7.379992530201575391e+02,-2.614316651218339782e+00
9.145207218551009873e+02,7.377823612425644342e+02,-2.614620315775038506e+00
9.141459813042175711e+02,7.375779790010627721e+02,-2.615946317734022308e+00
9.137598161026176058e+02,7.373866929505446706e+02,-2.617858469408351318e+00
9.133614740263952854e+02,7.371538532904373824e+02,-2.618671874484678419e+00
9.129891772890306356e+02,7.369011851466874532e+02,-2.618485413879099166e+00
9.126293310830460541e+02,7.366889114691156237e+02,-2.619775919500191286e+00
9.122283637547776607e+02,7.364718656056589907e+02,-2.620818545484500550e+00
9.118503185334178625e+02,7.362548571218565030e+02,-2.622590616303091871e+00
9.114790182929234561e+02,7.360372639276283735e+02,-2.623131544794282011e+00
9.111029928929377775e+02,7.358262935247047380e+02,-2.624652006456189124e+00
9.107289301998259816e+02,7.356172247937987549e+02,-2.628507849864869073e+00
9.103502342493317201e+02,7.354059740799516476e+02,-2.629242328485516200e+00
9.099874345309465298e+02,7.352027095165143464e+02,-2.632774448763779862e+00
9.096107928407301415e+02,7.349912155775821248e+02,-2.635421892223160700e+00
9.092373280782746860e+02,7.347750258068322182e+02,-2.636687826416475922e+00
9.088489931472331591e+02,7.345289350341208774e+02,-2.641807582706043878e+00
9.084893542655927376e+02,7.343257034276997501e+02,-2.645390427070628547e+00
9.081288723056700292e+02,7.341553210670913359e+02,-2.647793573543566481e+00
9.077424078998609502e+02,7.339245496868702503e+02,-2.651088642570412546e+00
9.073478039684416672e+02,7.337422188308778459e+02,-2.653515327779809141e+00
9.069892786099284194e+02,7.335463140893473337e+02,-2.655032724975472380e+00
9.066209785234855190e+02,7.333668786351314566e+02,-2.657433172680118805e+00
9.062544218467568271e+02,7.331907567436679756e+02,-2.659113033075088062e+00
9.058984860909083636e+02,7.329652265207660093e+02,-2.661980144015471339e+00
9.055325237411351509e+02,7.327852040847976696e+02,-2.663538499228840006e+00
9.051670577770371438e+02,7.326251186012314065e+02,-2.666698112844370971e+00
9.047965861330062580e+02,7.324518527484760853e+02,-2.669167783773510383e+00
9.044511562046054678e+02,7.322486071241144145e+02,-2.672237061389130197e+00
9.040987106963489168e+02,7.320400613635558784e+02,-2.674585283276282865e+00
9.037247052250504566e+02,7.318796304236517472e+02,-2.676733058260992504e+00
9.033944067271011136e+02,7.317090410880865647e+02,-2.680054010731308445e+00
9.030244124761695730e+02,7.315359303754985376e+02,-2.681188490895783261e+00
9.026791879871315132e+02,7.313794117522124907e+02,-2.683335159930654967e+00
9.023076639674220587e+02,7.311989884757869049e+02,-2.684548707427219405e+00
9.019569675619620739e+02,7.310469550293938710e+02,-2.685630139302725095e+00
9.016344200221057008e+02,7.308491843334373925e+02,-2.685546631227995640e+00
9.012889204496309503e+02,7.306469700488353283e+02,-2.688258107407108799e+00
9.009613049639416431e+02,7.304682826223321399e+02,-2.689596116309116880e+00
9.006059078467158088e+02,7.303169052819840772e+02,-2.688969474132300697e+00
9.002718113633256962e+02,7.301653977031153318e+02,-2.691177318440018951e+00
8.999179627469940215e+02,7.299756949732421845e+02,-2.690891815264501385e+00
8.995876417720721747e+02,7.298241672004273823e+02,-2.692007945282578252e+00
8.992240599634513956e+02,7.296562613439541565e+02,-2.691233151980054306e+00
8.988802448286066920e+02,7.295060530677623092e+02,-2.691241014498447104e+00
8.984972092441847735e+02,7.293084791955163837e+02,-2.692197077001172278e+00
8.981589644362196623e+02,7.291554534699653232e+02,-2.692393554861361782e+00
8.978679478130038660e+02,7.289751352503898261e+02,-2.694031261604908245e+00
8.975031718266557164e+02,7.288210873194501573e+02,-2.695562085289974874e+00
8.972070423364727958e+02,7.286414264451472036e+02,-2.695116331395869924e+00
8.968783017177396459e+02,7.284428207437638321e+02,-2.695002768929074310e+00
8.965475481081724638e+02,7.283212738505847028e+02,-2.696717134484194922e+00
8.962037261470974272e+02,7.281779680404099508e+02,-2.698147842306499733e+00
8.958733024210241638e+02,7.280209113123246425e+02,-2.699127873392628274e+00
8.955395336073248700e+02,7.278571547705604416e+02,-2.700433677774300101e+00
8.952011439315562029e+02,7.276454587840729573e+02,-2.702834616952512814e+00
8.948573763135608488e+02,7.274786281336208731e+02,-2.702685377126244681e+00
8.945260353063958974e+02,7.273486079708727630e+02,-2.705554191915088946e+00
8.941947675254643855e+02,7.271876851580408356e+02,-2.708062510446095139e+00
8.938895339277502217e+02,7.269935194042693638e+02,-2.708439617604564198e+00
8.935431884740128226e+02,7.268541214807919459e+02,-2.707590528298970511e+00
8.931906112315939481e+02,7.266866152848149341e+02,-2.709570834470007128e+00
8.928905066493521190e+02,7.265372114072854401e+02,-2.710865762250432631e+00
8.925332583219275193e+02,7.263950135308753033e+02,-2.713034349376877152e+00
8.921764977585629595e+02,7.262644690845129389e+02,-2.714477582736597672e+00
8.918261679982632586e+02,7.260794524888341357e+02,-2.715960643694828036e+00
8.915011787068278863e+02,7.259221524673697559e+02,-2.716552585341618808e+00
8.911581092301998979e+02,7.257456013096282277e+02,-2.717672729062564851e+00
8.907954521446746412e+02,7.255747390609367358e+02,-2.719312661760982408e+00
8.904375260988560967e+02,7.254367325151297337e+02,-2.719461814268274935e+00
8.900951784493913692e+02,7.252776644015671081e+02,-2.719281422571030671e+00
8.896885476152417596e+02,7.251142590449954923e+02,-2.721915610353860426e+00
8.893303984634835615e+02,7.249822896970805459e+02,-2.722576287561034647e+00
8.889793463411871244e+02,7.248095166869750301e+02,-2.722106765643442561e+00
8.886736146431699126e+02,7.246609570144099735e+02,-2.721096026281327074e+00
8.882785291303457598e+02,7.245102607194974098e+02,-2.722121163390966991e+00
8.879125671212510724e+02,7.243457727467028917e+02,-2.722326062114541312e+00
8.875356565223643202e+02,7.242074271297669839e+02,-2.724281905997004039e+00
8.871594680164432702e+02,7.240170355381296758e+02,-2.723353078062640709e+00
8.868119948850036280e+02,7.238406941192373552e+02,-2.723540349078945599e+00
8.864013321538549235e+02,7.236378128147082407e+02,-2.725217226660706871e+00
8.860204890699981206e+02,7.234731349421826962e+02,-2.726171243585216786e+00
8.856367774540559594e+02,7.233061670505802567e+02,-2.727665856500201880e+00
8.852348141443520717e+02,7.231368734641678202e+02,-2.729062518878252241e+00
8.848847147789002747e+02,7.229706761695016439e+02,-2.728702303098159199e+00
8.844956833469116191e+02,7.227888112997761709e+02,-2.729625675048512612e+00
8.840900218022541139e+02,7.226118907493677170e+02,-2.733317228097570606e+00
8.836981601916584168e+02,7.224468524526290594e+02,-2.732397989792306969e+00
8.832770762942947158e+02,7.222691729820571709e+02,-2.733622772124679301e+00
8.828907767799593103e+02,7.220910699208520782e+02,-2.733252150421205506e+00
8.824758755361331168e+02,7.219182163385697777e+02,-2.736215857592004586e+00
8.820759018169593446e+02,7.217585262258937746e+02,-2.736668927456876066e+00
8.816692453543643069e+02,7.216293701052169354e+02,-2.737471456951858340e+00
8.812492354483575809e+02,7.214574230094303857e+02,-2.737318611188430229e+00
8.808906434894373660e+02,7.212559638370850053e+02,-2.738178507613840296e+00
8.804410661891308791e+02,7.210711770364180211e+02,-2.739993027966879158e+00
8.800386225396531472e+02,7.208968223166046982e+02,-2.740838639397188636e+00
8.796288417780141344e+02,7.207255505970503009e+02,-2.740181541811013588e+00
8.792089565243231846e+02,7.205325861071513600e+02,-2.741815576391405607e+00
8.788015413252353483e+02,7.203654732435550159e+02,-2.739773425053920963e+00
8.784139736154145339e+02,7.202348250515035488e+02,-2.740284929953991089e+00
8.779531440551406831e+02,7.200804846239092285e+02,-2.740373155227498358e+00
8.775639147768641806e+02,7.198684244712287637e+02,-2.740633403717899874e+00
8.771632121038119294e+02,7.196876426928843102e+02,-2.741418829567000781e+00
8.767269846064226613e+02,7.194840949220143784e+02,-2.742237120086393531e+00
8.763089975651807890e+02,7.193303994224776261e+02,-2.741713561303758429e+00
8.758740086909531328e+02,7.191345354242339454e+02,-2.741032790406797037e+00
8.755268599128360165e+02,7.189886675097538955e+02,-2.740366041821109100e+00
8.751078571029501063e+02,7.188043787749040803e+02,-2.741371138224262261e+00
8.747354083346591551e+02,7.186646947920311277e+02,-2.740723869718488359e+00
8.742950026321331052e+02,7.184910389701846043e+02,-2.739494678667295346e+00
8.738941120032216077e+02,7.183183068972227829e+02,-2.739783680096475660e+00
8.734881031441276491e+02,7.180980309304155753e+02,-2.740811312538045108e+00
8.730874712412112331e+02,7.179171762803428010e+02,-2.739956286609714908e+00
8.726562723995831448e+02,7.177348653711327415e+02,-2.739478689946466705e+00
8.722563594984763995e+02,7.175623440465334397e+02,-2.739604912979831663e+00
8.718783486361963924e+02,7.173880218026140483e+02,-2.738670438960350673e+00
8.714795027340827573e+02,7.172231007487913530e+02,-2.736923614589061859e+00
8.710763156006989902e+02,7.170655178335962319e+02,-2.735235645167537921e+00
8.706989170278606025e+02,7.168599916354729658e+02,-2.735396416308222278e+00
8.702780628535582537e+02,7.166903104758093832e+02,-2.734673469683579050e+00
8.698966088824163307e+02,7.164840071327096211e+02,-2.734505928126490737e+00
8.695003386830167074e+02,7.163243071318242983e+02,-2.732834062091325400e+00
8.691029707539055380e+02,7.161606611188267379e+02,-2.732026456294845307e+00
8.687169772332994171e+02,7.159578068447202668e+02,-2.732626026087624282e+00
8.683223198188674132e+02,7.158090733301546607e+02,-2.731599239744451513e+00
8.679030715372261966e+02,7.156111167265478343e+02,-2.730824174586077735e+00
8.675068281927511862e+02,7.154468214792420895e+02,-2.729680824277130657e+00
8.671189798166149103e+02,7.152566669882136239e+02,-2.729616473404530730e+00
8.667574513770398426e+02,7.150889234799554970e+02,-2.729359381967672249e+00
8.663456813035525101e+02,7.148960503121714964e+02,-2.729011989717136988e+00
8.659934865391657013e+02,7.147437602717930076e+02,-2.729369773746933792e+00
8.655821954953373734e+02,7.145923202181342049e+02,-2.728845010308625696e+00
8.652116837554874564e+02,7.144060851195828263e+02,-2.728252621974297298e+00
8.648236838955738222e+02,7.142369080248117825e+02,-2.728842282656553930e+00
8.644335595396079270e+02,7.140317016200435773e+02,-2.729269534863449476e+00
8.640779886095380107e+02,7.138626502550213218e+02,-2.727410660144043764e+00
8.636999546854962091e+02,7.137289022280502877e+02,-2.727015078210102139e+00
8.633253350120040750e+02,7.135581492098442595e+02,-2.726360323781189088e+00
8.629456441225719345e+02,7.133944088262775267e+02,-2.726275660201403994e+00
8.625776808642831384e+02,7.132469913538944866e+02,-2.725312255069593625e+00
8.621991195626524132e+02,7.130681295541471627e+02,-2.724995113383629430e+00
8.618084123725242307e+02,7.128875759731241715e+02,-2.726214322152168190e+00
8.614588567191993889e+02,7.127198170127442154e+02,-2.727314719449409619e+00
8.610778163051917318e+02,7.125171460423852068e+02,-2.729246462867921608e+00
8.606947651997467119e+02,7.123373560038924097e+02,-2.731687300929127371e+00
8.603026723714958734e+02,7.121931095839114505e+02,-2.731158458325040339e+00
8.599360806170491287e+02,7.120590303544431663e+02,-2.731794281613031394e+00
8.595816391079409868e+02,7.118977472946123726e+02,-2.733881692795078866e+00
8.591989885595811529e+02,7.117371018547347603e+02,-2.734113272394611993e+00
8.588163386360228060e+02,7.115658418281713011e+02,-2.735455055643267741e+00
8.584562299532781253e+02,7.114004352704297389e+02,-2.737897463972308376e+00
8.580949576890216122e+02,7.112135545249143433e+02,-2.738937765895168575e+00
8.577017177449690735e+02,7.110642554779731199e+02,-2.740590492789455546e+00
8.573519541935916095e+02,7.109501337541136081e+02,-2.740981539983829318e+00
8.569874162095394468e+02,7.107834223235149693e+02,-2.743375013812216157e+00
8.566432818172860379e+02,7.106258658814416549e+02,-2.745403936995040262e+00
8.562787748021282823e+02,7.104677809263137078e+02,-2.745602750999529995e+00
8.559154941510657864e+02,7.103390224053433712e+02,-2.746957916899376961e+00
8.555787044621366704e+02,7.102001456007187699e+02,-2.750353336082859812e+00
8.552284862831897954e+02,7.100406094392542400e+02,-2.753640559036251378e+00
8.549127216468101551e+02,7.099255141292466078e+02,-2.755407405791268527e+00
8.545822011992131593e+02,7.097720189089023961e+02,-2.759381022639167291e+00
8.542558653892688199e+02,7.096592061557345232e+02,-2.761630954121596204e+00
8.539374172602182398e+02,7.095501203008418543e+02,-2.763479727318000290e+00
8.536523767379206902e+02,7.094255889522679581e+02,-2.763843612529362836e+00
8.533767738339361131e+02,7.093307121172960024e+02,-2.764933582441008397e+00
8.530766826139249588e+02,7.092093538876059711e+02,-2.765423454768775269e+00
8.528028682494865507e+02,7.090907434871725172e+02,-2.766763664680953916e+00
8.525448751853062959e+02,7.089839152361814740e+02,-2.766049211491583559e+00
8.522824145621248135e+02,7.088768433481891407e+02,-2.765156327997524421e+00
8.520450886816006459e+02,7.087867793505897680e+02,-2.762632757280875317e+00
8.517883262965808626e+02,7.086846941066017962e+02,-2.759901469483180492e+00
8.515829095300630343e+02,7.086043758307955613e+02,-2.757001212703264592e+00
8.513139106450588542e+02,7.084886851560567038e+02,-2.754022182054569612e+00
8.511064395830387639e+02,7.083856907080149767e+02,-2.752000097785438637e+00
8.508633600630787441e+02,7.082913731796480761e+02,-2.748035189533220013e+00
8.506418228015737668e+02,7.081804795323185999e+02,-2.743579432191604717e+00
8.503984133324997856e+02,7.080810981344084212e+02,-2.736973827962823513e+00
8.501941358845186869e+02,7.079651963432585262e+02,-2.731651412078376140e+00
8.499550050956338509e+02,7.078734621786948082e+02,-2.725374697791194567e+00
8.497439631067603614e+02,7.077685363802919483e+02,-2.715779096881538734e+00
8.494705310228487178e+02,7.076610613965110588e+02,-2.706113967957110678e+00
8.492569336613074711e+02,7.075561314955763237e+02,-2.698266701995041483e+00
8.490400409097344436e+02,7.074094926077938226e+02,-2.690169344897674009e+00
8.488245207016979066e+02,7.072929582273019378e+02,-2.682939695840195427e+00
8.485745857132841365e+02,7.071584388898602356e+02,-2.675529266310455512e+00
8.483259111741065226e+02,7.070218005273681001e+02,-2.667649397196232286e+00
8.481328652524754261e+02,7.068827149982549827e+02,-2.660919906198664364e+00
8.479275360549053175e+02,7.067263512364665985e+02,-2.654719197253618823e+00
8.476566633560497621e+02,7.065855578682534315e+02,-2.648550910286073368e+00
8.474330244709215094e+02,7.064567374995345972e+02,-2.640876883683203946e+00
8.471860478470717908e+02,7.063327011338100192e+02,-2.636597201510354704e+00
8.469355956497295210e+02,7.061998027699219165e+02,-2.633308958589369198e+00
8.466932719240672895e+02,7.060453327642497925e+02,-2.631365538118380698e+00
8.464477967199632076e+02,7.059106312157086904e+02,-2.630354122055758470e+00
8.462083812538713801e+02,7.057426891689292461e+02,-2.628827761678850017e+00
8.459235988935316755e+02,7.055848554921868754e+02,-2.629224951478738248e+00
8.456825167171751900e+02,7.054721076905186692e+02,-2.628590129199406711e+00
8.454199866576873319e+02,7.053090118356408311e+02,-2.628987144222929118e+00
8.451608774372815560e+02,7.051357825132851076e+02,-2.628949874689265442e+00
8.448888978936864760e+02,7.049808761040442278e+02,-2.628977048218468671e+00
8.445954743868074956e+02,7.048400941056975171e+02,-2.629645541157768385e+00
8.443073761995738096e+02,7.046925739366363359e+02,-2.631750301372687062e+00
8.440365405259151430e+02,7.045313104927809036e+02,-2.632522317998578387e+00
8.437459594897400166e+02,7.043985127948369609e+02,-2.636424793235551345e+00
8.434673511763762690e+02,7.042428868261330308e+02,-2.639796221508415641e+00
8.431897985210439401e+02,7.040648387527995737e+02,-2.641817787147688446e+00
8.428738051235160356e+02,7.038890685855964193e+02,-2.645831133988906014e+00
8.425948803324824894e+02,7.037440162803959538e+02,-2.649729567020282062e+00
8.422974370449041999e+02,7.035856973609373881e+02,-2.652694957099019479e+00
8.419661721708034747e+02,7.034099218025696700e+02,-2.656601869318183873e+00
8.416564070149398731e+02,7.032522490642681987e+02,-2.662997136373276508e+00
8.413601633160354822e+02,7.031019347060517930e+02,-2.668270600049683416e+00
8.409663231896416846e+02,7.029414644975064448e+02,-2.674491696873896540e+00
8.406525250123701198e+02,7.028010918295900638e+02,-2.679883962582775503e+00
8.403164577622538900e+02,7.026424312128162910e+02,-2.686718221008197460e+00
8.400036932126782858e+02,7.024859172539632937e+02,-2.692395237904893435e+00
8.396589865440535050e+02,7.023208657427223898e+02,-2.699576340439495681e+00
8.393034925624489233e+02,7.021730724305460853e+02,-2.706162810274210795e+00
8.389270988866232983e+02,7.020110200680645676e+02,-2.712391998523303371e+00
8.386085272760427642e+02,7.018824944397060790e+02,-2.718536216471482359e+00
8.382606126830924040e+02,7.017241388992492830e+02,-2.725126637616136271e+00
8.378924943238213245e+02,7.015707602088943986e+02,-2.730533049791696421e+00
8.375111076677518440e+02,7.014038538764385748e+02,-2.736242374818884215e+00
8.371323751426342596e+02,7.012498275490756896e+02,-2.739120501976276323e+00
8.367498242803640096e+02,7.011115527086843713e+02,-2.742156686706700430e+00
8.363586644022943801e+02,7.009389852798371976e+02,-2.742728112815401964e+00
8.359937740755634650e+02,7.007993294177208554e+02,-2.744729781158481430e+00
8.356096444519340594e+02,7.006211600444216856e+02,-2.744514086333364133e+00
8.352269638696202492e+02,7.004721029569770963e+02,-2.746568506701525081e+00
8.348169671214615164e+02,7.003044358159818330e+02,-2.746540597214265134e+00
8.344165289696834407e+02,7.001405716007940327e+02,-2.749136281421026951e+00
8.339954647325519090e+02,6.999587711285464593e+02,-2.748441389972832827e+00
8.335954047537726410e+02,6.997818218187543380e+02,-2.750692480547995089e+00
8.331745907830509168e+02,6.996231748428207311e+02,-2.750185627481321671e+00
8.327738210043800109e+02,6.994449095755721828e+02,-2.752509317784114007e+00
8.323533706435205204e+02,6.992732123686613477e+02,-2.752227889585926235e+00
8.319711144328474575e+02,6.991121973642115108e+02,-2.752833725921310037e+00
8.315314715526450300e+02,6.989116499124739903e+02,-2.754436610847147193e+00
8.311006659251876272e+02,6.987343253349587258e+02,-2.755186812129007734e+00
8.306956510740509430e+02,6.985926315630553063e+02,-2.753925159102338593e+00
8.302338791845929791e+02,6.984189784168319193e+02,-2.753255902970222380e+00
8.298014640091688534e+02,6.982343683694872425e+02,-2.754189073554251355e+00
8.293397803386170608e+02,6.980374635280818438e+02,-2.752006887008637381e+00
8.289001083606723341e+02,6.978543520018190520e+02,-2.750378403331501964e+00
8.284328125079520078e+02,6.976570502351105461e+02,-2.748783701017293524e+00
8.280021678614909888e+02,6.974809786107950913e+02,-2.748942856426911163e+00
8.275315593823770541e+02,6.973140782976223591e+02,-2.747888419519132874e+00
8.271126095768722735e+02,6.971337611874877211e+02,-2.746241142222476395e+00
8.266580295825270923e+02,6.969221513965733266e+02,-2.746810548123911566e+00
8.262160020610174342e+02,6.967366235906174552e+02,-2.747473045367899491e+00
8.257909944337797015e+02,6.965301989885591638e+02,-2.746793260695988614e+00
8.253214129704451807e+02,6.963438029201330437e+02,-2.746642242182190330e+00
8.248755133583802035e+02,6.961733475025887401e+02,-2.746272583998397465e+00
8.244303512813664838e+02,6.959715772519048187e+02,-2.746294836308427634e+00
8.239538869550979143e+02,6.957708234218284815e+02,-2.745714317622805822e+00
8.235432023496052807e+02,6.955823555857743941e+02,-2.746844940365096743e+00
8.230985504997929638e+02,6.953752241750879648e+02,-2.747024796453610307e+00
8.226065776710809132e+02,6.951799603135834786e+02,-2.747984955826805020e+00
8.221919168082280294e+02,6.949914736517222309e+02,-2.747583040926711018e+00
8.217199041485832822e+02,6.947790407920492726e+02,-2.749876908777777906e+00
8.212809034659148892e+02,6.946095249703672607e+02,-2.750341537488945498e+00
8.208150743866639232e+02,6.944216058650808918e+02,-2.753052278157193999e+00
8.203478153683231540e+02,6.942296566480251840e+02,-2.754506865362694512e+00
8.199092979010447380e+02,6.940628091915929190e+02,-2.758528318300018434e+00
8.194896334619448908e+02,6.938972035696278908e+02,-2.760475483481330095e+00
8.190209269191918793e+02,6.937034939514730922e+02,-2.763699514647148803e+00
8.185549202254545662e+02,6.935444512650134357e+02,-2.767043405778318643e+00
8.181077878814144242e+02,6.933260350531155609e+02,-2.771000076790653743e+00
8.176382264673758300e+02,6.931059039161527835e+02,-2.772612010705325591e+00
8.172300710939302917e+02,6.929445993578225398e+02,-2.774962935643972450e+00
8.167709438877019466e+02,6.927443124847245599e+02,-2.775611689813959782e+00
8.163792454188488819e+02,6.925914567234912056e+02,-2.777127490043466373e+00
8.159225739481953497e+02,6.924236502436363025e+02,-2.782532277173514146e+00
8.154737940539700958e+02,6.922953473234233570e+02,-2.785280858126006898e+00
8.150657152366923128e+02,6.921413979966508805e+02,-2.787119847784934823e+00
8.146281247562908447e+02,6.919500291229608138e+02,-2.790612236758202691e+00
8.141975175452806752e+02,6.917713024393973456e+02,-2.794034302248432411e+00
8.137374191993372960e+02,6.915759334303463675e+02,-2.795285677973256000e+00
8.133012013627284205e+02,6.914094547893820391e+02,-2.796584900493646941e+00
8.128592439253902739e+02,6.912534941958768968e+02,-2.796560888361734776e+00
8.124020885499971882e+02,6.910858854005604144e+02,-2.798331544406993387e+00
8.119514007321895406e+02,6.909520917153070059e+02,-2.800105666695361428e+00
8.115105454667235563e+02,6.907788880706627879e+02,-2.801512676446392458e+00
8.110705017489726742e+02,6.905756817075706522e+02,-2.802505596314239789e+00
8.106448739726415624e+02,6.904356797403191877e+02,-2.803924888965341200e+00
8.102342015850803136e+02,6.902836191989238159e+02,-2.803850346022847440e+00
8.097997578164912511e+02,6.901558717334049788e+02,-2.806964992119248326e+00
8.093692595734494262e+02,6.900134971259138865e+02,-2.809487636309873082e+00
8.089011441149690427e+02,6.898371360262939334e+02,-2.811878938706378062e+00
8.085065225390605974e+02,6.896676716010318842e+02,-2.814467798228213358e+00
8.080827299585942001e+02,6.895065490362719629e+02,-2.815201170661879804e+00
8.076215856501017925e+02,6.893893856759482333e+02,-2.819164960174126655e+00
8.071791248255025266e+02,6.892564909541221141e+02,-2.821011083259317598e+00
8.067487332464012297e+02,6.891583581411200612e+02,-2.823729030803513673e+00
8.062940434768820523e+02,6.890251942566702610e+02,-2.826673815975534243e+00
8.058808917385363202e+02,6.888831430410560870e+02,-2.828213622666257532e+00
8.054016340287714684e+02,6.887143355887175176e+02,-2.832070272901387575e+00
8.049785855955014995e+02,6.885861891323038435e+02,-2.833490816506775811e+00
8.045263513891287630e+02,6.884559221825118129e+02,-2.836979328186044480e+00
8.040947596228651264e+02,6.883212560103218038e+02,-2.839973363857008604e+00
8.036531507464495689e+02,6.882003480262003450e+02,-2.842365091330101734e+00
8.032188081761311196e+02,6.880528936172187287e+02,-2.842907512401895431e+00
8.027660642468218839e+02,6.879232984048845765e+02,-2.844443095402774180e+00
8.023268904984802248e+02,6.877948422894128271e+02,-2.843892048333046318e+00
8.019126915497793107e+02,6.876642017760857470e+02,-2.845644062746238490e+00
8.014918110841285852e+02,6.875188344503166036e+02,-2.846488879919161441e+00
8.010548080402226105e+02,6.873763948281152807e+02,-2.846431425449031050e+00
8.006179827465375638e+02,6.872459032426988870e+02,-2.846680022773377949e+00
8.001745078020818482e+02,6.871204702867214564e+02,-2.848129847767034928e+00
7.997220340760217141e+02,6.869885959546236336e+02,-2.849710639232024612e+00
7.992991675377918455e+02,6.868179667873108656e+02,-2.850286125265057535e+00
7.988709641374949797e+02,6.866899695959184555e+02,-2.851872642512489175e+00
7.983724180317155970e+02,6.865352294576292707e+02,-2.853752736650429611e+00
7.979343080767348511e+02,6.863996563652958685e+02,-2.855531649555121287e+00
7.975011295357522840e+02,6.862886478846022555e+02,-2.857376375676148328e+00
7.970909404846045163e+02,6.861907016975135321e+02,-2.858250125477639347e+00
7.965937986670373903e+02,6.860377505528251731e+02,-2.859838771065255525e+00
7.961233237404220517e+02,6.858903563273744339e+02,-2.862241152484900297e+00
7.957348617159344712e+02,6.857519622190351356e+02,-2.863246395056632920e+00
7.953087201967365445e+02,6.856478673212818649e+02,-2.863935823640419542e+00
7.948297447080051370e+02,6.855084131684359363e+02,-2.864671093656300904e+00
7.943670931305935028e+02,6.853718768105247818e+02,-2.866555723268024991e+00
7.938821679534549958e+02,6.852299976349547705e+02,-2.867807017167952388e+00
7.934494685684273918e+02,6.850960441734468986e+02,-2.869270096976007878e+00
7.930362469531996794e+02,6.849434425332615319e+02,-2.868552713020759537e+00
7.925816769624434528e+02,6.848232168788483705e+02,-2.869709843711846453e+00
7.921544422132529917e+02,6.846730066393678271e+02,-2.868675721404618795e+00
7.916996383767574343e+02,6.845913368272074422e+02,-2.868420396521297544e+00
7.912298887890675587e+02,6.844662850509372447e+02,-2.869338612636330499e+00
7.907891220556205099e+02,6.843392528572256879e+02,-2.869670695811189276e+00
7.903129595446199573e+02,6.842016395218741991e+02,-2.869624616578861698e+00
7.898819751292140836e+02,6.840925880502483096e+02,-2.869471147618658069e+00
7.894356636758302557e+02,6.839187248602198679e+02,-2.868472109527903768e+00
7.889841971413137571e+02,6.837899331178784905e+02,-2.867388863905000029e+00
7.885072885857907750e+02,6.836697528729887381e+02,-2.868542124750572242e+00
7.880743529686405964e+02,6.835582026323073705e+02,-2.870643996749364213e+00
7.876155447979369910e+02,6.834288702454105078e+02,-2.871766747517650042e+00
7.871307965720442326e+02,6.833089805935976528e+02,-2.874290984741301180e+00
7.866646580262786301e+02,6.831852857611834224e+02,-2.875833726516345390e+00
7.861997352550258711e+02,6.830463673192613214e+02,-2.875388157077299667e+00
7.857443334119976726e+02,6.829210405424989858e+02,-2.875698180936351545e+00
7.852841270652180583e+02,6.827873077971089515e+02,-2.877671562936235272e+00
7.848182520109528468e+02,6.826643197822802449e+02,-2.879165378403522269e+00
7.843476323795562166e+02,6.825581206268878987e+02,-2.880316929107598067e+00
7.838519902842801912e+02,6.824428007965194638e+02,-2.879903175806526772e+00
7.834150682865725912e+02,6.823318400268309460e+02,-2.880105626965180132e+00
7.829495188525470439e+02,6.821821909957460548e+02,-2.880682448595718537e+00
7.824676341041997603e+02,6.820376361578521482e+02,-2.882444298548029415e+00
7.820035436131447568e+02,6.819155758476273377e+02,-2.883090707331519731e+00
7.815273682384679432e+02,6.817858459991354039e+02,-2.883501812305731438e+00
7.810412147922844497e+02,6.816933392611599629e+02,-2.883543061898826476e+00
7.805633620297041944e+02,6.815412465182703272e+02,-2.884199385039188268e+00
7.800328306410755204e+02,6.813883112455550872e+02,-2.883986745679004482e+00
7.795808512908228067e+02,6.812552417714672401e+02,-2.884474732402819708e+00
7.791085456161493994e+02,6.810890009198981261e+02,-2.883372250776936152e+00
7.786082671719801738e+02,6.809766024845783932e+02,-2.883805226115935483e+00
7.781120213069821148e+02,6.808532042054604290e+02,-2.883284018010736638e+00
7.776291874913406446e+02,6.807318129327504721e+02,-2.882823987136128085e+00
7.771219642542853308e+02,6.805775092111816775e+02,-2.882051809424289956e+00
7.766305383141062748e+02,6.804544504785939125e+02,-2.881959742967109772e+00
7.761326868188269827e+02,6.802989196108522947e+02,-2.881133894151770569e+00
7.755962822173396489e+02,6.801414159476489658e+02,-2.879784758790541854e+00
7.750934030699758068e+02,6.800173816838193943e+02,-2.879367197081099672e+00
7.745865813634753749e+02,6.799139496960835913e+02,-2.877654721516018199e+00
7.740741555123552189e+02,6.797643460043906316e+02,-2.876053313793065058e+00
7.735415060278978672e+02,6.796142365698253798e+02,-2.873820678746864310e+00
7.730049971795565398e+02,6.794433585221021303e+02,-2.871283342296420571e+00
7.725053019915519599e+02,6.792699602294666192e+02,-2.866840098955627525e+00
7.719621300026817607e+02,6.791031000977528720e+02,-2.863117152462449688e+00
7.714406888605802806e+02,6.789608827605652550e+02,-2.858930915372619452e+00
7.709080356080886531e+02,6.787943242282226493e+02,-2.853434576533792288e+00
7.704098203015686295e+02,6.786207654236203553e+02,-2.848263464963682434e+00
7.699065575062081734e+02,6.784245150260198898e+02,-2.845358268803728219e+00
7.693597123212518909e+02,6.782333508387210941e+02,-2.838834166952624027e+00
7.688434058111056402e+02,6.780273931946444463e+02,-2.834188865006829872e+00
7.683208430229776695e+02,6.778475517254879605e+02,-2.828461865331747926e+00
7.677747901060702134e+02,6.776780918194094738e+02,-2.824407163084915684e+00
7.672236385036296724e+02,6.774732711483326284e+02,-2.818856379897958675e+00
7.667145529866511424e+02,6.772583405541878392e+02,-2.814805697184700861e+00
7.661640559458013513e+02,6.770536747913513409e+02,-2.811371631561893736e+00
7.656536486230585297e+02,6.768479667702873712e+02,-2.806517021792313660e+00
7.651168820303003031e+02,6.766669359927899450e+02,-2.801081700008349440e+00
7.645649870132590422e+02,6.764663417180788656e+02,-2.797445848618410835e+00
7.640257216976019663e+02,6.762416818941073871e+02,-2.793832320616738141e+00
7.634668401758760865e+02,6.760341941855527921e+02,-2.789789794352348640e+00
7.629173441561530353e+02,6.757960444115194605e+02,-2.784906038730972089e+00
7.624114493561506833e+02,6.755979590831925634e+02,-2.780005412575818013e+00
7.618428107144202386e+02,6.754198575050380668e+02,-2.775465956570852377e+00
7.613024041740883376e+02,6.752121140571251772e+02,-2.770920216193368368e+00
7.607858102648095837e+02,6.749929186801051628e+02,-2.767222530549364734e+00
7.602529280849576026e+02,6.747946324342077560e+02,-2.763318114704761630e+00
7.597003790988321725e+02,6.745305392131706412e+02,-2.758198973708727575e+00
7.591609602417893257e+02,6.743204223801702710e+02,-2.754517439751981822e+00
7.586645183985602898e+02,6.741061471095040361e+02,-2.748435345553184916e+00
7.581262874727219696e+02,6.738975654941577886e+02,-2.742870374446960025e+00
7.575771424680956443e+02,6.736581723594181312e+02,-2.738813127463294972e+00
7.570764506626111370e+02,6.734458137527407189e+02,-2.734095252515733154e+00
7.565356425544474632e+02,6.731662341696780913e+02,-2.730283867988362534e+00
7.560393135937572424e+02,6.729590778145940249e+02,-2.722735988098613724e+00
7.554817093922554250e+02,6.727221543857573351e+02,-2.716742225581642245e+00
7.549754271034868225e+02,6.724817518527499942e+02,-2.710842614784408688e+00
7.544732092297144845e+02,6.722448452728849588e+02,-2.705076172205493901e+00
7.539922452853162440e+02,6.719748593522843976e+02,-2.699360278566633742e+00
7.534916255299351633e+02,6.716983838620708411e+02,-2.694885378857879044e+00
7.530276220227143540e+02,6.714485427000898881e+02,-2.689201271220144740e+00
7.524940721736865044e+02,6.711908573543664716e+02,-2.684327572928706829e+00
7.520119855805829729e+02,6.709376379249409865e+02,-2.679352747633147125e+00
7.515134679488373877e+02,6.706863587070002950e+02,-2.674288741637731892e+00
7.510299386310147156e+02,6.703992366481728595e+02,-2.668450722992294022e+00
7.505755842324258538e+02,6.701088969284634231e+02,-2.664300162446469500e+00
7.501065998302859725e+02,6.698634184329866912e+02,-2.658140082129374804e+00
7.496006204928005445e+02,6.696052826208608622e+02,-2.651056397336898129e+00
7.490965318986993680e+02,6.693488260610484986e+02,-2.646279518828746902e+00
7.485996468993361077e+02,6.690911978498706958e+02,-2.641977496321743057e+00
7.481332232255697363e+02,6.688048507308916442e+02,-2.636359093211589233e+00
7.477009430199054805e+02,6.685124660807188093e+02,-2.631592616023567199e+00
7.472564739256968096e+02,6.682308491520670941e+02,-2.624985153225690038e+00
7.467718413869415599e+02,6.679543656450774733e+02,-2.620580983992969237e+00
7.463012581453538132e+02,6.676597546986273528e+02,-2.618330951296578668e+00
7.458120670118707949e+02,6.673951238600220677e+02,-2.615966856311684019e+00
7.453830099923438866e+02,6.671222209435100012e+02,-2.613241608473141575e+00
7.449189602495245026e+02,6.668313527300772421e+02,-2.609363706293483354e+00
7.444619538006502353e+02,6.665294251970094592e+02,-2.603658766944132896e+00
7.440134211710707177e+02,6.662396068820561368e+02,-2.596334802367198158e+00
7.435825955944679890e+02,6.659437754295729519e+02,-2.590015538803997597e+00
7.431572188961159782e+02,6.656372652043952485e+02,-2.583825932769435951e+00
7.427214704870586957e+02,6.653557546572204728e+02,-2.577705548814327230e+00
7.422666362794018369e+02,6.650699824174822652e+02,-2.572965636164435743e+00
7.418221503469630989e+02,6.647767076545560485e+02,-2.566425297789383997e+00
7.413858589026865502e+02,6.644444374460832705e+02,-2.559160223656155253e+00
7.409283103732130940e+02,6.641363103315761691e+02,-2.556453748999110154e+00
7.404667659505256552e+02,6.638272561212464780e+02,-2.550700051289406467e+00
7.400393049458012911e+02,6.635197447864006790e+02,-2.544611795241103369e+00
7.396160710732995085e+02,6.631914272914522144e+02,-2.536846051136861568e+00
7.391313622716727423e+02,6.629029964438110483e+02,-2.530512877701393215e+00
7.387086642731742359e+02,6.625899009005137259e+02,-2.524466909885764832e+00
7.382607462266187213e+02,6.622438562470410943e+02,-2.518096751281129198e+00
7.378128893852604051e+02,6.619268665216031877e+02,-2.511391972573735920e+00
7.373540182592294059e+02,6.615913618604049589e+02,-2.505466804530755098e+00
7.369106723782938388e+02,6.612719006897762029e+02,-2.500401702554565286e+00
7.364591995453982918e+02,6.609268081595594140e+02,-2.493981588073209021e+00
7.360069523406220924e+02,6.606363222879207342e+02,-2.488458954026866010e+00
7.355846848601081547e+02,6.603020748210304873e+02,-2.482214242433394613e+00
7.351525995689215733e+02,6.599279184562219598e+02,-2.475297242008313692e+00
7.347217482687397023e+02,6.595660934099814767e+02,-2.468136744251804959e+00
7.342811013652535621e+02,6.592367922096257189e+02,-2.462958320119555733e+00
7.338374039597639467e+02,6.588992019217968164e+02,-2.456043312953821278e+00
7.334062043495019907e+02,6.584844730325431783e+02,-2.448516282319582071e+00
7.330453780122325043e+02,6.581061404232117411e+02,-2.441102366235019527e+00
7.326145780307041377e+02,6.577251012408121369e+02,-2.435561234017295185e+00
7.322080841785484608e+02,6.573421257041724175e+02,-2.428689397248418480e+00
7.317427040592276626e+02,6.569634487048710980e+02,-2.422545196486565189e+00
7.313177379317495479e+02,6.565852896055404244e+02,-2.416516827420409186e+00
7.309232162736337841e+02,6.562133597952952186e+02,-2.409787342492923479e+00
7.305491101809462862e+02,6.558196192520264276e+02,-2.403136383831924405e+00
7.301101518121932941e+02,6.554300627401985366e+02,-2.397212802746633731e+00
7.296833282219408829e+02,6.550832671412118771e+02,-2.390248268744135984e+00
7.293093232598871509e+02,6.546950683517079597e+02,-2.385172691999517092e+00
7.288991091484020899e+02,6.542842270026756069e+02,-2.378410605230409036e+00
7.284913714430780374e+02,6.538696477717402331e+02,-2.372491051694103792e+00
7.280853772397232433e+02,6.534474201449124848e+02,-2.364770569804065747e+00
7.276918304850579489e+02,6.530513165140264391e+02,-2.357336332819640834e+00
7.272950733204211247e+02,6.526599732988499909e+02,-2.350358938266475572e+00
7.269093278368875417e+02,6.522390100142135907e+02,-2.344459105974080693e+00
7.265741429866806129e+02,6.518270929770069415e+02,-2.338764337646408453e+00
7.262028599062118701e+02,6.514239786149370275e+02,-2.333501282799662402e+00
7.258164622817494092e+02,6.509973549863501603e+02,-2.327368365101134540e+00
7.253991362926897182e+02,6.505997974463901983e+02,-2.322632384338395806e+00
7.250386857537837386e+02,6.502180784468877164e+02,-2.318407453952542774e+00
7.246733560452342999e+02,6.497791737922320863e+02,-2.312905421182658738e+00
7.243337599437585368e+02,6.493682480842201130e+02,-2.308469270522218064e+00
7.239806781548929848e+02,6.489444358318722834e+02,-2.304303767131611114e+00
7.235942773572759279e+02,6.485152516013614559e+02,-2.300651822327676399e+00
7.232336254319816362e+02,6.480985049556838931e+02,-2.296169872683436974e+00
7.228861974173382805e+02,6.476572171118331198e+02,-2.290353197469703783e+00
7.225023812160101215e+02,6.472234970725295398e+02,-2.285456788823961194e+00
7.221902093153614715e+02,6.467696101138750464e+02,-2.280511182577204199e+00
7.218098883563681056e+02,6.463545094765452177e+02,-2.274860777669209355e+00
7.214529993563002108e+02,6.459222752283275213e+02,-2.270039506452298017e+00
7.210747618952292441e+02,6.454894024719781100e+02,-2.265973976565010428e+00
7.207536666752313295e+02,6.450463066762937387e+02,-2.261522694144136647e+00
7.204159517695748036e+02,6.445805182768052646e+02,-2.255985401274875457e+00
7.200308056416729414e+02,6.441119043200679926e+02,-2.250783179369900466e+00
7.196652885509839734e+02,6.436817100281506328e+02,-2.246369436404990871e+00
7.193162699995457388e+02,6.432032996692654478e+02,-2.240349316916556255e+00
7.190033990398109154e+02,6.427514061670951833e+02,-2.235596338843826469e+00
7.186219305439457230e+02,6.423097470567360006e+02,-2.230586860503120494e+00
7.182768110632127900e+02,6.418470195745323963e+02,-2.226190005381662118e+00
7.179454005050992009e+02,6.414050769218365531e+02,-2.221423527976273959e+00
7.175895480495437369e+02,6.409481755323786274e+02,-2.217442529840119025e+00
7.172595378346445614e+02,6.404537842282494466e+02,-2.214270594203262998e+00
7.169174595570193560e+02,6.399722296881579950e+02,-2.209614044534449651e+00
7.165529895058944021e+02,6.394832115968692960e+02,-2.207352495283906091e+00
7.162055372420296635e+02,6.390248374723977349e+02,-2.203769040642018950e+00
7.158477100089743317e+02,6.385179798659714834e+02,-2.201003471688429691e+00
7.154665343745015207e+02,6.380002248148589388e+02,-2.199829073335795027e+00
7.151497728026910181e+02,6.375333517884471348e+02,-2.197327894097464096e+00
7.148310269851925796e+02,6.370514439647547533e+02,-2.194542027791895666e+00
7.145069771231133018e+02,6.365946782230240615e+02,-2.190974973143312354e+00
7.141487050440690609e+02,6.360827321330840505e+02,-2.187634752921024273e+00
7.138161386124278351e+02,6.356213217133582702e+02,-2.185246802978621172e+00
7.134610353401601515e+02,6.351126257243618056e+02,-2.182481297294881273e+00
7.131382249088917433e+02,6.346038553864623282e+02,-2.182852202265283204e+00
7.127965457307715269e+02,6.340805919027701520e+02,-2.178994484056780756e+00
7.124707672792330868e+02,6.335961860369617398e+02,-2.176123979497276206e+00
7.121267347727595052e+02,6.330887612465735401e+02,-2.175695153229269874e+00
7.117938639963049354e+02,6.326190955969859715e+02,-2.172066971911210231e+00
7.114427651202178140e+02,6.320941257103303315e+02,-2.169546869649482623e+00
7.111559111942705158e+02,6.315867152839012988e+02,-2.169196221928184620e+00
7.108149370804547971e+02,6.310723387223006284e+02,-2.166503386262996322e+00
7.104421340013682311e+02,6.305634669523053617e+02,-2.162359632523088049e+00
7.101066862851758970e+02,6.300792896995743604e+02,-2.160499934230793340e+00
7.098078183857161321e+02,6.295736870421894764e+02,-2.160433202712081169e+00
7.094461813200746292e+02,6.290440836586257092e+02,-2.158050340788409294e+00
7.091051165125916214e+02,6.285024946783743189e+02,-2.155645534936303509e+00
7.087895037673157503e+02,6.280038027636813922e+02,-2.153986198824841658e+00
7.084057109405623578e+02,6.274652758650412352e+02,-2.152116872206400799e+00
7.080849608261399908e+02,6.269724628311981860e+02,-2.150397227232579311e+00
7.077102128175198459e+02,6.264326443043033805e+02,-2.147294646022883224e+00
7.073973898109344418e+02,6.259157283268413039e+02,-2.145607969319971886e+00
7.070840399015871753e+02,6.253990262862025702e+02,-2.144400891507526552e+00
7.067638786056617164e+02,6.248704394163945608e+02,-2.143426857717892986e+00
7.064196909769268586e+02,6.243528837114649832e+02,-2.141196342932520480e+00
7.061050824771889438e+02,6.238403386291099650e+02,-2.140091424124848096e+00
7.057635184729133471e+02,6.232634091231285538e+02,-2.139463252752653144e+00
7.054371495002866368e+02,6.227277863793141250e+02,-2.138612057041378023e+00
7.050806584428689803e+02,6.222094482773312620e+02,-2.136961258787419382e+00
7.047508617652634939e+02,6.216565423736550429e+02,-2.135849159951094478e+00
7.044390815036214235e+02,6.211325332789867844e+02,-2.135717845138258575e+00
7.041066960735772682e+02,6.205959264805205748e+02,-2.135330875808699069e+00
7.037838734043376689e+02,6.200949362990834288e+02,-2.134117477846701139e+00
7.034494192620355761e+02,6.195458140461548737e+02,-2.133145845701690746e+00
7.031050123521514479e+02,6.190051592819537518e+02,-2.132208612769961320e+00
7.027437528520255228e+02,6.184637130490759773e+02,-2.132332387568284471e+00
7.023954201313720205e+02,6.179458858692111107e+02,-2.132899655216192070e+00
7.020579297803523104e+02,6.174015986905309319e+02,-2.132325913723184474e+00
7.016966911345899689e+02,6.168447597582186290e+02,-2.134501403151168208e+00
7.013473585381652811e+02,6.163338603433471690e+02,-2.135778272180608006e+00
7.009813205721856093e+02,6.157938396365441349e+02,-2.137312877895376495e+00
7.006246273570155836e+02,6.152674679500828461e+02,-2.138586308478440667e+00
7.003133367321482865e+02,6.147250597219448309e+02,-2.137746594928175980e+00
6.999742746562867524e+02,6.141985730977694402e+02,-2.139658076421181221e+00
6.996341504812816083e+02,6.136372003818837584e+02,-2.138641718935164526e+00
6.993144997478336791e+02,6.130747602291373823e+02,-2.137326138824954480e+00
6.989943669658340468e+02,6.125724007713735091e+02,-2.138242612877462534e+00
6.986343377012971132e+02,6.120045238650400279e+02,-2.139400226006380912e+00
6.982811645181361655e+02,6.114138759327285015e+02,-2.139037556132457496e+00
6.979862297480078723e+02,6.108591038722013309e+02,-2.137908844925911822e+00
6.975983317427358088e+02,6.103153037709247428e+02,-2.141065187093757594e+00
6.972335032799177270e+02,6.097476222453080936e+02,-2.138619593229206028e+00
6.969087524254061918e+02,6.091905489985051645e+02,-2.138353436391447371e+00
6.965807819146928068e+02,6.086656467698375081e+02,-2.139484841698559681e+00
6.962504515303495509e+02,6.081090102512138174e+02,-2.140697298484157240e+00
6.958967611038456198e+02,6.075550836717019365e+02,-2.141222602766848837e+00
6.955202248823522950e+02,6.070171660240241636e+02,-2.142124658919637437e+00
6.951464815915447844e+02,6.064287740623977925e+02,-2.141078972765058541e+00
6.947794963043114649e+02,6.058814256349093057e+02,-2.141729368913928955e+00
6.943778336331354240e+02,6.053030073514228206e+02,-2.141772764410744490e+00
6.940657681004989854e+02,6.047420296457463564e+02,-2.140410432704466182e+00
6.936794486791011423e+02,6.041977612821294770e+02,-2.141883620465745430e+00
6.933829602489281569e+02,6.036333173232413856e+02,-2.140775748395161937e+00
6.930421415917569448e+02,6.030645426069231689e+02,-2.139364881070969560e+00
6.926828340462029701e+02,6.025221588553658876e+02,-2.139364461885501445e+00
6.923226841372240870e+02,6.019451999361386925e+02,-2.138998076600663101e+00
6.919750361229389455e+02,6.013765022487140186e+02,-2.138732946780270705e+00
6.916389524258868278e+02,6.008234547029437636e+02,-2.138226006112438071e+00
6.912724767860868269e+02,6.002439656218557502e+02,-2.138543517094225521e+00
6.909413220316652087e+02,5.996451097617799633e+02,-2.137345261353077674e+00
6.905552405462531169e+02,5.991057990756938807e+02,-2.136844130111718698e+00
6.902091471710928090e+02,5.985177119759814559e+02,-2.137437066996621837e+00
6.898561789399780082e+02,5.979507069552886378e+02,-2.136890321545617866e+00
6.894888305342300328e+02,5.974016551938037765e+02,-2.136179404680290439e+00
6.890999316412390954e+02,5.967761856634276683e+02,-2.136326097405812696e+00
6.887617942793707471e+02,5.962413294525260881e+02,-2.136761084885082429e+00
6.884207651591664217e+02,5.956492051750248038e+02,-2.136615699327845785e+00
6.880607473942371826e+02,5.950804622560768848e+02,-2.137065181081464260e+00
6.876873033260105785e+02,5.945007469392550092e+02,-2.138057606004427402e+00
6.872966901739300738e+02,5.939217151463994924e+02,-2.137125123004664839e+00
6.868977988522341320e+02,5.933429446308181241e+02,-2.138093074400986726e+00
6.865522457668733978e+02,5.927820517486167091e+02,-2.138328457052999898e+00
6.861820430878353818e+02,5.922164536215761927e+02,-2.139103877842176260e+00
6.858308440445064207e+02,5.916281558585037601e+02,-2.138639980139469543e+00
6.854631556737755318e+02,5.910663018727609597e+02,-2.137369860448765646e+00
6.850960334473591047e+02,5.904696484079522634e+02,-2.139443003828755963e+00
6.847193327123519566e+02,5.899173831098594292e+02,-2.139035933115164489e+00
6.843699483804520014e+02,5.893374597651219347e+02,-2.139869566137060808e+00
6.840251614511107618e+02,5.887620192119828744e+02,-2.138820263972976310e+00
6.836703057347431240e+02,5.882109480871322376e+02,-2.139299465198256200e+00
6.832788987365696585e+02,5.876163188301937907e+02,-2.138406798280341192e+00
6.829240757067111645e+02,5.870499005939822155e+02,-2.138354818119927447e+00
6.825720528431173761e+02,5.864908170627738855e+02,-2.138224815409204282e+00
6.821863227382772266e+02,5.859090998688394620e+02,-2.137340383689486867e+00
6.818585661630465893e+02,5.853438432745175533e+02,-2.136829232032694481e+00
6.814816492878368308e+02,5.847754432943261236e+02,-2.135944825093646582e+00
6.811321801704278869e+02,5.842140146719025324e+02,-2.135776186866591875e+00
6.807573991325763245e+02,5.836603874108266155e+02,-2.135111514988166981e+00
6.804224478600315251e+02,5.831340539153468399e+02,-2.134487954592134695e+00
6.800647162175943095e+02,5.825171749243032764e+02,-2.133674377720766735e+00
6.796799220938361259e+02,5.819668180618906490e+02,-2.132956743726155846e+00
6.793341653454272091e+02,5.814297593764437124e+02,-2.132906322933365129e+00
6.789512463614510125e+02,5.808404079596774636e+02,-2.131190986945477928e+00
6.786073655573201222e+02,5.803063670603754645e+02,-2.132628609153986776e+00
6.782097743368935880e+02,5.797059260256398829e+02,-2.130733999219599717e+00
6.778916918883730887e+02,5.791739006566982653e+02,-2.131860909381964486e+00
6.775145377176041848e+02,5.785861306457643423e+02,-2.130496926068856212e+00
6.771435443114988857e+02,5.780334672783051246e+02,-2.130547445142758178e+00
6.768033241991379327e+02,5.774500532194622338e+02,-2.130552568486480780e+00
6.764666450829289488e+02,5.769018176166908916e+02,-2.131324325678594978e+00
6.760875069369616313e+02,5.763296767867420840e+02,-2.129588229050850767e+00
6.757588241848216057e+02,5.757493226579014163e+02,-2.131759080086350622e+00
6.754333912861221734e+02,5.751815427014618081e+02,-2.133480191204456311e+00
6.750589090146230546e+02,5.746288482635337687e+02,-2.133281938740384742e+00
6.746911037451454831e+02,5.740428019230573682e+02,-2.132678867626877750e+00
6.743484588048089563e+02,5.734860154171146860e+02,-2.132707413242960648e+00
6.739962673132006330e+02,5.729423528472270846e+02,-2.131026080686024837e+00
6.736342822370166914e+02,5.723437605088267901e+02,-2.132398110583577200e+00
6.732821579587792939e+02,5.718116869793745991e+02,-2.133226537884586271e+00
6.728999509813736495e+02,5.712627783171070632e+02,-2.131914449802058353e+00
6.725341377053287033e+02,5.706626978022627554e+02,-2.132920860176127587e+00
6.722199615435622491e+02,5.701462776040900735e+02,-2.132482765474409625e+00
6.718445560382989470e+02,5.695674166475573656e+02,-2.130382900701202953e+00
6.715162474988056829e+02,5.689960402088642013e+02,-2.129377453174099433e+00
6.711878555012059451e+02,5.684448424000528348e+02,-2.129221959196377245e+00
6.708054661482133270e+02,5.678794554484719583e+02,-2.128261777964354451e+00
6.704671549237884847e+02,5.673090790212751244e+02,-2.128466317334492430e+00
6.701346651508292780e+02,5.667737109798317761e+02,-2.130581912398373579e+00
6.697924352024343762e+02,5.661955878989247140e+02,-2.134501690185933498e+00
6.694660888168467636e+02,5.656319089264572995e+02,-2.135869658097312662e+00
6.691159955523020244e+02,5.651177322471015714e+02,-2.137627072133156947e+00
6.687468332423784432e+02,5.645605105445561094e+02,-2.138408609196698951e+00
6.684003518263858723e+02,5.640133806615134517e+02,-2.139584027750033091e+00
6.680585457029310419e+02,5.634904177364130646e+02,-2.139240302145226647e+00
6.677205961743039779e+02,5.629599089710761746e+02,-2.141311026525623440e+00
6.673545696283711095e+02,5.623924950480529787e+02,-2.142065075586500722e+00
6.670119655538621828e+02,5.618566501050047464e+02,-2.141516872407962513e+00
6.666715121966307152e+02,5.613219472714278027e+02,-2.143522101716578199e+00
6.663241898268209980e+02,5.607817971794773939e+02,-2.144677194793106700e+00
6.659593109421825829e+02,5.602142563658554764e+02,-2.143991844781837575e+00
6.656505848379298413e+02,5.596784186039069482e+02,-2.145541414733416197e+00
6.652978345223986025e+02,5.591661285778583306e+02,-2.144276278053524720e+00
6.649693656049523725e+02,5.586370553652077433e+02,-2.143578601528840721e+00
6.646534607256724030e+02,5.581347948122248681e+02,-2.142130481892847715e+00
6.643347711466132068e+02,5.575712440946346078e+02,-2.140038275886646080e+00
6.639803355122382982e+02,5.570482018502840447e+02,-2.139826511020319177e+00
6.636262942034055641e+02,5.565258253751255779e+02,-2.138801166827147604e+00
6.633053490911825065e+02,5.559830425764274651e+02,-2.136817709587369052e+00
6.629590604302280781e+02,5.554543503852087269e+02,-2.136338430404797872e+00
6.626357517512110462e+02,5.549393278607994944e+02,-2.135089411678055882e+00
6.623123284489183789e+02,5.544146537844526392e+02,-2.135105221766984140e+00
6.619787205050899956e+02,5.539045561533977207e+02,-2.134762117760288014e+00
6.616401187508931798e+02,5.533572383627416684e+02,-2.135888480735799178e+00
6.613116141460553763e+02,5.528507286471533462e+02,-2.135889605270933966e+00
6.609801019899638277e+02,5.523408779145391918e+02,-2.135634106692530398e+00
6.606888185840261940e+02,5.518200203330458180e+02,-2.135601460769386950e+00
6.603248675559760841e+02,5.512685311482506449e+02,-2.136214854758669013e+00
6.600329066902788782e+02,5.507730914758648169e+02,-2.135460663385686519e+00
6.597041357245366271e+02,5.502461937937595167e+02,-2.134695706744795807e+00
6.593850988953129217e+02,5.497386362189513420e+02,-2.135699034689900522e+00
6.590753288599277084e+02,5.492304983856352010e+02,-2.135328749127620274e+00
6.587436768684088975e+02,5.486838191696321019e+02,-2.134714769434300052e+00
6.584362928320122137e+02,5.481787707752961296e+02,-2.135069573053685499e+00
6.581358461708495042e+02,5.476663942244075542e+02,-2.134972695205448634e+00
6.578126856800564610e+02,5.471709005165108692e+02,-2.135319240385392892e+00
6.575088715071356091e+02,5.466793170948200213e+02,-2.134335489828020904e+00
6.572005070856049542e+02,5.461734736885584880e+02,-2.134709512101149897e+00
6.569040318316408502e+02,5.456730050681809416e+02,-2.133719849278723046e+00
6.566052536565309765e+02,5.451986438199771783e+02,-2.134008110576259387e+00
6.562772335737315643e+02,5.446846722341936129e+02,-2.135348650446846186e+00
6.559580343022923898e+02,5.442168539185246345e+02,-2.136956368379448357e+00
6.556671714759507950e+02,5.437471091560149716e+02,-2.138411408683059900e+00
6.553560336390872862e+02,5.432466745586003753e+02,-2.138094247785937707e+00
6.550407091119869847e+02,5.427713382682995871e+02,-2.138653191011822052e+00
6.547532335639409666e+02,5.422798310934354049e+02,-2.138845952439996534e+00
6.544327554260365787e+02,5.418086666804981633e+02,-2.139284421045072992e+00
6.541298039070313735e+02,5.413242957231542505e+02,-2.138768139645595756e+00
6.538615335578884924e+02,5.408461037354954897e+02,-2.137055653854231796e+00
6.535473692528297533e+02,5.403832204590187303e+02,-2.136595349747785644e+00
6.532498513818584343e+02,5.399082923136388672e+02,-2.135131615040463782e+00
6.529742658040139531e+02,5.394482833283865375e+02,-2.132408792580866130e+00
6.526764364288561637e+02,5.389683614639803864e+02,-2.130247788732449798e+00
6.524140037461934298e+02,5.384938962499911668e+02,-2.128108039476950264e+00
6.521170388559353341e+02,5.380230302724322655e+02,-2.127360086221482760e+00
6.518177595687309349e+02,5.375628315854132779e+02,-2.125705177199259666e+00
6.515138733251894791e+02,5.370647012460602809e+02,-2.123826577403298721e+00
6.512368171223610034e+02,5.365619673791503601e+02,-2.122232255942191781e+00
6.509848215615761546e+02,5.360993293019156454e+02,-2.120372724824547639e+00
6.506987705577720362e+02,5.356032493866105142e+02,-2.118227848359599097e+00
6.503873658665958146e+02,5.351017329561672113e+02,-2.117096492994116286e+00
6.501064920399019229e+02,5.346532957112152644e+02,-2.114754110075243165e+00
6.498337524930009295e+02,5.341799736609217462e+02,-2.112012953888705358e+00
6.495610791721907162e+02,5.337008549058717790e+02,-2.111188619925436605e+00
6.492408158149618203e+02,5.332143085045000817e+02,-2.108766269709752450e+00
6.489756474430852222e+02,5.327176745724034390e+02,-2.107008685107944146e+00
6.487046507644274698e+02,5.322397206525614592e+02,-2.105274173970662854e+00
6.484370232560036129e+02,5.317560878256576871e+02,-2.101492599456689092e+00
6.481240382268149460e+02,5.312792011028969910e+02,-2.100487261013528784e+00
6.478643117961368034e+02,5.307901101052385684e+02,-2.099134571291630280e+00
6.475718509358520123e+02,5.302924568664918752e+02,-2.097552019807164214e+00
6.472931281290655079e+02,5.297918721478990847e+02,-2.094599376921533640e+00
6.470144426490423939e+02,5.292877892791691465e+02,-2.091670215822171386e+00
6.467602848565534259e+02,5.288022590239962710e+02,-2.088644363756845479e+00
6.464690504336140293e+02,5.283059563413116848e+02,-2.086426491892023449e+00
6.461906487267453940e+02,5.278000207121942822e+02,-2.083966967761121669e+00
6.458985976918316965e+02,5.272966050789486872e+02,-2.083578125752630239e+00
6.456170655249252377e+02,5.267901926163393682e+02,-2.079371331651022725e+00
6.453348637085509836e+02,5.263127183388514823e+02,-2.078975367297856813e+00
6.450632788662862822e+02,5.257845219821650744e+02,-2.076153081837454728e+00
6.447909920443407827e+02,5.252880260201865212e+02,-2.075253573254574047e+00
6.445833664187447312e+02,5.247871488618105786e+02,-2.072908737990069916e+00
6.442602075345126877e+02,5.242751494267984071e+02,-2.071276116982725846e+00
6.439831165826428787e+02,5.237790177621061503e+02,-2.068003291398432086e+00
6.437572063235481892e+02,5.232609450838615430e+02,-2.064549945595176350e+00
6.434828032212303697e+02,5.227587067580782332e+02,-2.061621156555615730e+00
6.432336827838493036e+02,5.222187320407771267e+02,-2.058979241696339724e+00
6.429739711500340036e+02,5.216941649991264285e+02,-2.057160417322676960e+00
6.426905412550827350e+02,5.211873277211675486e+02,-2.054462983891152117e+00
6.424462861608271851e+02,5.206969693538019328e+02,-2.051487516162361135e+00
6.421613757004290619e+02,5.201763598213798332e+02,-2.048761320748627934e+00
6.418801368621934671e+02,5.196517194022292188e+02,-2.046266317515772037e+00
6.416667698697393689e+02,5.191017050475047654e+02,-2.043658506048580126e+00
6.414175723272510368e+02,5.185638930070356309e+02,-2.040303933418054161e+00
6.411215692951420806e+02,5.180212953997232717e+02,-2.036224057453623004e+00
6.408481162477894486e+02,5.174727994381861436e+02,-2.032576882184988332e+00
6.405680700288199887e+02,5.169461270850694063e+02,-2.028703340061238425e+00
6.403381427691058434e+02,5.164504146850003963e+02,-2.027438195312990299e+00
6.401116597492998608e+02,5.158847974414969713e+02,-2.025058230601490816e+00
6.398385047584130234e+02,5.153469966732812964e+02,-2.021686529533338383e+00
6.395446910102415359e+02,5.147920353878947708e+02,-2.018220629374658515e+00
6.392866182929508341e+02,5.142465171992448631e+02,-2.015619001859348280e+00
6.390524988300339828e+02,5.136993954230387089e+02,-2.012138945751837049e+00
6.388306691501766181e+02,5.131415555463420333e+02,-2.009355996893112728e+00
6.385843304074413709e+02,5.125773442055103715e+02,-2.007071240986064709e+00
6.383268668745859031e+02,5.120360038003146883e+02,-2.004063834989034287e+00
6.381130121797867787e+02,5.114739840245072173e+02,-2.000713754103946584e+00
6.378394862526827183e+02,5.109078150206474334e+02,-1.999653046932155176e+00
6.376003110153858415e+02,5.103535044822385203e+02,-1.995637873190506673e+00
6.373533654274203855e+02,5.097796911773128272e+02,-1.991807120885630056e+00
6.371253912146980838e+02,5.091931080488911903e+02,-1.987802423083042003e+00
6.368798009456652380e+02,5.086289701582512066e+02,-1.984967981919753655e+00
6.366339480291790096e+02,5.080576540100017269e+02,-1.982347267616050512e+00
6.363917000402456097e+02,5.074889312433292048e+02,-1.979018295422731777e+00
6.361394608516127391e+02,5.069229184697983328e+02,-1.974799920589845437e+00
6.359039493118817745e+02,5.063660907197203187e+02,-1.973071793281949704e+00
6.356591335347447966e+02,5.058144651771197573e+02,-1.969254574770862964e+00
6.354401212886554049e+02,5.052116354247355048e+02,-1.967246616043972107e+00
6.352244687486212342e+02,5.046309530556447385e+02,-1.963703412818932570e+00
6.349658399507188733e+02,5.040276045374297951e+02,-1.959837559819127772e+00
6.347297327565416936e+02,5.034624215900381614e+02,-1.956926863294883523e+00
6.344731314541885467e+02,5.029058853283451640e+02,-1.952995408275063349e+00
6.342809002815587291e+02,5.023282649655135970e+02,-1.950003557823657196e+00
6.340317329015457517e+02,5.017744304587333772e+02,-1.948265563202198791e+00
6.338152246950188555e+02,5.011345079651944729e+02,-1.943919103977724827e+00
6.336128123349967609e+02,5.005575129820430220e+02,-1.940527538747394143e+00
6.333800248490952072e+02,4.999991852754602064e+02,-1.938996374645049592e+00
6.331264633232375445e+02,4.993764309197865714e+02,-1.934772004255276734e+00
6.329032384760304240e+02,4.987688601282534933e+02,-1.930944236868997521e+00
6.327041456266988462e+02,4.982158835638263668e+02,-1.929863467286579537e+00
6.325004302691885414e+02,4.976060429969875258e+02,-1.925142959896537942e+00
6.322940275872130087e+02,4.970310737712421769e+02,-1.922774215264727138e+00
6.320945758465380777e+02,4.963738777967684541e+02,-1.917041890982849717e+00
6.318822338348995800e+02,4.958475955278674405e+02,-1.915376054820226548e+00
6.316849408427214030e+02,4.952244979355986061e+02,-1.913638195663702968e+00
6.314954371100908475e+02,4.946459012574798066e+02,-1.910277691087999052e+00
6.312882916869137944e+02,4.940489161374142668e+02,-1.906482362483184367e+00
6.310985833506615563e+02,4.934601099010704957e+02,-1.904556413926920877e+00
6.308891740232193115e+02,4.928583424399548676e+02,-1.900679206323371950e+00
6.307196149800990952e+02,4.922981032346726806e+02,-1.899402463022721754e+00
6.305261970764042871e+02,4.916741016046844948e+02,-1.895820058568439270e+00
6.303283571069061963e+02,4.911477069045931216e+02,-1.898080558850865573e+00
6.301636699147459240e+02,4.905400004855654288e+02,-1.896073506370892225e+00
6.299623836206782244e+02,4.899337006722543606e+02,-1.894855804098229068e+00
6.297778656138896167e+02,4.893567787234389925e+02,-1.895401155301665863e+00
6.296113886451119015e+02,4.888002442549930606e+02,-1.894212892319984132e+00
6.294414704502505629e+02,4.882441334096794776e+02,-1.895021773740214188e+00
6.292227033639270530e+02,4.876704358389625895e+02,-1.897586093100658067e+00
6.290310882354699515e+02,4.871141463533846832e+02,-1.899755955595422652e+00
6.288394794233895482e+02,4.865326317234285511e+02,-1.900841523699822622e+00
6.286280517052964569e+02,4.860056927006535261e+02,-1.902578250594251452e+00
6.283910565045526937e+02,4.854160959610252917e+02,-1.904000223214423526e+00
6.282253306791752721e+02,4.848530103339281823e+02,-1.905580515002580855e+00
6.280400859923602184e+02,4.843015533161328108e+02,-1.908353938934152838e+00
6.278314401329408838e+02,4.837687527730651027e+02,-1.910164929353344698e+00
6.276477589669301551e+02,4.832167048911558709e+02,-1.911121810442281799e+00
6.274683825375046808e+02,4.826572157462578616e+02,-1.912178912353893256e+00
6.272584656512582342e+02,4.820949509660150056e+02,-1.913731305763701540e+00
6.270927563228777899e+02,4.815372783676322683e+02,-1.914953264576420011e+00
6.268949654394428990e+02,4.809731825571890340e+02,-1.915696252852758796e+00
6.267039953525097644e+02,4.804209556858517658e+02,-1.915912020221179457e+00
6.265028675916981911e+02,4.799137097670740673e+02,-1.917969489970808850e+00
6.263044078863607638e+02,4.793785120333095051e+02,-1.919699536185923039e+00
6.260997038539857158e+02,4.788308163637609027e+02,-1.921913081920207489e+00
6.259227602433745687e+02,4.783128709313813829e+02,-1.922653916156958243e+00
6.257487777303922485e+02,4.777530343055254889e+02,-1.923900173370592936e+00
6.255588964794476396e+02,4.771915269412587577e+02,-1.923318937731309353e+00
6.253666235344422830e+02,4.766327529877698908e+02,-1.925249745593841100e+00
6.251788640969602966e+02,4.760805318777491379e+02,-1.925469167489452849e+00
6.250127372244260187e+02,4.755786784073291642e+02,-1.925755793624318812e+00
6.248087927329012246e+02,4.750352427889640126e+02,-1.927981698463317795e+00
6.246058234953205783e+02,4.744888729888915577e+02,-1.928045068985377641e+00
6.243725241714266758e+02,4.739699495770444173e+02,-1.931405641536491968e+00
6.242177447389536837e+02,4.734619365748463906e+02,-1.934341248591774809e+00
6.240305054065831882e+02,4.729105532416523943e+02,-1.936066498581743289e+00
6.238254670851293895e+02,4.724142540776124406e+02,-1.939816850294815209e+00
6.235848624249089198e+02,4.718863147983614112e+02,-1.941582190597382906e+00
6.233944083561502794e+02,4.713738264061882433e+02,-1.945313236870716223e+00
6.231583030791932742e+02,4.708728268691600647e+02,-1.944726243181392755e+00
6.229381950069341656e+02,4.703190563480333708e+02,-1.945896434931858598e+00
6.227342898528848991e+02,4.697888717818541409e+02,-1.947043922136929783e+00
6.225309758744974715e+02,4.692614739596676259e+02,-1.948371370530959990e+00
6.223442790824292388e+02,4.687328831798650981e+02,-1.948959963436409426e+00
6.221119726871319244e+02,4.681879512054284760e+02,-1.950042959249284058e+00
6.219046027903615368e+02,4.676653470978116047e+02,-1.952873384947042545e+00
6.216869559601235551e+02,4.671371265237933699e+02,-1.951374146646093433e+00
6.214743684890237319e+02,4.666080623230038782e+02,-1.952747587118944361e+00
6.212895349609422055e+02,4.660686241538153354e+02,-1.952696274540680177e+00
6.211284674644157349e+02,4.655196647749312433e+02,-1.952816838519157328e+00
6.209086151264723412e+02,4.649391738088770580e+02,-1.953454918070775870e+00
6.206576851685329075e+02,4.643906801821391923e+02,-1.952296978192066268e+00
6.203603057789010791e+02,4.639068871523074904e+02,-1.955041289905447677e+00
6.200628553732369710e+02,4.633811417422186878e+02,-1.955278086064087928e+00
6.198618672329959054e+02,4.627961326212246718e+02,-1.956994931263456472e+00
6.196448571202884068e+02,4.622372174435616330e+02,-1.956012352424417289e+00
6.194488325600182179e+02,4.616597920437301354e+02,-1.954958607846301044e+00
6.192153654395314106e+02,4.611277387111081794e+02,-1.957149364652683410e+00
6.189843184548294630e+02,4.605204062325260566e+02,-1.956655511419733484e+00
6.186940086431612826e+02,4.600079985567636527e+02,-1.956258288722978689e+00
6.184815493472902972e+02,4.594400550329492035e+02,-1.956952985113973753e+00
6.182880735345430594e+02,4.589051762593823582e+02,-1.957196063727450364e+00
6.180658116955456762e+02,4.583237141223457343e+02,-1.955926070070698186e+00
6.178168142932535147e+02,4.577593231176832660e+02,-1.955196590900557085e+00
6.175941954813227994e+02,4.571693933079549197e+02,-1.954968523740154174e+00
6.173565766566630373e+02,4.566291455004807744e+02,-1.954109537812432240e+00
6.171363114114664086e+02,4.560241628979209167e+02,-1.952358571667077047e+00
6.168990075415674710e+02,4.554655018717246548e+02,-1.950469709477347324e+00
6.167369406480555654e+02,4.548521058505431256e+02,-1.947006475595829400e+00
6.164877086992967179e+02,4.542625601926944796e+02,-1.944941128989698509e+00
6.162600058136820280e+02,4.537066745385732247e+02,-1.943359586951140638e+00
6.160148998797897093e+02,4.531248897900729276e+02,-1.941305267957342817e+00
6.158161594158153775e+02,4.525526488395341858e+02,-1.937453802551035276e+00
6.155689960237410787e+02,4.520037653007763083e+02,-1.936460621940911953e+00
6.153695248989317861e+02,4.514138431184201181e+02,-1.932027824963393092e+00
6.151698463303572453e+02,4.508667343874772087e+02,-1.928148524999765856e+00
6.149735068999327723e+02,4.502940749849545341e+02,-1.923768846688080458e+00
6.147725798544820464e+02,4.497080010985760055e+02,-1.920913010787252295e+00
6.145555041780246484e+02,4.491405495121362605e+02,-1.918475172857676547e+00
6.143337165372590789e+02,4.485906473331820052e+02,-1.914960346248384848e+00
6.141484637160419879e+02,4.479831447116205254e+02,-1.911479420902197690e+00
6.138963829730840871e+02,4.474131596584938393e+02,-1.907937090640003053e+00
6.137602065246295524e+02,4.468771578084934504e+02,-1.902655252936939156e+00
6.135411308139561015e+02,4.463163980507549127e+02,-1.898693506995855040e+00
6.133370370035951282e+02,4.457489465012711776e+02,-1.894329307591151146e+00
6.131843503726792051e+02,4.451581524088949209e+02,-1.891326130855640830e+00
6.130083358436311300e+02,4.446215305840433984e+02,-1.887529399805184971e+00
6.128749852241005556e+02,4.440495320014135245e+02,-1.884834222790912506e+00
6.127075408407571331e+02,4.435129477341735651e+02,-1.880052620322010037e+00
6.125405153229175994e+02,4.429350224542966998e+02,-1.875922802546861723e+00
6.123698264388604002e+02,4.423500757765789331e+02,-1.872776457248536142e+00
6.121857878650217799e+02,4.417737059863447371e+02,-1.868892025404244706e+00
6.120261808635259513e+02,4.411839816070771576e+02,-1.865549345857063335e+00
6.118641963517180784e+02,4.406543005412224829e+02,-1.861519262031246624e+00
6.117499685015657178e+02,4.400990929396879210e+02,-1.856732268793613860e+00
6.115804819996037622e+02,4.394995201467000356e+02,-1.853482330981938819e+00
6.114364237244351443e+02,4.389828786544799186e+02,-1.849353647845576543e+00
6.112638815764877336e+02,4.384891325201357972e+02,-1.844795378163854194e+00
6.110918966904037006e+02,4.379336026991425115e+02,-1.842468456169852331e+00
6.109042698714112021e+02,4.373799464377937625e+02,-1.838509048568886639e+00
6.108036203905855928e+02,4.368216499629890563e+02,-1.835292789529403334e+00
6.106621422422390424e+02,4.362811737588165215e+02,-1.831674278675023970e+00
6.104846813786818984e+02,4.357452471928102682e+02,-1.828337078574402641e+00
6.103195013087400866e+02,4.351733164245981698e+02,-1.824302360890502905e+00
6.101525619296176046e+02,4.346433171612901560e+02,-1.820675594576770751e+00
6.100570318256935707e+02,4.340778678098480441e+02,-1.818110547874454364e+00
6.098618635100697247e+02,4.334949122350583934e+02,-1.815005471333360099e+00
6.097493954185991925e+02,4.329690200328647620e+02,-1.811632269935042672e+00
6.096673509806244056e+02,4.324386364752880354e+02,-1.805627597320098143e+00
6.095470074945196757e+02,4.318909801175979055e+02,-1.804379721429219652e+00
6.094600777818226334e+02,4.313450802965163007e+02,-1.801460503476330466e+00
6.093242619447864854e+02,4.308065344679807254e+02,-1.797312152423653275e+00
6.091587087148855062e+02,4.302804687532974413e+02,-1.794106729785787335e+00
6.090366991744202778e+02,4.297718683304811407e+02,-1.792775450648622426e+00
6.089569872884563893e+02,4.292261440679347970e+02,-1.789331458815080600e+00
6.088574267101399755e+02,4.286690948396524163e+02,-1.786829381604467359e+00
6.087744665716905956e+02,4.281377601655657941e+02,-1.782541184360265429e+00
6.086816357656855416e+02,4.276553539232394883e+02,-1.780280476116070876e+00
6.085938453247823645e+02,4.271392700300106640e+02,-1.776464504593523452e+00
6.084520454127775793e+02,4.266334889730970872e+02,-1.774387059077567219e+00
6.083807641728988074e+02,4.261347321173753926e+02,-1.771465830757905868e+00
6.082897654221061430e+02,4.255977728939116673e+02,-1.768393846168643480e+00
6.082140962561004471e+02,4.251006852343240894e+02,-1.765265150835457764e+00
6.081108548712222728e+02,4.245858462492506078e+02,-1.762534624637554836e+00
6.080191408306822041e+02,4.240814711850954950e+02,-1.758258274130639398e+00
6.078919813327452175e+02,4.235648601672227755e+02,-1.755570070561015994e+00
6.078552596460696122e+02,4.231146604832958360e+02,-1.753497650624144200e+00
6.077804049125637675e+02,4.225915645912133982e+02,-1.749953920523768858e+00
6.076582509168761135e+02,4.221118343762453833e+02,-1.746980190984195325e+00
6.075656419142782170e+02,4.216387875305659350e+02,-1.744034794437732794e+00
6.074791218927872478e+02,4.211278792362448371e+02,-1.741967899261264829e+00
6.074121750130450437e+02,4.206463015733824022e+02,-1.739253653103727260e+00
6.073557786403101773e+02,4.201587172534720480e+02,-1.738793840998366980e+00
6.072739833106427341e+02,4.196956883131094855e+02,-1.738158646188723067e+00
6.072145734444820846e+02,4.192527627527122149e+02,-1.738799046753170430e+00
6.071223222907156014e+02,4.187877841372730927e+02,-1.737940989793686386e+00
6.070667304597926659e+02,4.182649860413540068e+02,-1.735855485539731013e+00
6.069850247656291913e+02,4.177786620603232564e+02,-1.736367632486464307e+00
6.069276367805704240e+02,4.173332075668573680e+02,-1.736632449657990129e+00
6.068349332681212900e+02,4.168693108238089167e+02,-1.736230017074020360e+00
6.067386950766170912e+02,4.164068254834440381e+02,-1.735317015446026012e+00
6.066751025642481636e+02,4.159545475621001174e+02,-1.736951945709290790e+00
6.065863209275660211e+02,4.154955797079607578e+02,-1.735187415792485144e+00
6.064842977552840466e+02,4.150371025873624262e+02,-1.734372988147609984e+00
6.064109520615498923e+02,4.146031136706081952e+02,-1.734316267414963031e+00
6.063857701474131545e+02,4.141361022402155072e+02,-1.735045772045846313e+00
6.063052690418664952e+02,4.137347366840110112e+02,-1.734057059715358395e+00
6.062118699537898010e+02,4.132388977719172658e+02,-1.733653455716802183e+00
6.061398208849680032e+02,4.127822880818918065e+02,-1.733689525918452823e+00
6.060501119486976904e+02,4.123431428008329931e+02,-1.733943584107308533e+00
6.059825027946812952e+02,4.118985983796528672e+02,-1.735812794586963914e+00
6.059333742233687872e+02,4.114530324722583146e+02,-1.735716071984895859e+00
6.058632166328361564e+02,4.110090699805627992e+02,-1.734780514338976065e+00
6.057719542885308783e+02,4.105927074606797191e+02,-1.735403665999918132e+00
6.057153852750000169e+02,4.100808796021086096e+02,-1.733821666995719157e+00
6.056262436124525266e+02,4.096766959600466294e+02,-1.734108152875399433e+00
6.055736524844843416e+02,4.092196434130592024e+02,-1.733381918065360017e+00
6.054949561792633403e+02,4.087952788680134972e+02,-1.735022016817219459e+00
6.054438594866153380e+02,4.083520766659616470e+02,-1.734230663466371114e+00
6.053793453366263293e+02,4.079413731668483365e+02,-1.732753334154314429e+00
6.052912916114061090e+02,4.075219363106510286e+02,-1.733283673290330729e+00
6.051943386385804615e+02,4.071539588688278855e+02,-1.733436314572629922e+00
6.051225007324286480e+02,4.067335722883257745e+02,-1.732853645870425341e+00
6.050719416065018095e+02,4.063142115251648647e+02,-1.734198424398859073e+00
6.050283874973433740e+02,4.058616513789708051e+02,-1.733991551269067788e+00
6.049536134878530902e+02,4.054314200050292243e+02,-1.732732246082749894e+00
6.048395435245131466e+02,4.050166417525874181e+02,-1.732766512572539996e+00
6.048036044804530320e+02,4.045921847894776988e+02,-1.732393268167334854e+00
6.047398784705541175e+02,4.041927240301227471e+02,-1.731713407968197727e+00
6.047071611914635696e+02,4.038268109614199943e+02,-1.732939182695821589e+00
6.046339885933065261e+02,4.033790830720863596e+02,-1.732013441238371199e+00
6.045570448663712568e+02,4.029814580513024680e+02,-1.732343196855097522e+00
6.044731917405024433e+02,4.025781647033372792e+02,-1.731868356603364134e+00
6.044130402841556133e+02,4.021437486712530927e+02,-1.731574912131059074e+00
6.043583955136418808e+02,4.017539317373817767e+02,-1.729565506954932719e+00
6.043018150764612528e+02,4.013694580757044719e+02,-1.727566850171631474e+00
6.042521418080183366e+02,4.009806438934309654e+02,-1.725683639387321611e+00
6.041885912421382727e+02,4.005497087056360783e+02,-1.721849457440634223e+00
6.041346865004711617e+02,4.000980550174277823e+02,-1.719048421114991898e+00
6.040758449679908608e+02,3.996978884812921820e+02,-1.716461466910548461e+00
6.040408764061801321e+02,3.992608993331834313e+02,-1.713554860498222254e+00
6.039595788015370772e+02,3.988710290545342900e+02,-1.710359183840184150e+00
6.039070967999055028e+02,3.984696788170570017e+02,-1.707450100416387562e+00
6.038971385083438008e+02,3.980490155591448342e+02,-1.707356438173800450e+00
6.038264152785101260e+02,3.976296687793714000e+02,-1.705579916011273456e+00
6.037663396029939804e+02,3.972265414487145563e+02,-1.703105064176617889e+00
6.037219049232664929e+02,3.968064505680034699e+02,-1.701680931347037573e+00
6.036770417847538965e+02,3.963848106498911648e+02,-1.701810322348939808e+00
6.036543180940329876e+02,3.959861691713212508e+02,-1.701795805613967705e+00
6.036115025047871541e+02,3.956132099602027097e+02,-1.701516083785843181e+00
6.035619562504869009e+02,3.952069799844940121e+02,-1.701551399667011966e+00
6.034948590581212784e+02,3.948068465385564991e+02,-1.700349067786345092e+00
6.034332453523518325e+02,3.943989660890988489e+02,-1.699695105198943512e+00
6.033670116343047312e+02,3.940211917423277441e+02,-1.698731136034974609e+00
6.033322837632607616e+02,3.936277843006170656e+02,-1.697915029186902514e+00
6.032903997369636500e+02,3.932510004689077618e+02,-1.696106985086546226e+00
6.032421107694709690e+02,3.928511357639702055e+02,-1.696724864251638376e+00
6.032144883216174094e+02,3.924982145655014847e+02,-1.694935416261815098e+00
6.031710019235958953e+02,3.920904736337319036e+02,-1.695582252502499054e+00
6.031383623800039686e+02,3.916967800005961067e+02,-1.695319100279927715e+00
6.030881879340150817e+02,3.913067834138842045e+02,-1.693207445760201102e+00
6.030469762310972328e+02,3.909229316330376491e+02,-1.692640042237274711e+00
6.029948409241900436e+02,3.905684111682476214e+02,-1.691986693880913384e+00
6.029593780215517427e+02,3.901929816155306980e+02,-1.691065183993134768e+00
6.029073280065414338e+02,3.898383177946933529e+02,-1.690967424293920329e+00
6.028788376265299576e+02,3.894786758522791388e+02,-1.691274979945073698e+00
6.028443892221007445e+02,3.891358410476897802e+02,-1.690869405418953031e+00
6.028075961526387800e+02,3.887384644634660162e+02,-1.689414762232532174e+00
6.027824500389028799e+02,3.883944519852840358e+02,-1.690317429529100801e+00
6.027311485674372307e+02,3.880655459729198355e+02,-1.689767219368611739e+00
6.027188965488835493e+02,3.877029884041411947e+02,-1.689687008658751211e+00
6.026777172861591225e+02,3.873825972000879574e+02,-1.689272464736125468e+00
6.026238999222091479e+02,3.870235972908316171e+02,-1.690051478906011040e+00
6.026059506068507972e+02,3.867249546812180938e+02,-1.688847318405886533e+00
6.025527834838934496e+02,3.864058871417782370e+02,-1.690506643989288404e+00
6.024954499954351377e+02,3.860675889563326564e+02,-1.690934645051371144e+00
6.024890634698966778e+02,3.857513544446768492e+02,-1.691638305100870765e+00
6.024532563159308438e+02,3.854487805563070424e+02,-1.693372310369363865e+00
6.024026824773635553e+02,3.851765607518370302e+02,-1.694958003807501834e+00
6.023716517852027437e+02,3.848582554663719293e+02,-1.698505988343931961e+00
6.023292673576376046e+02,3.845344580175726037e+02,-1.701025814365226818e+00
6.022727639062150047e+02,3.842598586329886530e+02,-1.704453924232426143e+00
6.022354861332198652e+02,3.839702998214464174e+02,-1.709350207167912528e+00
6.021966319720445426e+02,3.836572217046319793e+02,-1.713130256687876107e+00
6.021079996588900940e+02,3.833928385134173027e+02,-1.718136153353130524e+00
6.020729305487421925e+02,3.831248342516660159e+02,-1.725801814718078031e+00
6.020219899414900055e+02,3.828351270542694920e+02,-1.732437959928311511e+00
6.019553771358018821e+02,3.825922126947046422e+02,-1.737370384472588070e+00
6.018870459842012224e+02,3.823013450102730530e+02,-1.743756916786789457e+00
6.018407760464680223e+02,3.820446955811062253e+02,-1.751995991282333298e+00
6.017904012415565376e+02,3.817788015227505412e+02,-1.760231646162488728e+00
6.017234894633430713e+02,3.815492247079985191e+02,-1.767376139161420889e+00
6.016618846799972289e+02,3.812869169243804777e+02,-1.774482026843819282e+00
6.015885519148472440e+02,3.810311557110623539e+02,-1.782089897916607546e+00
6.015515198015900751e+02,3.807789317595232319e+02,-1.790912559992157815e+00
6.014956789235939141e+02,3.805537770616055582e+02,-1.799580326457713042e+00
6.014109598080334536e+02,3.803167765279658852e+02,-1.807849215577774116e+00
6.013427358406230496e+02,3.800930926228638782e+02,-1.818878707885029700e+00
6.012630588539522023e+02,3.798874028559628186e+02,-1.829283674407664151e+00
6.011909828585131663e+02,3.796431574941116764e+02,-1.840656081819495693e+00
6.011130027366541526e+02,3.794570265811797185e+02,-1.853737482255680469e+00
6.010508590281399393e+02,3.792429326183449234e+02,-1.867139090711977589e+00
6.009656736418344281e+02,3.790377761492585478e+02,-1.881023512326625902e+00
6.008835079794727108e+02,3.788556614009025907e+02,-1.894366541432341400e+00
6.007831758802235527e+02,3.786578031253145582e+02,-1.907075439075029522e+00
6.007300083431898656e+02,3.784702110969536193e+02,-1.918094779024510865e+00
6.006394837741629544e+02,3.783195700586070984e+02,-1.928991412705453268e+00
6.005911119828850815e+02,3.781447548269151184e+02,-1.940533019531459624e+00
6.005034720885536217e+02,3.780035609327932775e+02,-1.950287161805908553e+00
6.004213280071921872e+02,3.778508324764760573e+02,-1.959184327746378740e+00
6.003627608580953847e+02,3.777313251438125121e+02,-1.965494077266584094e+00
6.003160030870626542e+02,3.775885699254522478e+02,-1.975884933615953631e+00
6.002352707423190168e+02,3.774932273540415508e+02,-1.983817619341320615e+00
6.001812483564560807e+02,3.773659439141848111e+02,-1.991243386069246890e+00
6.001092607576738374e+02,3.772518669649637104e+02,-1.997189140936637353e+00
6.000586579991141889e+02,3.771563034593525003e+02,-2.004722989258635124e+00
6.000015377009297026e+02,3.770455842944019764e+02,-2.012551806175709501e+00
5.999648732681723686e+02,3.769579454966649905e+02,-2.019141794015832936e+00
5.998850640471230236e+02,3.768856212686320077e+02,-2.024132020369109775e+00
5.998439005369480128e+02,3.767887038627678180e+02,-2.030062871704271465e+00
5.997899581776540572e+02,3.767121739607163136e+02,-2.037620624565969596e+00
5.997531893661010827e+02,3.766111570847364192e+02,-2.043386276457340056e+00
5.996939734573332998e+02,3.765327091637827266e+02,-2.049037101181834686e+00
5.996542201008866186e+02,3.764735989876656390e+02,-2.055656677085974327e+00
5.996018510801750381e+02,3.763772433471777390e+02,-2.061934864060194883e+00
5.995427482171819520e+02,3.762881862449200980e+02,-2.069640752104251025e+00
5.994914215769479142e+02,3.762305485637247671e+02,-2.077386237143931336e+00
5.994432267750551091e+02,3.761375730896336904e+02,-2.085354515505807971e+00
5.993915354560637070e+02,3.760655532314476091e+02,-2.093379511191484799e+00
5.993302314539863573e+02,3.760082159770453814e+02,-2.101546578945142407e+00
5.992725833321059099e+02,3.759325778625787962e+02,-2.110255821896293682e+00
5.992170982105094481e+02,3.758805727882808583e+02,-2.119200617304296319e+00
5.991633374760608604e+02,3.757971729421107625e+02,-2.127871688356999247e+00
5.990937505219958439e+02,3.757392915145185839e+02,-2.137069363987985859e+00
5.990699075090511769e+02,3.756760418276180644e+02,-2.145382990057837169e+00
5.990031112042111090e+02,3.756013365837247306e+02,-2.154140802509175057e+00
5.989403621071770658e+02,3.755308237952506829e+02,-2.163921651420541270e+00
5.988672645373185333e+02,3.754746159335030598e+02,-2.174350935541624619e+00
5.988109048197817401e+02,3.753958941461693257e+02,-2.182928430578933376e+00
5.987532126415538869e+02,3.753185535470234981e+02,-2.193187495450592106e+00
5.986673469619474872e+02,3.752516735871246851e+02,-2.203896739308895736e+00
5.986091789675683685e+02,3.751862708562517241e+02,-2.215076702569528599e+00
5.985329181575428947e+02,3.751155453886463533e+02,-2.227535634604458803e+00
5.984594468378752481e+02,3.750555417550435209e+02,-2.239385616846203853e+00
5.983698153769591954e+02,3.749886833965603046e+02,-2.250598289009816622e+00
5.982981909482246010e+02,3.749000359976292316e+02,-2.263009803071469150e+00
5.982192171370791129e+02,3.748287448283240337e+02,-2.275103298558656117e+00
5.981374342181113661e+02,3.747554543609024904e+02,-2.290113618088390091e+00
5.980472423985459045e+02,3.746862404868622320e+02,-2.305266438098001913e+00
5.979549707995114431e+02,3.746224598571754996e+02,-2.320289546354405097e+00
5.978377840705345534e+02,3.745501330456786491e+02,-2.336992079059401206e+00
5.977429836988308125e+02,3.744652323866488928e+02,-2.353728406587880073e+00
5.976468746917456656e+02,3.743845803229906437e+02,-2.370929584283935743e+00
5.975220624154663938e+02,3.743305882433779743e+02,-2.389617107970250842e+00
5.974344938981972746e+02,3.742746657688197729e+02,-2.407884462110797763e+00
5.973193650222364113e+02,3.741915620080652616e+02,-2.427738347711492217e+00
5.971898118877993511e+02,3.741142084421705363e+02,-2.449140214861673659e+00
5.970728393802698974e+02,3.740611631932932823e+02,-2.471534416532454870e+00
5.969391284622083731e+02,3.739964434810466400e+02,-2.495449876485521745e+00
5.968153629105611344e+02,3.739478414961915291e+02,-2.520654659253545038e+00
5.966909618507163486e+02,3.738920875662678895e+02,-2.545257169713317502e+00
5.965542239344607651e+02,3.738170359869263848e+02,-2.571286840932438089e+00
5.963941641903974187e+02,3.737377330809222826e+02,-2.598040619102999660e+00
5.962559687352689934e+02,3.736814420574973497e+02,-2.626728910973278541e+00
5.961262824586663100e+02,3.736238675097457644e+02,-2.655369786706464730e+00
5.959573346122308521e+02,3.735980920112976378e+02,-2.682828206570210483e+00
5.957848574899580854e+02,3.735440147195555483e+02,-2.714412910525674238e+00
5.956373663898414179e+02,3.735049646199839231e+02,-2.744326600554686912e+00
5.954733472634421787e+02,3.734853461642013599e+02,-2.775051729759002050e+00
5.953151706025778367e+02,3.734480745261841435e+02,-2.807767127532254658e+00
5.951504678759754370e+02,3.734381872782308278e+02,-2.838687757925094868e+00
5.949851683885365219e+02,3.734184123438748770e+02,-2.870619419183082055e+00
5.948039506587194865e+02,3.734234143546968880e+02,-2.903687482341527737e+00
5.945937658120827791e+02,3.734303388222354556e+02,-2.936608446170054343e+00
5.944401697653639758e+02,3.734050661640133626e+02,-2.970444764988673381e+00
5.942688865883133076e+02,3.734292931672114264e+02,-3.001377083580189620e+00
5.940729371773230696e+02,3.734132379584077626e+02,-3.036952114605011577e+00
5.938776544896053338e+02,3.734379239329932147e+02,-3.070311487594104882e+00
5.936805389184211208e+02,3.734846188119268504e+02,-3.101137699253341040e+00
5.935109425012772135e+02,3.734776583013674554e+02,-3.135564596531594805e+00
5.932934358342824908e+02,3.734857388811311125e+02,-3.167202963603230614e+00
5.930890820610612764e+02,3.735162237472234779e+02,-3.198029570003423583e+00
5.928905579977506477e+02,3.735750251816842820e+02,-3.228492251674525360e+00
5.926747449112561981e+02,3.736608241980677008e+02,-3.259867935902880820e+00
5.924495658033257541e+02,3.737162991002386434e+02,-3.291614362113992609e+00
5.922253845687381499e+02,3.737739972801040267e+02,-3.320994250760257671e+00
5.919934407976058992e+02,3.738551868028602598e+02,-3.350017778068654195e+00
5.917853387355518180e+02,3.739356258796303223e+02,-3.378067072783106362e+00
5.915814442553303252e+02,3.740078172136080070e+02,-3.404900208566947306e+00
5.913948232761376858e+02,3.741069570030007867e+02,-3.430161352943460695e+00
5.911534012794085129e+02,3.741884385965811362e+02,-3.457175123799134830e+00
5.909138088643334186e+02,3.742725676446165153e+02,-3.484014345531394330e+00
5.907103168639196156e+02,3.743863484054273840e+02,-3.512276288493024978e+00
5.905035297109880048e+02,3.745145166975125903e+02,-3.539618967402765382e+00
5.903072055225565009e+02,3.746412999864417657e+02,-3.564657218427251806e+00
5.900788373929214004e+02,3.747957802325257148e+02,-3.594404789901818109e+00
5.898925355287100274e+02,3.749344820282626074e+02,-3.622260937192180119e+00
5.896912858025284550e+02,3.750828854998426323e+02,-3.649561726147557028e+00
5.895148078738972117e+02,3.752154613722302656e+02,-3.677599991035824800e+00
5.892574094424566056e+02,3.753472172507384812e+02,-3.705666366624797092e+00
5.890952964851097704e+02,3.755187331232481824e+02,-3.732353856591895447e+00
5.888758154735215840e+02,3.757062225367782844e+02,-3.759438415392184041e+00
5.886998796146303903e+02,3.758929906946728465e+02,-3.786068644769966962e+00
5.884710167254571616e+02,3.760740314796138364e+02,-3.812780214489497776e+00
5.883311153882465305e+02,3.762647679787683614e+02,-3.837481845487113574e+00
5.881157008876986083e+02,3.764544448151899587e+02,-3.866010348907926275e+00
5.879065610676175311e+02,3.766584689466375835e+02,-3.890758268650559071e+00
5.877290212645017391e+02,3.768796878730173034e+02,-3.915251400266865467e+00
5.875629396173704890e+02,3.770796280974639103e+02,-3.938037358020084255e+00
5.873580903659963042e+02,3.772958901857070941e+02,-3.964329822385325386e+00
5.872115264548797313e+02,3.775251373836954372e+02,-3.984439101209429346e+00
5.870307358058587397e+02,3.777553845109359258e+02,-4.007185553812023571e+00
5.868752983615668199e+02,3.779811585961891183e+02,-4.027034170109296873e+00
5.867075168569319885e+02,3.781998311170723355e+02,-4.049180751078840679e+00
5.865566578031834979e+02,3.784848803385895053e+02,-4.069536620423782836e+00
5.863905130286715348e+02,3.787134784292262566e+02,-4.091712593683754839e+00
5.862505174080940833e+02,3.790024685631969987e+02,-4.110049235303608661e+00
5.860886366498108373e+02,3.792691013425243227e+02,-4.131039699838395585e+00
5.859139337227347824e+02,3.795597089875155348e+02,-4.152112221966592465e+00
5.858038702579792698e+02,3.797865029513255877e+02,-4.170109654030476953e+00
5.856527336341716818e+02,3.800362038114684538e+02,-4.189446610213470201e+00
5.855042564507668885e+02,3.803399376772555911e+02,-4.207308580722147973e+00
5.853958273721764272e+02,3.806215005802957307e+02,-4.223474321051494229e+00
5.852958287340862853e+02,3.808893861757836703e+02,-4.241617356482101364e+00
5.851787309496492071e+02,3.812161508029047923e+02,-4.258601474163947742e+00
5.850791521316401713e+02,3.814851610044078711e+02,-4.275904618535977697e+00
5.849275368602593517e+02,3.817937986906763967e+02,-4.294304747708913794e+00
5.848272509041140665e+02,3.820927376732303742e+02,-4.308809885753974278e+00
5.847179002357121362e+02,3.824085043183877133e+02,-4.323722996313455802e+00
5.846234359085881351e+02,3.827048557161389226e+02,-4.338628434786813592e+00
5.845146385551588537e+02,3.830125999992672519e+02,-4.353059876502857861e+00
5.844229016477560208e+02,3.833253636480835667e+02,-4.366850246211033237e+00
5.843222126969537840e+02,3.836189238297503721e+02,-4.380637409063691479e+00
5.842268999037688673e+02,3.839393417802285740e+02,-4.396877020031364935e+00
5.841629578450487088e+02,3.842705470457385672e+02,-4.407912402828271681e+00
5.840888411209199376e+02,3.845750969699106463e+02,-4.419950473087468801e+00
5.840029889640999272e+02,3.848933541550839550e+02,-4.431590483714797912e+00
5.839226284245775105e+02,3.852288082670844460e+02,-4.441095812481657745e+00
5.838526988606482746e+02,3.855569886171448388e+02,-4.451066568468666773e+00
5.837560314234650605e+02,3.859041340919569052e+02,-4.463368277531328587e+00
5.837186809749581471e+02,3.862469255275341879e+02,-4.472315029046311174e+00
5.836491297289873046e+02,3.865398524685813868e+02,-4.482218439627722262e+00
5.835774719304658902e+02,3.868802546714062487e+02,-4.490664794322367648e+00
5.835152620569745068e+02,3.872213756035222900e+02,-4.496748894405706132e+00
5.834587627775645160e+02,3.875510796731946925e+02,-4.501755874455863449e+00
5.833953667412232562e+02,3.879049398207293393e+02,-4.506063459978983943e+00
5.833123870702172553e+02,3.882381431278881223e+02,-4.509964396442285306e+00
5.832340602707984090e+02,3.885909722247342870e+02,-4.512289959852123111e+00
5.831516122996379181e+02,3.889497004440752335e+02,-4.515335155423884750e+00
5.830991804934194533e+02,3.892494553884055790e+02,-4.514459612554736267e+00
5.830316582099283096e+02,3.895823061791647319e+02,-4.516699827963336134e+00
5.829628001185959647e+02,3.899286171629963178e+02,-4.518548025352390418e+00
5.828892717083743946e+02,3.902405056058171908e+02,-4.519047247142353285e+00
5.828237080350646693e+02,3.905943821769571400e+02,-4.519730549387444896e+00
5.827560300250330556e+02,3.909167310815919905e+02,-4.520782072908282601e+00
5.826834427672878292e+02,3.912812777127405184e+02,-4.519764947224020446e+00
5.826343735006855695e+02,3.916164083627760419e+02,-4.520898002040230956e+00
5.825522731674518582e+02,3.919839721661505791e+02,-4.521094321159981000e+00
5.824903626147699924e+02,3.923101038857600997e+02,-4.521076980306725446e+00
5.824211871905083626e+02,3.926603167681399214e+02,-4.522118617813228880e+00
5.823391374637138824e+02,3.930083828313887579e+02,-4.521341536404350769e+00
5.822794580581220316e+02,3.933584807500233183e+02,-4.522642767490485660e+00
5.822334269311404569e+02,3.937020043421940159e+02,-4.523514579859432949e+00
5.821647272611190829e+02,3.940266218187408072e+02,-4.523155809946496575e+00
5.821045803307429196e+02,3.944047154226615248e+02,-4.523362662289995839e+00
5.820309270590765891e+02,3.947828751906654929e+02,-4.523848349613893483e+00
5.819598492886127588e+02,3.951296065843410474e+02,-4.524871985593025947e+00
5.818864181929355937e+02,3.954882304672762530e+02,-4.524902313184550273e+00
5.817976828917783223e+02,3.958612119108967704e+02,-4.523778523483508174e+00
5.817251906900620497e+02,3.962165965954054627e+02,-4.525331805129035878e+00
5.816683624547640648e+02,3.965487870566818174e+02,-4.525804411403610672e+00
5.815917603081705920e+02,3.969396451552879626e+02,-4.525753406150871072e+00
5.815219856530367224e+02,3.972999530942400384e+02,-4.527394979557480603e+00
5.814526755673350635e+02,3.976753712758391544e+02,-4.527596737025318063e+00
5.813656095751850899e+02,3.980194093527136374e+02,-4.528201446995419488e+00
5.812925884384656001e+02,3.983992779272553548e+02,-4.529017675204257465e+00
5.812179462559681724e+02,3.987763773326259411e+02,-4.529769050365396232e+00
5.811578812103317659e+02,3.991473559059186869e+02,-4.531171440432814279e+00
5.811040530690995638e+02,3.995381768603115802e+02,-4.533222015586836129e+00
5.810338565889728670e+02,3.999028651467086775e+02,-4.534895531510771960e+00
5.809671160309277411e+02,4.003032222741729242e+02,-4.536368934764362315e+00
5.809032215925064975e+02,4.006970796505692647e+02,-4.536587472436365509e+00
5.808273695973454096e+02,4.010498823720340056e+02,-4.538760348718414050e+00
5.807613459970848453e+02,4.014172600877634522e+02,-4.539065191855201853e+00
5.807030366624526323e+02,4.018280169320129289e+02,-4.539759832140153328e+00
5.806325877803647018e+02,4.021917353911669579e+02,-4.539993931876282751e+00
5.805752940254686791e+02,4.025516800595561335e+02,-4.539511330593503757e+00
5.805020179603222914e+02,4.029397371530877763e+02,-4.540657730868127295e+00
5.804389096041716130e+02,4.033342520200915828e+02,-4.541147703502657507e+00
5.803647159303779972e+02,4.037475401969693962e+02,-4.541898080607849053e+00
5.802909134052392801e+02,4.041193425629091962e+02,-4.541663780915174087e+00
5.802430053984895721e+02,4.045330969722597274e+02,-4.543468672525778018e+00
5.801567490807397007e+02,4.049185037192212917e+02,-4.542655158140484595e+00
5.800944895273871680e+02,4.053214973282695723e+02,-4.544661524421719889e+00
5.800239346092781716e+02,4.057490183303998492e+02,-4.545798877633168367e+00
5.799530429138774252e+02,4.061442386313068482e+02,-4.546977591423580378e+00
5.798938172038509720e+02,4.065265455530446275e+02,-4.548118581942299343e+00
5.798205219910435062e+02,4.069302680681096263e+02,-4.549726320459976492e+00
5.797696698505659469e+02,4.073072576478580231e+02,-4.550081545147368622e+00
5.797220046325903695e+02,4.076712506122597119e+02,-4.550549612237924535e+00
5.796624017663029917e+02,4.080526064682874789e+02,-4.551663951556903065e+00
5.795874428213954843e+02,4.084475365211384883e+02,-4.552503188992081284e+00
5.795214087037464878e+02,4.088755772339041528e+02,-4.555041719591112148e+00
5.794671924634520792e+02,4.092374357847261308e+02,-4.555677432510155889e+00
5.794050622850905938e+02,4.096219514002364690e+02,-4.558643976001970799e+00
5.793387827631429445e+02,4.100173629660080223e+02,-4.560396635040800284e+00
5.792707625325092522e+02,4.104480712894409180e+02,-4.563508470049157495e+00
5.792240785902075686e+02,4.108257039918016176e+02,-4.565028515590258351e+00
5.791527127230559699e+02,4.111747179075512690e+02,-4.567499264216386301e+00
5.791083044719773625e+02,4.115931112751269438e+02,-4.569238980570687225e+00
5.790487268875493783e+02,4.119884570862624855e+02,-4.570576930115423764e+00
5.789833905042505648e+02,4.123892273131870070e+02,-4.572557149115925590e+00
5.789408863941674781e+02,4.128029519768455202e+02,-4.574512717937738948e+00
5.788772360122175087e+02,4.131896216842291665e+02,-4.576497739254836716e+00
5.788339026882562166e+02,4.135885266161531604e+02,-4.576587396567858512e+00
5.787676733804310061e+02,4.139659367078758123e+02,-4.578917367619522949e+00
5.787206242044537703e+02,4.143946378320673034e+02,-4.578692597620998228e+00
5.786778657801716008e+02,4.147571014563477547e+02,-4.580118693290216036e+00
5.786270498424112247e+02,4.151635682273721955e+02,-4.581130898417661079e+00
5.785793860923109833e+02,4.155365716393467324e+02,-4.581946803983040439e+00
5.785027801105966319e+02,4.159581538373760736e+02,-4.582027001105274167e+00
5.784573176196238364e+02,4.163417766684685262e+02,-4.582077239194088492e+00
5.784148487117925015e+02,4.167346357914772739e+02,-4.582866596685838623e+00
5.783605254812049452e+02,4.171716006853364433e+02,-4.584062728354941996e+00
5.783216091270319339e+02,4.175685641518196576e+02,-4.584822373137677154e+00
5.782690394973088814e+02,4.179062536696639540e+02,-4.584247985993844310e+00
5.782085464386242393e+02,4.183127205165664009e+02,-4.584950257996474932e+00
5.781590205938082363e+02,4.187113025129336279e+02,-4.586723985475794407e+00
5.781020924699608941e+02,4.190774789232561375e+02,-4.586690570405734135e+00
5.780476283527107171e+02,4.195028204458961909e+02,-4.587155076212749094e+00
5.780078757926399931e+02,4.198715417718620984e+02,-4.586283781999138220e+00
5.779387175150036455e+02,4.202623624902374218e+02,-4.587157362416140138e+00
5.778979651850427217e+02,4.206889545796053653e+02,-4.588024457692329250e+00
5.778355707098349967e+02,4.210843642789145065e+02,-4.587925094325851383e+00
5.777910624984608603e+02,4.214936018586126352e+02,-4.588450025599861704e+00
5.777433258856456177e+02,4.218469248943546859e+02,-4.587870514466758642e+00
5.776953067479986430e+02,4.222429902011807030e+02,-4.588763973610218372e+00
5.776404521266216534e+02,4.226284239583774252e+02,-4.589120447606672037e+00
5.775942657936071782e+02,4.230329500814026460e+02,-4.588180830956485323e+00
5.775490445562817285e+02,4.234330536241957361e+02,-4.588607485216884108e+00
5.774909295502441182e+02,4.237961501369984489e+02,-4.588324077698466397e+00
5.774381764556756025e+02,4.241676267041648316e+02,-4.586913134326214170e+00
5.773725042591634065e+02,4.245870464410559748e+02,-4.587591231389417601e+00
5.773244927065577485e+02,4.249288672702505210e+02,-4.586027283118701448e+00
5.772723267307895867e+02,4.252942237949111473e+02,-4.586314722918697129e+00
5.772173804639547825e+02,4.256854190261456097e+02,-4.584806650258925309e+00
5.771812915069639303e+02,4.260225266224813367e+02,-4.584196413487789279e+00
5.771422347406023619e+02,4.264111611221098315e+02,-4.585131130377303244e+00
5.770812431985848434e+02,4.267828574251269060e+02,-4.583587334325650353e+00
5.770269077730408753e+02,4.271390591570980177e+02,-4.582648960141201044e+00
5.769780599600903770e+02,4.274921438854860298e+02,-4.581654486943028459e+00
5.769284636703024489e+02,4.278682160456845622e+02,-4.581152509700773479e+00
5.768625106521394628e+02,4.281849839679434808e+02,-4.580578089964621569e+00
5.768475216072043850e+02,4.285618530582662515e+02,-4.580563195785408048e+00
5.767873849581075092e+02,4.288936812320149556e+02,-4.579776141333234740e+00
5.767319785151897804e+02,4.292247711343783863e+02,-4.578483843339379966e+00
5.766747256674270830e+02,4.295735766904353454e+02,-4.577209153668104769e+00
5.766276138142892478e+02,4.299464839761603230e+02,-4.576750544545487465e+00
5.765825688768693453e+02,4.303176564431756788e+02,-4.576265387441253552e+00
5.765240953709178484e+02,4.306267427982292020e+02,-4.575467618015214732e+00
5.764773594479835310e+02,4.309648285264048582e+02,-4.574557312698743772e+00
5.764224403513198922e+02,4.313222008808471628e+02,-4.573353238662503095e+00
5.763637980988673917e+02,4.316455984816548153e+02,-4.573147672821986198e+00
5.763253832642332100e+02,4.319837985470730359e+02,-4.572051746206334144e+00
5.762658354807330170e+02,4.323227301006758694e+02,-4.571664847891129035e+00
5.762046732747592159e+02,4.326726732291989492e+02,-4.570358595980447802e+00
5.761618214262130095e+02,4.330123676651635378e+02,-4.570181390482634498e+00
5.761148491188982916e+02,4.333234696943209201e+02,-4.568378069104798378e+00
5.760509222017692537e+02,4.336676688462372908e+02,-4.567620454219393444e+00
5.760105790169965303e+02,4.339904300794374308e+02,-4.567068375878058362e+00
5.759588344363501164e+02,4.343259194815419733e+02,-4.566558453131899675e+00
5.759024007740374600e+02,4.346415332181072699e+02,-4.565993315199452063e+00
5.758573673485009294e+02,4.349749620521074576e+02,-4.564929468772379373e+00
5.758075170541795842e+02,4.353148191862687213e+02,-4.564857892349453827e+00
5.757502140499769894e+02,4.356582176954850638e+02,-4.564481312722832307e+00
5.757036208614991892e+02,4.359946105785555233e+02,-4.563360928212577328e+00
5.756610349725493734e+02,4.363168766292092187e+02,-4.563481098448323614e+00
5.756044239728533967e+02,4.366330184776981014e+02,-4.562760368584831916e+00
5.755561833876830633e+02,4.369607046675956781e+02,-4.562272642710233583e+00
5.754896178388430599e+02,4.373016879993643329e+02,-4.560865060769015322e+00
5.754460188506380973e+02,4.376313862624048738e+02,-4.560939878193102537e+00
5.753978208482598120e+02,4.379731989816772852e+02,-4.561827624589554375e+00
5.753426848695228273e+02,4.382919273548004639e+02,-4.561079849981934053e+00
5.752842712746108873e+02,4.386098275086424678e+02,-4.561413673554856274e+00
5.752380554375895372e+02,4.389489144211613620e+02,-4.563672719796601385e+00
5.752057474815877640e+02,4.392675267986008976e+02,-4.565697365873382374e+00
5.751502886930281875e+02,4.395625272008605862e+02,-4.565222430888267624e+00
5.751132302975746597e+02,4.398977088408281588e+02,-4.569220606915550320e+00
5.750751849220689564e+02,4.402200360246040987e+02,-4.569796093786272273e+00
5.750245833722377711e+02,4.405365788795065782e+02,-4.571443096844589604e+00
5.749792230643645325e+02,4.408655857651912697e+02,-4.573128655596838676e+00
5.749447615774580527e+02,4.411637164451292961e+02,-4.574435819467747244e+00
5.748956224343878603e+02,4.414553997998170871e+02,-4.575023330234279761e+00
5.748588873768588883e+02,4.417899132925719528e+02,-4.577253665257054571e+00
5.748218309645851605e+02,4.420883491500553077e+02,-4.578535736422991498e+00
5.747793513143573136e+02,4.424238259571905019e+02,-4.580611505310845821e+00
5.747371539297004119e+02,4.427149703883592338e+02,-4.581152744700038859e+00
5.746945372693672880e+02,4.430275190140073960e+02,-4.583057220282337418e+00
5.746481708183946466e+02,4.433006625492552075e+02,-4.584432862005296982e+00
5.746033171233989378e+02,4.436104608671728897e+02,-4.586148718666242630e+00
5.745687080928828436e+02,4.439183628633740000e+02,-4.587866225451739943e+00
5.745530179904205852e+02,4.442208555452671703e+02,-4.589496911083418063e+00
5.744934476828332208e+02,4.445284398171270368e+02,-4.591094790182785879e+00
5.744611257833885247e+02,4.448130593069764132e+02,-4.591703891769176593e+00
5.744250352017157866e+02,4.451329761997974970e+02,-4.592488661460610189e+00
5.743861228061964539e+02,4.454257802185467767e+02,-4.591946637367977146e+00
5.743323461827164920e+02,4.457362049699775639e+02,-4.592436134212918297e+00
5.742851530191843494e+02,4.460227484471366211e+02,-4.591709516787702228e+00
5.742492780784441493e+02,4.463175098845683806e+02,-4.592745062597391126e+00
5.742222451348976620e+02,4.466010418724977171e+02,-4.593254372514919304e+00
5.741783369339567571e+02,4.468917524022952534e+02,-4.591675266513095544e+00
5.741550027519562036e+02,4.471862908741056231e+02,-4.591623964699038218e+00
5.741082054960193091e+02,4.474545652291469082e+02,-4.590863678000263626e+00
5.740714886268546024e+02,4.477418085705198223e+02,-4.589728804374211713e+00
5.740387522452516578e+02,4.480256777824882874e+02,-4.588418186618028471e+00
5.739983090614432513e+02,4.483175281014801499e+02,-4.585610517013046561e+00
5.739464413099095736e+02,4.485896648854323985e+02,-4.581366443219875961e+00
5.739166316382268178e+02,4.488729114878688620e+02,-4.577594878686214841e+00
5.738552370336071817e+02,4.491549074278248668e+02,-4.573194873351546619e+00
5.738118502933615446e+02,4.494271874269268210e+02,-4.566567089338969154e+00
5.737627836409232032e+02,4.496885062437558531e+02,-4.561124571730879929e+00
5.736986777599510106e+02,4.499659163172294711e+02,-4.551965739714406212e+00
5.736431117099333505e+02,4.502164740172236179e+02,-4.542742246901489978e+00
5.735907653633472592e+02,4.505168709056957823e+02,-4.532294775553546984e+00
5.735296583258997316e+02,4.507780268433610900e+02,-4.519198589144077793e+00
5.734583860206464578e+02,4.510482877203843373e+02,-4.505146699836481083e+00
5.733685749355406642e+02,4.513285932004284859e+02,-4.488664060086008156e+00
5.732771964043017761e+02,4.515976842607121853e+02,-4.469895027160157852e+00
5.731830505200221069e+02,4.518533040534201746e+02,-4.450454145663949035e+00
5.730929324303504018e+02,4.521176942987771099e+02,-4.429563434775040776e+00
5.729812869024189013e+02,4.523544629603663907e+02,-4.408696623954808658e+00
5.728735869547903121e+02,4.525981786966104892e+02,-4.387042515552211697e+00
5.727611947530762109e+02,4.528390719497356258e+02,-4.363784835209605362e+00
5.726236281505274519e+02,4.530896500264273072e+02,-4.337738788979184967e+00
5.724980348921444602e+02,4.532825278233796098e+02,-4.311693212076542103e+00
5.723480340720626600e+02,4.535327502779335305e+02,-4.284528457779130939e+00
5.722099615619273436e+02,4.537640073676202519e+02,-4.255452506953761649e+00
5.720567898243207310e+02,4.539883907150808682e+02,-4.224571060202123363e+00
5.718981184286160442e+02,4.542125672366082654e+02,-4.193734124543929020e+00
5.717151046860395809e+02,4.544201604441395830e+02,-4.159905613691010196e+00
5.715023867319017654e+02,4.546219788016188659e+02,-4.126507327699222571e+00
5.713072978238701580e+02,4.548069076831775988e+02,-4.091184889001483249e+00
5.711045830149226958e+02,4.549930732426814757e+02,-4.051936202940526144e+00
5.709049006065242793e+02,4.551829998365338952e+02,-4.010990714781437205e+00
5.706856365113184211e+02,4.553513741095951559e+02,-3.971166017650815672e+00
5.704528427390023353e+02,4.554979960449019245e+02,-3.931403389427947648e+00
5.702566414302515341e+02,4.556585329044176547e+02,-3.889263794365951821e+00
5.700052307480382296e+02,4.557894330493085704e+02,-3.848403469587227566e+00
5.697535456599182453e+02,4.559234558137531508e+02,-3.806129130289405360e+00
5.694988560273525309e+02,4.560599164556391543e+02,-3.766506728167085871e+00
5.692508039952749641e+02,4.561876226616182066e+02,-3.726854999553957715e+00
5.689957225732462121e+02,4.562731200450938331e+02,-3.686179828725871577e+00
5.687340010617795087e+02,4.563632826771566897e+02,-3.643869600957018395e+00
5.684804733306615390e+02,4.564270835212213342e+02,-3.602875888344806210e+00
5.681835861788231341e+02,4.565127642650282951e+02,-3.560959864603675307e+00
5.679178048567094947e+02,4.565871496244325840e+02,-3.521787455268244216e+00
5.676593546634218228e+02,4.566129915484231674e+02,-3.483761906693493504e+00
5.673746131998223063e+02,4.566682428920686903e+02,-3.444211769626371211e+00
5.670868661159266821e+02,4.567016369724979086e+02,-3.406169211842094757e+00
5.668082440970222251e+02,4.567112014536002675e+02,-3.368415166947189121e+00
5.665080888657786318e+02,4.567064152234837024e+02,-3.331438464705421154e+00
5.662294721815957246e+02,4.567184702457358867e+02,-3.295898448582078366e+00
5.659609963086701327e+02,4.567103123523144745e+02,-3.261633965841191696e+00
5.656495559017187134e+02,4.566740925903682182e+02,-3.228309995897893359e+00
5.653765704368988736e+02,4.566822672976664421e+02,-3.195741432207914734e+00
5.650978311139929247e+02,4.566496906465629877e+02,-3.165728057077077384e+00
5.648135775040966564e+02,4.566068500525066725e+02,-3.134492262913436633e+00
5.645320742567768093e+02,4.565722338015090713e+02,-3.108093696913715842e+00
5.642568836547616229e+02,4.565029376129853063e+02,-3.084004254018642754e+00
5.639603927632850855e+02,4.564634398444037515e+02,-3.059547592249518111e+00
5.636775743940553411e+02,4.564177987818183624e+02,-3.038748218104799115e+00
5.633837215422744293e+02,4.563507249406938513e+02,-3.019560587350485381e+00
5.630913771498334199e+02,4.562823971295281353e+02,-3.003248552039327279e+00
5.627817080527441931e+02,4.562242219577899505e+02,-2.990037532833940137e+00
5.624950018677122898e+02,4.561664120723256701e+02,-2.978579955303932270e+00
5.621962929913441940e+02,4.560877089822969310e+02,-2.971273976138705475e+00
5.619128932728605150e+02,4.560249357265687991e+02,-2.964581218835190768e+00
5.616227336541231807e+02,4.559647882148688609e+02,-2.960751765697123616e+00
5.613138532012013684e+02,4.558950892172773024e+02,-2.956633403498413859e+00
5.609947178247008424e+02,4.558317845090984974e+02,-2.953805215045437915e+00
5.606948397806468165e+02,4.557810801291737448e+02,-2.953803197858550167e+00
5.603919408874911596e+02,4.557174207593104711e+02,-2.952576501035275580e+00
5.600670489614342387e+02,4.556496348522960034e+02,-2.952414869231103633e+00
5.597907458202301996e+02,4.556078171021789558e+02,-2.951972407657622366e+00
5.594466098305184687e+02,4.555314063337432913e+02,-2.950686153301080861e+00
5.591462271101283932e+02,4.554843673252458416e+02,-2.951963363047851452e+00
5.588217179809339541e+02,4.554078158751651699e+02,-2.951193057795356456e+00
5.584989814724600592e+02,4.553341402121198485e+02,-2.950425018277868627e+00
5.581859768479012018e+02,4.552722403956911990e+02,-2.950022189715122423e+00
5.578701237985347916e+02,4.552025557301197978e+02,-2.949500832000891304e+00
5.575317654963730547e+02,4.551632582589302842e+02,-2.949075569422371146e+00
5.572190903258535855e+02,4.550859171133002405e+02,-2.949005075373644758e+00
5.568891728820279923e+02,4.550202528232629220e+02,-2.946600875616831594e+00
5.565617146206814141e+02,4.549621518321762892e+02,-2.944710864579441534e+00
5.562371205311864060e+02,4.548859919267936789e+02,-2.944856171339572448e+00
5.558984607473773849e+02,4.548020087793612447e+02,-2.943992736596482196e+00
5.555988862475022643e+02,4.547295649134097744e+02,-2.943241336361277938e+00
5.552528522874542887e+02,4.546690714760677565e+02,-2.941806319793755176e+00
5.549164765556120074e+02,4.546039046283412404e+02,-2.940577224230439768e+00
5.545970654922599579e+02,4.545326890533254414e+02,-2.940276835251081078e+00
5.542719775525689556e+02,4.544544719866195237e+02,-2.941173230082933632e+00
5.539316859566741869e+02,4.543705416036332849e+02,-2.939146662100660112e+00
5.536005278644864802e+02,4.542889448533888981e+02,-2.941676638343688310e+00
5.532705880347493803e+02,4.542521179725133038e+02,-2.939896941719490453e+00
5.529205734515359154e+02,4.541649231723833395e+02,-2.938924006683342860e+00
5.525605457498272699e+02,4.540919974709757412e+02,-2.940817347327392195e+00
5.522271648380070701e+02,4.540314532746901364e+02,-2.940436909983396241e+00
5.518839754121962642e+02,4.539461954671460262e+02,-2.940327471348038735e+00
5.515439573863105807e+02,4.538761340612044251e+02,-2.941507808040096261e+00
5.511878171710858396e+02,4.538053631565519481e+02,-2.941726193264547984e+00
5.508141784008859076e+02,4.537333902647603736e+02,-2.943379529893787705e+00
5.504480651193351832e+02,4.536492112935305272e+02,-2.942359950961703774e+00
5.501036021986246851e+02,4.535897726370466216e+02,-2.943858289950292306e+00
5.497528059880152114e+02,4.535481200859154569e+02,-2.944684353902216500e+00
5.493984475781194305e+02,4.534688194310100471e+02,-2.946337671807449432e+00
5.490481822321378331e+02,4.533831890337902450e+02,-2.948498349030858279e+00
5.486596193529323955e+02,4.533157972079176830e+02,-2.951372131173236824e+00
5.483349936004040046e+02,4.532610919750335938e+02,-2.951832565519388218e+00
5.479794530092979130e+02,4.531942987898029855e+02,-2.952796059157063002e+00
5.476642649987019240e+02,4.531645789739183670e+02,-2.956180874604316333e+00
5.472935274255942204e+02,4.530812616062470966e+02,-2.956828654436707282e+00
5.469039223441925515e+02,4.530269563229398386e+02,-2.958833242126883700e+00
5.465102417480846952e+02,4.529168593726040513e+02,-2.961843284607617921e+00
5.461696697457805385e+02,4.528655266747677501e+02,-2.965694117445329514e+00
5.458723591863017646e+02,4.527969090925701607e+02,-2.967616341779803157e+00
5.454583577448444203e+02,4.527269089368095933e+02,-2.971379103339631733e+00
5.451436986630513957e+02,4.526675403479869146e+02,-2.973704906968554607e+00
5.447828370411232299e+02,4.526223937302299305e+02,-2.976197455415237503e+00
5.444078922883323912e+02,4.525581534869432403e+02,-2.978862825345169441e+00
5.440504934923759492e+02,4.525087373166756493e+02,-2.982562282906418005e+00
5.437332096696545705e+02,4.524659078508977359e+02,-2.984444491717164194e+00
5.433561925754192998e+02,4.523893868842878305e+02,-2.986998380703798972e+00
5.429971873484805656e+02,4.523456172655602927e+02,-2.988669147451505026e+00
5.427051670640245220e+02,4.523012777658987602e+02,-2.990230238385015227e+00
5.423056988617557863e+02,4.522257436608946932e+02,-2.994951652841206347e+00
5.419230431422688525e+02,4.521887650478208798e+02,-2.997467017338001138e+00
5.415629184769385347e+02,4.521354926573413309e+02,-2.998754683174501778e+00
5.412016821560386006e+02,4.520625402716653412e+02,-3.000458531895055181e+00
5.408586280359555758e+02,4.520327845155217119e+02,-3.003058779207516515e+00
5.404802582994556133e+02,4.519890033866741419e+02,-3.003975373565058060e+00
5.401380894574091371e+02,4.519438293371453028e+02,-3.005664144171704688e+00
5.397527174050584335e+02,4.518990434789779442e+02,-3.008091338838070783e+00
5.394273606618221493e+02,4.518417351001784255e+02,-3.010235029121670181e+00
5.390975099818350600e+02,4.517736988862947669e+02,-3.010608929314928517e+00
5.387581209069860506e+02,4.517336937916668376e+02,-3.013601775688216744e+00
5.383795234316288543e+02,4.516867269334684920e+02,-3.015121925783112999e+00
5.380102662804350757e+02,4.516308143524752836e+02,-3.017465438250514165e+00
5.376351018180275787e+02,4.516013112178276856e+02,-3.018024364189744180e+00
5.372867836054610962e+02,4.515552698805472005e+02,-3.018973184604035964e+00
5.369447003062313115e+02,4.515132967385557095e+02,-3.021841973553503369e+00
5.365789998509189900e+02,4.514653656782829216e+02,-3.022191850305073313e+00
5.362562057255297532e+02,4.514194009010340096e+02,-3.022554983348286317e+00
5.358646675597522062e+02,4.513772232341564745e+02,-3.025461184074379251e+00
5.355074745696914533e+02,4.513470855984031687e+02,-3.026055301671871867e+00
5.351824300804203176e+02,4.513090847229717610e+02,-3.026951121477433837e+00
5.348364215325178748e+02,4.512608607999992500e+02,-3.028409986288033373e+00
5.344609823992834663e+02,4.512248228348163934e+02,-3.028753367749882131e+00
5.340939422603279354e+02,4.511714929596612365e+02,-3.030454791988573149e+00
5.337550719781578437e+02,4.511397754894493914e+02,-3.030792950702336785e+00
5.334177572762619093e+02,4.511157963909025170e+02,-3.032670641536206357e+00
5.330136278041578635e+02,4.510928404872848887e+02,-3.033826329142275569e+00
5.326842209105349184e+02,4.510537859937613234e+02,-3.034752459043370987e+00
5.323034060705605270e+02,4.510047597661660461e+02,-3.035794069940199513e+00
5.319797670381072976e+02,4.509962448512043807e+02,-3.036859334708613911e+00
5.315859714367363722e+02,4.509293716053693402e+02,-3.037834564764692491e+00
5.312184205503932617e+02,4.508917779407484545e+02,-3.039015629476636171e+00
5.308726057345294294e+02,4.508387309744818481e+02,-3.038956399857002832e+00
5.305165066177008839e+02,4.507976126008970823e+02,-3.040904585196501309e+00
5.301673461469473523e+02,4.507745954040967717e+02,-3.041226117772783955e+00
5.298315845394646431e+02,4.507178242530424654e+02,-3.040326808047490559e+00
5.294273676429519355e+02,4.506895353279838901e+02,-3.041767161051447843e+00
5.290740458819193464e+02,4.506401717771555582e+02,-3.041452170839433755e+00
5.287045020330784837e+02,4.506312223800898096e+02,-3.043475284238388312e+00
5.283742611884714506e+02,4.505997672181507028e+02,-3.043277944464224838e+00
5.280301715063089887e+02,4.505589449069770467e+02,-3.044776815903603939e+00
5.276782880858426097e+02,4.505207980020023797e+02,-3.046031273951944840e+00
5.273361080804236281e+02,4.504543668394412634e+02,-3.044744839809032211e+00
5.269799906988782823e+02,4.503999273436347153e+02,-3.043024162099973839e+00
5.266390389984262583e+02,4.503833948820687283e+02,-3.044714597927271615e+00
5.262774965258887505e+02,4.503476623601879965e+02,-3.045409422984463710e+00
5.259598902162562126e+02,4.503238447819230146e+02,-3.045736859416434239e+00
5.255950157115620414e+02,4.502822743264903238e+02,-3.044271774737665304e+00
5.252778855352532901e+02,4.502560279009658757e+02,-3.041840438397954927e+00
5.249246972241769527e+02,4.502001472790508956e+02,-3.039300070003946974e+00
5.245704421442073908e+02,4.501930617421365355e+02,-3.035436530476994132e+00
5.242144759293626066e+02,4.501487482254979113e+02,-3.030771930563677330e+00
5.238982860502183030e+02,4.500699983962555280e+02,-3.024806672654897888e+00
5.235621019692388245e+02,4.499985068999051805e+02,-3.016833470089956393e+00
5.232244884607505355e+02,4.499481351400651761e+02,-3.007824046224736314e+00
5.228679778850811317e+02,4.499022417951630359e+02,-2.998485733917832796e+00
5.225445069769199335e+02,4.498211885959180449e+02,-2.988182130305033546e+00
5.222273155037007655e+02,4.497633323018767442e+02,-2.982226454455069398e+00
5.219065436293475386e+02,4.496970581100509889e+02,-2.973789842807258665e+00
5.215864885333772918e+02,4.495874333162512926e+02,-2.964456212847193406e+00
5.212488657209446501e+02,4.495479884868894942e+02,-2.958632232933186668e+00
5.209440892947126258e+02,4.495002743649163222e+02,-2.951671098502835378e+00
5.205797577125704265e+02,4.494299923286173453e+02,-2.944364422331386510e+00
5.202983940569364449e+02,4.493861785625165339e+02,-2.935690742965826328e+00
5.200106364000475878e+02,4.493006777458768397e+02,-2.928982365522358577e+00
5.196858413774970131e+02,4.492177030326365639e+02,-2.922221846156201952e+00
5.193650199729311225e+02,4.491314164464765781e+02,-2.917115340130205681e+00
5.190604444961627451e+02,4.490759728441989864e+02,-2.913417672347033083e+00
5.187553853833384210e+02,4.489676071446190235e+02,-2.905921158347895883e+00
5.184268082792092400e+02,4.488838907344487552e+02,-2.897163143533609375e+00
5.181051699244645761e+02,4.487996692280419211e+02,-2.888004239164936759e+00
5.177964975593762347e+02,4.486981931581740355e+02,-2.879176005249910908e+00
5.174750836129861682e+02,4.485876969370504526e+02,-2.869001730838204089e+00
5.171711021965726331e+02,4.484841677870416561e+02,-2.856622172934498494e+00
5.168707379444742855e+02,4.483831811408255703e+02,-2.843488970691633977e+00
5.165514185929471296e+02,4.482663841263995437e+02,-2.827993390731849743e+00
5.162568472057039344e+02,4.481370588419902106e+02,-2.808669309951905113e+00
5.159512457594967145e+02,4.480131766453984596e+02,-2.791555700339279689e+00
5.156599689476136064e+02,4.478621277355579764e+02,-2.772236409597170770e+00
5.153870907235432242e+02,4.477107336612970130e+02,-2.750182202953502131e+00
5.151078042373574135e+02,4.475689515606560462e+02,-2.731182201935070442e+00
5.148418726052465217e+02,4.474219839341441798e+02,-2.706001256632029506e+00
5.145431637281794792e+02,4.472646079099893655e+02,-2.681841039259507564e+00
5.142698414380013219e+02,4.470733396500444314e+02,-2.657326687881224725e+00
5.140007596417611921e+02,4.468951082501353085e+02,-2.629962185566619315e+00
5.137654638085812167e+02,4.467129667910476201e+02,-2.601821497710511188e+00
5.135013394854253193e+02,4.465155202092776108e+02,-2.575462335608968534e+00
5.132518541807723977e+02,4.463091495458287454e+02,-2.546619817776038186e+00
5.130066462206026472e+02,4.460834136651329231e+02,-2.516233588542470478e+00
5.127580567442139454e+02,4.458614516091316773e+02,-2.482265769774076869e+00
5.125277431679130586e+02,4.456138259292642942e+02,-2.449197168393228097e+00
5.123142809729716873e+02,4.454060218276907790e+02,-2.417260329934408869e+00
5.121366389042937044e+02,4.451347764621596070e+02,-2.380731631579165786e+00
5.119254490923665344e+02,4.448762500248254241e+02,-2.343604503138933648e+00
5.117526417844570688e+02,4.446591080494890207e+02,-2.307854361854360548e+00
5.115668576031958992e+02,4.443791206253608266e+02,-2.268716428816379249e+00
5.113980633545006640e+02,4.441003368456586031e+02,-2.229746476002952615e+00
5.112684662614645390e+02,4.437927286740953718e+02,-2.194196106774621402e+00
5.111086294504068519e+02,4.435169693389792656e+02,-2.154162276684867372e+00
5.109715966872321928e+02,4.432183483218386755e+02,-2.116941433220243862e+00
5.108301985192116490e+02,4.429458716371713081e+02,-2.080946464267654505e+00
5.107376088989007599e+02,4.426140469919281486e+02,-2.044686503078080086e+00
5.106519339365585779e+02,4.423182368638942989e+02,-2.010634483389142080e+00
5.105631553870720722e+02,4.419925728262203961e+02,-1.972988447904493681e+00
5.104825907140624395e+02,4.416418158386960613e+02,-1.937568260013826871e+00
5.103738110469901130e+02,4.413471573424090479e+02,-1.901498885526901050e+00
5.103333866830348597e+02,4.410067117412068569e+02,-1.869706808699552747e+00
5.102781888799153762e+02,4.406846994127836865e+02,-1.836131560295487741e+00
5.102380403008945109e+02,4.403667088496212045e+02,-1.805771145710510339e+00
5.102113799044551570e+02,4.400312260901069408e+02,-1.777291322778290494e+00
5.101763098616843877e+02,4.396961284650154198e+02,-1.748875585610164540e+00
5.101341505971534502e+02,4.393977863559890693e+02,-1.721861432028105154e+00
5.101286141280430684e+02,4.390497437991961647e+02,-1.697077211198032121e+00
5.101254262836596922e+02,4.387237710394482519e+02,-1.674550782741452748e+00
5.100952973623041657e+02,4.383915275844908592e+02,-1.652879611353703426e+00
5.101038518159277828e+02,4.380589763129101470e+02,-1.636439374513107170e+00
5.101262257607688753e+02,4.377374873378994380e+02,-1.621482340190125493e+00
5.101089774738431970e+02,4.373898918465284851e+02,-1.608043285312036552e+00
5.101277583181087607e+02,4.370875835463411363e+02,-1.598843654928536528e+00
5.101151790967982151e+02,4.367080543829196699e+02,-1.589911617598813498e+00
5.101208041543550280e+02,4.364045485821662851e+02,-1.582439506405523888e+00
5.101051178594526050e+02,4.360537043588396386e+02,-1.574777531522813412e+00
5.101202654923220052e+02,4.357025960532157569e+02,-1.567527303004935701e+00
5.101532751314538245e+02,4.354026531582161397e+02,-1.560573711992031543e+00
5.101644671604270229e+02,4.350464339476938562e+02,-1.552807605010533276e+00
5.101835966032129477e+02,4.347112991693380764e+02,-1.547075230991885375e+00
5.101910869043865659e+02,4.343556828909004821e+02,-1.538725765153220681e+00
5.102209086488371099e+02,4.340396196637850608e+02,-1.532697074824349359e+00
5.102665428256350424e+02,4.337255606958188423e+02,-1.527698670121646840e+00
5.102742897410508363e+02,4.333754836846189846e+02,-1.520940593992869294e+00
5.103137032269803512e+02,4.330477150587306028e+02,-1.515414452117602506e+00
5.103235598230579058e+02,4.327035572149663381e+02,-1.509158827128646907e+00
5.103599296270596710e+02,4.323786880529310110e+02,-1.504558951660803112e+00
5.104068421551243659e+02,4.320529516467183839e+02,-1.501028570467966450e+00
5.104392694959845471e+02,4.317220810007013370e+02,-1.496464379124973432e+00
5.104570618678717437e+02,4.314152910449823821e+02,-1.493600416426788424e+00
5.104821720840682246e+02,4.310584080447369502e+02,-1.492538354184462346e+00
5.105207127351882264e+02,4.307117096797207410e+02,-1.489016644209319562e+00
5.105374548137228885e+02,4.304067484882274357e+02,-1.488007286915445926e+00
5.105714618396356741e+02,4.300649973008274287e+02,-1.487597338963686067e+00
5.106130747706215516e+02,4.297699436609995018e+02,-1.486256522735805552e+00
5.106446732184684834e+02,4.294405529670007127e+02,-1.484708891131675923e+00
5.106821946417372260e+02,4.291027000334693184e+02,-1.484431479152519273e+00
5.107198173637792706e+02,4.287919396324778063e+02,-1.484081441896256459e+00
5.107454949309305903e+02,4.284366892645978169e+02,-1.484030527813916978e+00
5.107541941799473761e+02,4.281439877626091288e+02,-1.484623756909253078e+00
5.107819393438373368e+02,4.278113830289526049e+02,-1.484709059248414231e+00
5.108201592103490611e+02,4.274749673330844075e+02,-1.485787985243694598e+00
5.108300856335085882e+02,4.271250610019328633e+02,-1.485536760265423029e+00
5.108834838985708302e+02,4.267944889258003514e+02,-1.485441551248159575e+00
5.109156323018445391e+02,4.264529734196275399e+02,-1.486551093601676587e+00
5.109491632830741992e+02,4.261151163345478494e+02,-1.485799964055379174e+00
5.109913070266336490e+02,4.257816808212392630e+02,-1.485744003609429376e+00
5.110068989988019439e+02,4.254568285259462073e+02,-1.485213681440294531e+00
5.110272911615244311e+02,4.251294662674174560e+02,-1.486312091396417623e+00
5.110839074393092005e+02,4.248272609819708237e+02,-1.484343543975590540e+00
5.111018496380923466e+02,4.244623639743497847e+02,-1.484628978206289363e+00
5.111058192934386284e+02,4.241572237819401607e+02,-1.484637121413327376e+00
5.111354365190568956e+02,4.238127890179387691e+02,-1.484102989612367640e+00
5.111921145047547270e+02,4.234768279868239915e+02,-1.483066157376730088e+00
5.112245118133807864e+02,4.231243496721680231e+02,-1.483503045038084833e+00
5.112469070930716839e+02,4.227854795973472051e+02,-1.484109364140320020e+00
5.112786415206714423e+02,4.224655297846712187e+02,-1.485081785281692879e+00
5.112960276164001812e+02,4.221449203459326327e+02,-1.485629782417218880e+00
5.113279992961643643e+02,4.217819080799000631e+02,-1.485951920214544142e+00
5.113542334178659985e+02,4.214460168167626648e+02,-1.487294726843822135e+00
5.113842914159739053e+02,4.211248977946641503e+02,-1.486394204926802409e+00
5.114311755967939916e+02,4.207547349165928949e+02,-1.486790089089697675e+00
5.114592018813316940e+02,4.204395270385760455e+02,-1.486838275474040572e+00
5.114930599253702894e+02,4.201186252866484097e+02,-1.487675986020580376e+00
5.115211685792486946e+02,4.197732812602620811e+02,-1.487683948557701141e+00
5.115410204773547775e+02,4.194068921689537319e+02,-1.488304231994533433e+00
5.115552645405479666e+02,4.190668349689169077e+02,-1.490390868471972219e+00
5.115822955973097237e+02,4.187500258089235103e+02,-1.490458850835200577e+00
5.116360512984318234e+02,4.183922216060884693e+02,-1.489925944421358173e+00
5.116483109031850631e+02,4.180699867473579729e+02,-1.493333392438488172e+00
5.116988172879013064e+02,4.177456531078082662e+02,-1.494794011246904475e+00
5.117124303594861203e+02,4.174019116409984349e+02,-1.497581318808261841e+00
5.117202299378984662e+02,4.170581383248463112e+02,-1.502238617916592522e+00
5.117403698556213953e+02,4.167026260126240800e+02,-1.504637338957276471e+00
5.117295456092831500e+02,4.163706352041356809e+02,-1.510970402217041819e+00
5.117476420093198612e+02,4.160310303183754286e+02,-1.516627305735052555e+00
5.117588918778633342e+02,4.156741861515454843e+02,-1.523159924694990064e+00
5.117664190549968453e+02,4.153314853545656433e+02,-1.531189562660052905e+00
5.118016004589462682e+02,4.149642458833174032e+02,-1.539165975294282562e+00
5.117850876608155772e+02,4.146365991741633934e+02,-1.549872359382306719e+00
5.117899586240046119e+02,4.142656589310546451e+02,-1.559703016512556939e+00
5.117937242738323107e+02,4.139354125998870586e+02,-1.571404851808733127e+00
5.117588029652395676e+02,4.135863058935445338e+02,-1.583071552405169724e+00
5.117151813879931410e+02,4.132121462808050865e+02,-1.595799731150632006e+00
5.116926468298929649e+02,4.128387607368911745e+02,-1.608458530535929798e+00
5.116682432597482375e+02,4.124792792094033302e+02,-1.622652480617634341e+00
5.116384813687439532e+02,4.121040711374147349e+02,-1.634387960673512108e+00
5.116240660219802976e+02,4.117652508739250834e+02,-1.646338092691259858e+00
5.115901965493648049e+02,4.114258288415693983e+02,-1.660748273767838734e+00
5.115280680588907671e+02,4.110518538641757686e+02,-1.674198080773718011e+00
5.114909797582182591e+02,4.106689187525696525e+02,-1.686846540364911329e+00
5.114359756741840783e+02,4.102973185748932679e+02,-1.699264201095142646e+00
5.113773226654042219e+02,4.099539263515029006e+02,-1.713775890812731850e+00
5.113244962647018497e+02,4.095777108899247310e+02,-1.725814910503211674e+00
5.112414789043418750e+02,4.091759002676998875e+02,-1.738623610878764492e+00
5.111616161428441956e+02,4.088271565817465216e+02,-1.752302529491917671e+00
5.110604696489354524e+02,4.084461802300607474e+02,-1.765031767962392584e+00
5.109784652603395898e+02,4.081021386804191025e+02,-1.779235784816544319e+00
5.109162209764569411e+02,4.077101571250010466e+02,-1.791860968446463698e+00
5.107983488101751277e+02,4.073337200355702521e+02,-1.804156905665415866e+00
5.107132633065643859e+02,4.070008175250170552e+02,-1.818184997680534876e+00
5.106273180061346011e+02,4.066102718198490038e+02,-1.830007036617068872e+00
5.105078690649620512e+02,4.062466865311538413e+02,-1.842572927656532356e+00
5.103790242815521196e+02,4.058879318544226749e+02,-1.854525194836509572e+00
5.102633789752595135e+02,4.055109412541806932e+02,-1.866651948978190978e+00
5.101257057119362344e+02,4.051455194109603895e+02,-1.877770981704816267e+00
5.099939662794027413e+02,4.047610259323120658e+02,-1.888851532864149307e+00
5.098714826234671023e+02,4.043842489191847562e+02,-1.898015917738451686e+00
5.097326876089350662e+02,4.040271691975896147e+02,-1.905609141435194109e+00
5.096110550690867740e+02,4.036641553115820216e+02,-1.912507785154301976e+00
5.094493672285861976e+02,4.032857734746614824e+02,-1.916995377170726655e+00
5.093245925669786516e+02,4.028972433170611680e+02,-1.919729359468362428e+00
5.091900719134327460e+02,4.024994844475963305e+02,-1.921625101777040268e+00
5.090623860768527607e+02,4.021114197142468925e+02,-1.921934127644277401e+00
5.089338305650434222e+02,4.017458047757311874e+02,-1.921033810285247778e+00
5.088007123021611733e+02,4.013766241045305492e+02,-1.920085217016368251e+00
5.086515387060734952e+02,4.009966002026616820e+02,-1.918821205177192013e+00
5.085188046157210238e+02,4.006248911685935923e+02,-1.916618312193064444e+00
5.084033115228347697e+02,4.002454857279320777e+02,-1.913721121528983105e+00
5.082885405923621533e+02,3.998459085024926480e+02,-1.910850691698626092e+00
5.081572906201965338e+02,3.994483248742291721e+02,-1.906542352390534267e+00
5.080579643286793043e+02,3.990716230436922274e+02,-1.900793328398468374e+00
5.079181343653037288e+02,3.987075550945050395e+02,-1.894993498575642477e+00
5.077957379969599288e+02,3.983100996062414652e+02,-1.887739879858487013e+00
5.076920365144599714e+02,3.979238961286108633e+02,-1.878256130093655107e+00
5.075914067090811841e+02,3.975282596506105506e+02,-1.867793452809761723e+00
5.074798045378613551e+02,3.971304877320608853e+02,-1.855735189348665326e+00
5.074102785859617484e+02,3.967781694612064598e+02,-1.844381466979147843e+00
5.073215599939049980e+02,3.963764066215832145e+02,-1.830674954351287909e+00
5.072328686811189300e+02,3.960006965757713715e+02,-1.815163385867964996e+00
5.071473816783746997e+02,3.956124565517462770e+02,-1.799671361216689247e+00
5.070950238079848873e+02,3.952195155401810212e+02,-1.785887685169601946e+00
5.070239609886943981e+02,3.948404529081608985e+02,-1.771700604411480473e+00
5.069781790286288015e+02,3.944524027610835333e+02,-1.757352355106885478e+00
5.069252987476296539e+02,3.940870333704330051e+02,-1.742491552415016187e+00
5.068813556977088410e+02,3.937036194682431187e+02,-1.728227924195976151e+00
5.068469785365697362e+02,3.933492660939497227e+02,-1.713072670444899748e+00
5.068003109584965387e+02,3.929868084678900004e+02,-1.699307514094491101e+00
5.067755162489402210e+02,3.926137672265757601e+02,-1.685846913251666246e+00
5.067481455341409173e+02,3.922356659008953557e+02,-1.671488658010126027e+00
5.067279692364663788e+02,3.918627249612742958e+02,-1.657737590849555964e+00
5.067271992295029008e+02,3.914835128042020074e+02,-1.644391290368941272e+00
5.067265962757714419e+02,3.911172479149728929e+02,-1.631027732391951091e+00
5.067137548915052321e+02,3.907378222635796305e+02,-1.615852804811377386e+00
5.067181659198442389e+02,3.903698052530557447e+02,-1.601828918347655506e+00
5.067077617019515969e+02,3.899885646378476167e+02,-1.587733654889346369e+00
5.067080633352238692e+02,3.896276205896390366e+02,-1.575285506022790383e+00
5.067501792696278926e+02,3.892694612284278719e+02,-1.560735257819159560e+00
5.067602279387037925e+02,3.888924272218180249e+02,-1.548127609306837238e+00
5.068072903694068714e+02,3.885163699681106664e+02,-1.535762025789805252e+00
5.068468086848145617e+02,3.881736373285112904e+02,-1.522774360355740653e+00
5.068982791949286479e+02,3.878044314838689957e+02,-1.509758689746632410e+00
5.069381267901657111e+02,3.874422376374469650e+02,-1.497003791790034954e+00
5.069780930165419477e+02,3.871083603304927578e+02,-1.486118909923330067e+00
5.070307614991083369e+02,3.867719532502595712e+02,-1.474895783231452651e+00
5.070899514185551311e+02,3.864008258466096208e+02,-1.465218863327578669e+00
5.071308568414235651e+02,3.860153246793025232e+02,-1.456952446301612580e+00
5.071717015747503865e+02,3.856830984849565880e+02,-1.448258658429122825e+00
5.072343054238931472e+02,3.853585626945148306e+02,-1.439411759904746235e+00
5.073014376053943693e+02,3.849689631331666533e+02,-1.431156133549954967e+00
5.073588359868649604e+02,3.846299884929836708e+02,-1.424080109354003865e+00
5.074272026068392734e+02,3.842977679474909110e+02,-1.416629642356983076e+00
5.074848878819830702e+02,3.839676281450623492e+02,-1.410407075684398492e+00
5.075602406668468802e+02,3.835873783021170880e+02,-1.405391037395267384e+00
5.076321480925811898e+02,3.832333425899283839e+02,-1.399913909991883809e+00
5.076807363223545053e+02,3.828929906668428771e+02,-1.394064955605483824e+00
5.077537750516524397e+02,3.825548458987515801e+02,-1.390232892817516941e+00
5.078228386201668627e+02,3.822196829126417015e+02,-1.385907807680262005e+00
5.078961210142487062e+02,3.818820391846141433e+02,-1.382530737851729308e+00
5.079738316800603570e+02,3.815349992114105930e+02,-1.378243337683796144e+00
5.080582771094622103e+02,3.812047277374930445e+02,-1.374053453319048934e+00
5.081390492622501256e+02,3.808624503562076598e+02,-1.370483628161980771e+00
5.082060944262521502e+02,3.805191024293163764e+02,-1.367894780249774289e+00
5.082706893698343720e+02,3.801895230340697367e+02,-1.365752691677585506e+00
5.083461793052520079e+02,3.798496438814009935e+02,-1.363798525393440819e+00
5.084177911770966602e+02,3.795219653088145719e+02,-1.362237230936887533e+00
5.084896379776633353e+02,3.792198439325461550e+02,-1.360251963687723498e+00
5.085712024439368975e+02,3.788794799996568372e+02,-1.360369740962487084e+00
5.086282404660012730e+02,3.785304416483451746e+02,-1.360062306318690073e+00
5.087024461982276193e+02,3.782163578268774700e+02,-1.357904912732492475e+00
5.087894280387713479e+02,3.778760203800373461e+02,-1.357175217431824121e+00
5.088418135923647583e+02,3.775522166980233010e+02,-1.356223381343562462e+00
5.089209981967837280e+02,3.772191264634921595e+02,-1.356588949334418537e+00
5.090119166717596499e+02,3.769177196809342831e+02,-1.355728966465060248e+00
5.090820169892269860e+02,3.765800689428650116e+02,-1.354860064538827569e+00
5.091458605715104682e+02,3.762703209988850972e+02,-1.353582988175145330e+00
5.092315798699586935e+02,3.759444439498544739e+02,-1.353257437853492062e+00
5.093045254338423433e+02,3.756382132047025380e+02,-1.352902685605447131e+00
5.093633551568113944e+02,3.752906969268109947e+02,-1.352718705126066512e+00
5.094470283777457098e+02,3.749988907948051633e+02,-1.352214990407376805e+00
5.095191862007702071e+02,3.746816496265744831e+02,-1.350802958669092391e+00
5.095888307464867921e+02,3.743459034144225370e+02,-1.350343259936292117e+00
5.096596012183715629e+02,3.740368912473319369e+02,-1.349954751033787925e+00
5.097330094420381101e+02,3.737321607979737905e+02,-1.348001529286988021e+00
5.098093166531971292e+02,3.734261009212568183e+02,-1.347381940987485427e+00
5.098953486679666867e+02,3.730914382036040706e+02,-1.347216427590869570e+00
5.099597447904985756e+02,3.728054191916624518e+02,-1.345055243243375109e+00
5.100299734392355049e+02,3.725056699710599446e+02,-1.344504658935325114e+00
5.101143258011906028e+02,3.722401503921943799e+02,-1.340824082847215770e+00
5.101893815110018977e+02,3.719297007060510509e+02,-1.339528128204735324e+00
5.102533632369046472e+02,3.716075406618665511e+02,-1.339139935321762565e+00
5.103319165345748729e+02,3.713435706941527314e+02,-1.338613598911741587e+00
5.104038159020813055e+02,3.710689190221776812e+02,-1.336536981007805380e+00
5.104691291303120693e+02,3.708027100527611992e+02,-1.334500872788055181e+00
5.105377459887651526e+02,3.704922280018143397e+02,-1.332818530170617688e+00
5.106148389435392119e+02,3.702041733916539101e+02,-1.332591180984780133e+00
5.106797893846836587e+02,3.699483838687696107e+02,-1.330369636841525205e+00
5.107628287365166670e+02,3.696213337981091058e+02,-1.330856304126135203e+00
5.108421048835662646e+02,3.693829135268486539e+02,-1.329073839633430287e+00
5.109194096401440106e+02,3.690685859099860409e+02,-1.328631882783818385e+00
5.109950163983293692e+02,3.687974121115335038e+02,-1.326605264591709021e+00
5.110571559114219440e+02,3.684858903837028947e+02,-1.326334822418726356e+00
5.111444659674417039e+02,3.681990104419853083e+02,-1.325574800156922528e+00
5.112084112860814002e+02,3.679860020967280434e+02,-1.324444402979652935e+00
5.112801097867039175e+02,3.676670819522832971e+02,-1.323434936299072939e+00
5.113230832852587469e+02,3.674213447516343649e+02,-1.322621325839108630e+00
5.114353382429004000e+02,3.671230159260088044e+02,-1.321765339440001741e+00
5.114730960153934802e+02,3.669220862108925303e+02,-1.320522588704266642e+00
5.115561382911073451e+02,3.666246020829906911e+02,-1.319326791141825606e+00
5.116235564743864188e+02,3.663796485993473766e+02,-1.319478240499999178e+00
5.117047586415345108e+02,3.661047331488561554e+02,-1.318300360510946234e+00
5.117631976836801186e+02,3.658895728642684730e+02,-1.315879101068711199e+00
5.118255166646507064e+02,3.655946865232693881e+02,-1.317077404023110576e+00
5.119045910669767068e+02,3.653869207648303359e+02,-1.315543203321463572e+00
5.119768708756650426e+02,3.651058788529735466e+02,-1.314427723438018170e+00
5.120557524965547600e+02,3.648637118131225066e+02,-1.314258860099847936e+00
5.121202443883115620e+02,3.646348143995559212e+02,-1.312863307085918807e+00
5.122076014389587044e+02,3.644048620022431919e+02,-1.310061033442087464e+00
5.122487534219228564e+02,3.641441990524117500e+02,-1.311107882087078069e+00
5.123123047960453960e+02,3.639298809761416464e+02,-1.310005679494506303e+00
5.123881851055236893e+02,3.636951849800570358e+02,-1.308220612782760917e+00
5.124475851144749186e+02,3.634828316184829191e+02,-1.308745534745785477e+00
5.124872350695853811e+02,3.632319909109837113e+02,-1.309610952053475108e+00
5.125496288792299993e+02,3.630379334830725497e+02,-1.308859698937598903e+00
5.126159422910670855e+02,3.628145856164414909e+02,-1.308164739685484301e+00
5.126906199686485479e+02,3.625905351782042203e+02,-1.305569670021189177e+00
5.127590109650342356e+02,3.623719508796546620e+02,-1.305671155953097573e+00
5.128266373818634065e+02,3.621869954165817376e+02,-1.305361541306061524e+00
5.128942856320082910e+02,3.619701105140636628e+02,-1.305535999969100303e+00
5.129284884027192675e+02,3.617605721201042002e+02,-1.305777937525271160e+00
5.129993828997140781e+02,3.615665556027057619e+02,-1.305856961342141576e+00
5.130495612099070968e+02,3.613724314455080275e+02,-1.303713206054639695e+00
5.131065884967407555e+02,3.612089812060768281e+02,-1.305562137998172334e+00
5.131809615889344514e+02,3.609848169168749337e+02,-1.305619522284136247e+00
5.132395435942733002e+02,3.608023870316544048e+02,-1.304156913509411098e+00
5.132846484964018146e+02,3.605925862099695109e+02,-1.305108196235138518e+00
5.133135266802112255e+02,3.604087317096028755e+02,-1.305877646552836779e+00
5.133526764052007820e+02,3.602006574734522246e+02,-1.308992311920843976e+00
5.133991948845402931e+02,3.599940897294848696e+02,-1.313102651363166729e+00
5.134569828327987580e+02,3.597563942484723043e+02,-1.313591188022778411e+00
5.135255877644805196e+02,3.595735124719405462e+02,-1.315881241569979432e+00
5.135817752023850744e+02,3.593769382386196867e+02,-1.318244458045578105e+00
5.136489918607082927e+02,3.591635124167112281e+02,-1.319773736438212497e+00
5.136786211262941606e+02,3.589751090622710308e+02,-1.324519607483437778e+00
5.137196164497487416e+02,3.587833485532510736e+02,-1.328101686955736049e+00
5.137836221369009309e+02,3.585435117984378621e+02,-1.332604587811834884e+00
5.138656571838477021e+02,3.583156169668474718e+02,-1.337929382446513715e+00
5.139184711747629990e+02,3.580869581090969405e+02,-1.340849770409163533e+00
5.139607550238491740e+02,3.578671303256610372e+02,-1.347060659809045102e+00
5.139856979118966365e+02,3.576456266514147160e+02,-1.350744612535107247e+00
5.140116678004342248e+02,3.574056951958548893e+02,-1.356719362249710681e+00
5.140320447639769554e+02,3.572060973857087447e+02,-1.360850560662098641e+00
5.141038932690846650e+02,3.570151998203641028e+02,-1.362163319681830131e+00
5.141562511527497463e+02,3.568052829000839665e+02,-1.367532540906650995e+00
5.142284929447766899e+02,3.565777510895264300e+02,-1.374781058243117915e+00
5.142517174045863158e+02,3.562856078474349033e+02,-1.378011714934091581e+00
5.143211389651095260e+02,3.560294929898232681e+02,-1.382423890021035939e+00
5.143651387887196051e+02,3.557647198967122222e+02,-1.385499079267077605e+00
5.144210501425565099e+02,3.555524832855477371e+02,-1.391625393031144409e+00
5.144695001758396984e+02,3.552948889308395337e+02,-1.395830624725066249e+00
5.145190049802226895e+02,3.550229759154126441e+02,-1.399627331546482667e+00
5.145299678436755357e+02,3.547726328299368106e+02,-1.402106010269453140e+00
5.145628231884543311e+02,3.545154404487509510e+02,-1.406117403113671394e+00
5.146104721221847740e+02,3.542272449339689615e+02,-1.408831169499023872e+00
5.146764688613931185e+02,3.539657050112524530e+02,-1.412450354791221274e+00
5.147290206212145449e+02,3.536958209276818366e+02,-1.413719662933241139e+00
5.147406373486051052e+02,3.534235106622512603e+02,-1.415503608866103047e+00
5.147801345320268638e+02,3.531448297996586234e+02,-1.420180583616333481e+00
5.148176835141257470e+02,3.528440270168811139e+02,-1.422302863118734662e+00
5.148609452367235235e+02,3.525550169260962434e+02,-1.423124016345305165e+00
5.149155880365721032e+02,3.523053808785892329e+02,-1.426711818057784686e+00
5.149440886284946828e+02,3.520319859888149949e+02,-1.429530862741887454e+00
5.149571472760878805e+02,3.517078001799858384e+02,-1.432069964151699182e+00
5.150149151908760814e+02,3.514672690822168875e+02,-1.435421913169614871e+00
5.150468397200947948e+02,3.511502967873153693e+02,-1.437084327741912970e+00
5.150952366474854216e+02,3.508798656370699973e+02,-1.440213282367098557e+00
5.151269126544557366e+02,3.506198325402754676e+02,-1.442625366723852887e+00
5.151727835630974823e+02,3.502870626614732714e+02,-1.443090250957093978e+00
5.152125226257282975e+02,3.499994644439652234e+02,-1.442260845338804831e+00
5.152238599121003517e+02,3.497020882796866204e+02,-1.443539388842191018e+00
5.153054338468155038e+02,3.493883817093258699e+02,-1.445225284154920242e+00
5.153295217216710853e+02,3.490952469488945553e+02,-1.445001563823336221e+00
5.153586531841798433e+02,3.487881658636848670e+02,-1.445490037028432706e+00
5.153920955487121773e+02,3.484531357981546194e+02,-1.445235199949339133e+00
5.154232870830030606e+02,3.481697655571535392e+02,-1.445277272104207533e+00
5.154863351043071589e+02,3.478607360080777084e+02,-1.447095023856506124e+00
5.155163352227352789e+02,3.475345627492761764e+02,-1.445727149874773243e+00
5.155560652711429839e+02,3.472133426464438344e+02,-1.446028433032672256e+00
5.156133863647219187e+02,3.468946440452087927e+02,-1.446653166480687647e+00
5.156510334196966596e+02,3.465878810060635260e+02,-1.447375220651082595e+00
5.156719206300147107e+02,3.462847765959768935e+02,-1.445521972255597420e+00
5.157370499875388532e+02,3.459362541922272953e+02,-1.447115070215175603e+00
5.157710281520281796e+02,3.456462640089512774e+02,-1.447020899617358136e+00
5.158020020689621106e+02,3.453168914595563592e+02,-1.447550514998494187e+00
5.158552454299710917e+02,3.450002831920679114e+02,-1.447446591721844422e+00
5.159024001803641113e+02,3.446970207982790839e+02,-1.447087592604422213e+00
5.159701733664442145e+02,3.443574686439861807e+02,-1.448914014899602254e+00
5.160076715813471537e+02,3.440009901750620429e+02,-1.448761794727859709e+00
5.160158262149452639e+02,3.436616148935703450e+02,-1.446473083972021234e+00
5.160609712021672522e+02,3.433644648871562595e+02,-1.447316775169176895e+00
5.161011578957327401e+02,3.430695435914599898e+02,-1.447285141262695030e+00
5.161552390281012777e+02,3.427472852717371552e+02,-1.448863762947075307e+00
5.161965947000222741e+02,3.423688247015885509e+02,-1.447584513245784077e+00
5.162313202718656839e+02,3.420578110427062484e+02,-1.447926043011462882e+00
5.162579118129652898e+02,3.416830648080630795e+02,-1.446727466444408527e+00
5.163153670804887270e+02,3.412834650256633040e+02,-1.446388006061702480e+00
5.163403633374094852e+02,3.409937541081682753e+02,-1.446645486523072677e+00
5.163726052598530032e+02,3.406864934936702980e+02,-1.446007553910867660e+00
5.163803976359374701e+02,3.404148793988503598e+02,-1.444799566641005173e+00
5.164231464325987417e+02,3.400788007763890164e+02,-1.445051026528142435e+00
5.164707965871831448e+02,3.397735539133767020e+02,-1.444915942622713168e+00
5.165421388297742169e+02,3.393886588538284741e+02,-1.448019501205117798e+00
5.165887434494446779e+02,3.390704703823455475e+02,-1.448037975584311576e+00
5.166367129688511568e+02,3.387303353486387891e+02,-1.448706236228178845e+00
5.166450203316670695e+02,3.383910809160643680e+02,-1.443995610731890533e+00
5.166835247234168946e+02,3.381211102787513028e+02,-1.445431503588645805e+00
5.167503052006803728e+02,3.376721146469407131e+02,-1.444295728131999024e+00
5.167783881583337688e+02,3.373505126435710508e+02,-1.440837045377518555e+00
5.168382047603203091e+02,3.370602379405131614e+02,-1.443461076746369587e+00
5.169023273971610024e+02,3.366712429691793318e+02,-1.445732051065462098e+00
5.169248798901921873e+02,3.363860749068938389e+02,-1.442902068130833104e+00
5.169737205089554664e+02,3.360122036782036616e+02,-1.441490592068571885e+00
5.170089532702127144e+02,3.357451268408524356e+02,-1.441703361165640018e+00
5.170848285328397651e+02,3.353881767471163471e+02,-1.445406903228854789e+00
5.171022864090991789e+02,3.350735802823484164e+02,-1.439875795692473481e+00
5.171487002311730521e+02,3.347629320862394593e+02,-1.440529785505985316e+00
5.171963403356140816e+02,3.344360208995557286e+02,-1.439849715622565363e+00
5.172405430381226097e+02,3.341065220302330658e+02,-1.439413288086261122e+00
5.172712406869021606e+02,3.337782768728531551e+02,-1.437495543344457394e+00
5.173156275840190119e+02,3.334596231569225893e+02,-1.435691884127554330e+00
5.173579124610461122e+02,3.332166752862375461e+02,-1.436921832800871712e+00
5.174167063398871278e+02,3.328170751463596275e+02,-1.436925010097583888e+00
5.174588210806213056e+02,3.325123155712387302e+02,-1.435237866970305420e+00
5.174975191904343319e+02,3.322621878322121916e+02,-1.435995098718209739e+00
5.175427907055698142e+02,3.319562758318217561e+02,-1.433828635434507781e+00
5.175694066582224195e+02,3.316915064182450124e+02,-1.434649399109765300e+00
5.176247552555460061e+02,3.313258384907429104e+02,-1.438488113347232478e+00
5.176614641538162687e+02,3.310000041861216005e+02,-1.436825810838393336e+00
5.177021629836417560e+02,3.307395830941497934e+02,-1.438411101995237029e+00
5.177295786896503387e+02,3.304431600183854130e+02,-1.436451326664905492e+00
5.177742545447703151e+02,3.301162733295853400e+02,-1.435594187166670421e+00
5.178119897815854529e+02,3.298204390630180569e+02,-1.436644226920026357e+00
5.178563886354838814e+02,3.294986125733050812e+02,-1.439730141292302257e+00
5.178909967565791703e+02,3.292182362117122807e+02,-1.439085365231392188e+00
5.179349259190316843e+02,3.289219241115460477e+02,-1.436617830949936225e+00
5.179628745984651914e+02,3.286530195231087532e+02,-1.438286343318702976e+00
5.180123076123228429e+02,3.283772561907757677e+02,-1.440380532872403530e+00
5.180498517015556672e+02,3.281432930684443363e+02,-1.437006521683387383e+00
5.180988916669321043e+02,3.278361578484705774e+02,-1.438039543032821443e+00
5.181237583135609839e+02,3.275986942894277263e+02,-1.438401098738897321e+00
5.181511286176468047e+02,3.273131406847692233e+02,-1.438591100471837914e+00
5.181826218360050689e+02,3.270496324274872677e+02,-1.439810666318348975e+00
5.182142077403306075e+02,3.267685821758464613e+02,-1.439825960405183514e+00
5.182522373727912282e+02,3.265540581940254015e+02,-1.438725767108057330e+00
5.182889464467792777e+02,3.262923644647975152e+02,-1.438970295314999870e+00
5.183194599151599959e+02,3.260771534066591926e+02,-1.439180083478579952e+00
5.183359970580987692e+02,3.258253002457577168e+02,-1.438514487270651010e+00
5.183625676775315014e+02,3.256566038694231793e+02,-1.438695813889496522e+00
5.183768342201218502e+02,3.254131472837001979e+02,-1.439785393219260135e+00
5.184178658228274799e+02,3.252310956901813483e+02,-1.440228812395050850e+00
5.184410076793486724e+02,3.250094630728973470e+02,-1.440613082098795683e+00
5.184911263624640014e+02,3.247803504531713656e+02,-1.439251490180825988e+00
5.185316359567253812e+02,3.245425439306170574e+02,-1.436263358741428409e+00
5.185538971972108584e+02,3.243144511292044854e+02,-1.437053138940752151e+00
5.185927117924445611e+02,3.240870923813472473e+02,-1.435610404868598255e+00
5.186267710128388444e+02,3.238426228226405215e+02,-1.434657187035346393e+00
5.186640430463448865e+02,3.236852536739694983e+02,-1.432848421582368248e+00
5.187148561643906532e+02,3.234041106709422593e+02,-1.430495167747894980e+00
5.187631563260384837e+02,3.231777369278614742e+02,-1.431509302377712123e+00
5.187832360008285377e+02,3.229594721975361722e+02,-1.429967947806010109e+00
5.188076117323738572e+02,3.227861934711474419e+02,-1.428060242810693214e+00
5.188379140972127743e+02,3.225489276264499949e+02,-1.423866114715130138e+00
5.188645168569001953e+02,3.223413806831119359e+02,-1.422411937264184134e+00
5.189005118584245793e+02,3.221296980793593434e+02,-1.418384032206751577e+00
5.189393678779742913e+02,3.219259489276363411e+02,-1.415787368691799886e+00
5.189881337945295172e+02,3.217054271662509564e+02,-1.414327697610288315e+00
5.190385636283497206e+02,3.215261606266663534e+02,-1.411589806445513906e+00
5.190684221751804444e+02,3.213187169234797693e+02,-1.408011290403611282e+00
5.191116651565620259e+02,3.211340542190227438e+02,-1.405535876810879659e+00
5.191403929778712154e+02,3.209302931937937728e+02,-1.401044805516301617e+00
5.191977177354385731e+02,3.206950663510239110e+02,-1.396676321090309703e+00
5.192344814562206921e+02,3.205105644486440042e+02,-1.394262364963915868e+00
5.193071734606729706e+02,3.202879176037745310e+02,-1.388551763299602060e+00
5.193329614590006713e+02,3.200904923321913316e+02,-1.383130300954565906e+00
5.193955475392605194e+02,3.198385055439412099e+02,-1.379973492788904910e+00
5.194449612166990846e+02,3.196492981675186797e+02,-1.373033951690020960e+00
5.195008061602807174e+02,3.194426448735503072e+02,-1.367103401086375403e+00
5.195322222310826419e+02,3.192585940883238891e+02,-1.361685580375879834e+00
5.195674494399057721e+02,3.190932705286273290e+02,-1.358153517892438877e+00
5.196174661590281403e+02,3.189321482216166146e+02,-1.353856773166195682e+00
5.196565248091429794e+02,3.187190754680424334e+02,-1.348009384317833570e+00
5.197355872671987527e+02,3.185152316093057152e+02,-1.343252569860864165e+00
5.197963537120996307e+02,3.183178420699819640e+02,-1.337592574140615609e+00
5.198568246063524612e+02,3.180809208699723172e+02,-1.333945824841191063e+00
5.199143503702459839e+02,3.178875523570472410e+02,-1.329286090187722369e+00
5.199811429868324240e+02,3.176871591323048278e+02,-1.323767349766650669e+00
5.200363257470442022e+02,3.174956376734781998e+02,-1.319691190926133517e+00
5.200967909024597020e+02,3.172915794829981451e+02,-1.315689614935858343e+00
5.201564609627027949e+02,3.170767414352773699e+02,-1.311935181159428643e+00
5.202461826911203389e+02,3.168411145775996829e+02,-1.304656535784340043e+00
5.202928210342272450e+02,3.166617551168364457e+02,-1.303355805419943447e+00
5.203501490786647992e+02,3.164267960303467362e+02,-1.300460714718339794e+00
5.203970550853538271e+02,3.162471723224051630e+02,-1.298662309998468212e+00
5.204759117985869352e+02,3.160183833545553398e+02,-1.295568137272952169e+00
5.205368993548690923e+02,3.158150480953516990e+02,-1.294550717997805744e+00
5.206112633513729406e+02,3.155652967396484883e+02,-1.292614772892223707e+00
5.206911268029305120e+02,3.153444313282902272e+02,-1.291871208354077538e+00
5.207561475701755853e+02,3.151600575196729892e+02,-1.291330027530199986e+00
5.208412052520453699e+02,3.149015651394325346e+02,-1.290177179109967875e+00
5.208765700934023926e+02,3.147204606577680011e+02,-1.292068023451526271e+00
5.209523315986517673e+02,3.144879771030869051e+02,-1.289964902422922499e+00
5.210040223762910045e+02,3.142893368602811393e+02,-1.290443156685238124e+00
5.210734061091784497e+02,3.140750250215655228e+02,-1.290126580362168873e+00
5.211220806963058294e+02,3.138533610848643889e+02,-1.291245133210483731e+00
5.212081977499880168e+02,3.136083201515321548e+02,-1.289936076055416381e+00
5.212410869137954705e+02,3.134277343430952669e+02,-1.290881447618932309e+00
5.212973574653512969e+02,3.132139454601579018e+02,-1.291482844791884688e+00
5.213535347380758367e+02,3.130190348165977525e+02,-1.291206672801057831e+00
5.214090280239835238e+02,3.128211230103844969e+02,-1.290819229087485587e+00
5.214881298969444288e+02,3.125810832824365093e+02,-1.289276908204954220e+00
5.215280557092434037e+02,3.124390280091450904e+02,-1.290684423004807346e+00
5.215905869333979581e+02,3.122224166396802616e+02,-1.290170512346775489e+00
5.216601889161281633e+02,3.120410235456315036e+02,-1.290260919027211850e+00
5.217094432190751832e+02,3.118430267316829259e+02,-1.290576639784972501e+00
5.217755790367364170e+02,3.116411399957818276e+02,-1.289975733090635179e+00
5.218112247506576296e+02,3.114815643466178017e+02,-1.291285621175918719e+00
5.218641473952773140e+02,3.112819341168998903e+02,-1.292753997574752622e+00
5.219177578852658144e+02,3.111042687253469126e+02,-1.294457244007229280e+00
5.219735222377335049e+02,3.109019689670278694e+02,-1.294778662750581510e+00
5.220284915618834702e+02,3.107255923174909071e+02,-1.295025929486506300e+00
5.220864863077978271e+02,3.105420506247922958e+02,-1.296338066125186872e+00
5.221370939412087182e+02,3.103459801578171096e+02,-1.296020605279867288e+00
5.221882846292306795e+02,3.101510197155657806e+02,-1.296594893565127471e+00
5.222274988245310396e+02,3.099960614024565189e+02,-1.298430278940949201e+00
5.222781829806618816e+02,3.098345223145925047e+02,-1.299182317900439143e+00
5.223390942146995712e+02,3.096380524135121846e+02,-1.300369905187359842e+00
5.223809471854910953e+02,3.094600682087448718e+02,-1.300511680007135906e+00
5.224410402838701657e+02,3.092914947381344177e+02,-1.301143195489704141e+00
5.224865786089214907e+02,3.091123508206255792e+02,-1.301772795444083419e+00
5.225243895572515385e+02,3.089514668807526618e+02,-1.302365202232861119e+00
5.225766827455855719e+02,3.087846282080633387e+02,-1.303400322270952705e+00
5.226262282000453752e+02,3.086292935400089732e+02,-1.304257520892096567e+00
5.226660413137119576e+02,3.084784789996521681e+02,-1.305032768003298926e+00
5.227078112047717013e+02,3.083071486454870751e+02,-1.304508174548244082e+00
5.227248392823685208e+02,3.081586192434199916e+02,-1.307307150210981872e+00
5.227619724273814654e+02,3.080102377483787564e+02,-1.308169309461065355e+00
5.228014671726264169e+02,3.078536483383853124e+02,-1.309336388804968054e+00
5.228484136033767982e+02,3.076651749021997944e+02,-1.310045192619397669e+00
5.229119331917300997e+02,3.075178104212836274e+02,-1.312202066493396657e+00
5.229834909868767454e+02,3.072983113283202670e+02,-1.314420178458439725e+00
5.230370516300168902e+02,3.071464072987403142e+02,-1.315976894613332338e+00
5.230901141048216232e+02,3.069532303274470451e+02,-1.319283649359987542e+00
5.231361574126198093e+02,3.067675735398306642e+02,-1.322086804974882845e+00
5.231743757631473954e+02,3.065935364183369529e+02,-1.323756221694381674e+00
5.232415017446369347e+02,3.063942572131071529e+02,-1.327221718944727513e+00
5.232842790854404029e+02,3.061872546854638699e+02,-1.330651382660533288e+00
5.233440139106951392e+02,3.059922038997071922e+02,-1.333927013803990258e+00
5.234014068065050651e+02,3.057437031588109448e+02,-1.336476531461394224e+00
5.234561576773567140e+02,3.055455823600846088e+02,-1.340722274827168770e+00
5.235294450383825051e+02,3.052846522672846845e+02,-1.341520875170342242e+00
5.235525260648788617e+02,3.051013935075253585e+02,-1.343956762477053424e+00
5.236050258747721955e+02,3.048898784746093611e+02,-1.346624422082081329e+00
5.236123087697536675e+02,3.046828585064350250e+02,-1.351324090605780404e+00
5.236756563036931311e+02,3.044799399762612211e+02,-1.354066922681687490e+00
5.237307119959403963e+02,3.042435284605666084e+02,-1.356671445375556839e+00
5.237935417713607649e+02,3.040528049463915181e+02,-1.360851866532228671e+00
5.238386511208457250e+02,3.037627085802092211e+02,-1.361982268228525861e+00
5.238533976688509028e+02,3.035351590350027777e+02,-1.366746254926363147e+00
5.238788952108139938e+02,3.033198004191544896e+02,-1.370686094642575625e+00
5.239358895103647455e+02,3.030297489165899378e+02,-1.370966570947004914e+00
5.239940057655924193e+02,3.028534821709372977e+02,-1.374090233469021261e+00
5.240596842188680284e+02,3.025810353109060884e+02,-1.375715868438657452e+00
5.241101039034526821e+02,3.023785298969277733e+02,-1.379295939997640108e+00
5.241579839670561114e+02,3.021066962018092568e+02,-1.380702486753295988e+00
5.241884925813516247e+02,3.018528810660439490e+02,-1.382444008087096776e+00
5.242350657078359291e+02,3.015881373290997658e+02,-1.384260788818489463e+00
5.242694709579445771e+02,3.013212240462652289e+02,-1.386036540365866987e+00
5.243259910250321809e+02,3.010874299772796689e+02,-1.386736643753652354e+00
5.243688158505511865e+02,3.008273791515640028e+02,-1.387074740138001472e+00
5.244043166924127490e+02,3.005128514142218137e+02,-1.388493801929929772e+00
5.244461939371649351e+02,3.002153264088311175e+02,-1.389335557724420855e+00
5.245101280099903533e+02,2.999356949484192114e+02,-1.390951154290326119e+00
5.245618657840553851e+02,2.996283925448635159e+02,-1.391064010088364444e+00
5.246147344377143327e+02,2.993963443915796461e+02,-1.391478640250735088e+00
5.246669102445482622e+02,2.991280920805152164e+02,-1.391966305270453397e+00
5.247074437063491814e+02,2.988543050013100810e+02,-1.391423991868018684e+00
5.247729147687646218e+02,2.985523426715595292e+02,-1.391563659533306074e+00
5.248164121619608977e+02,2.982935932368482668e+02,-1.391666604488784875e+00
5.248768048045824344e+02,2.980088726320990418e+02,-1.391336746027037163e+00
5.249250057352896874e+02,2.977252508299970373e+02,-1.390211567166141249e+00
5.249869067869869923e+02,2.974408711885651542e+02,-1.390698561446860992e+00
5.250351049500864065e+02,2.971617685343645121e+02,-1.390642090855651380e+00
5.251065847673235112e+02,2.969001729161151957e+02,-1.389674735105783432e+00
5.251454300400253032e+02,2.966372394556763652e+02,-1.387115412400743653e+00
5.252072434798436689e+02,2.963332954025722188e+02,-1.385012142353954534e+00
5.252669255827230472e+02,2.960418504564796081e+02,-1.382318452087467620e+00
5.253199551599202550e+02,2.957513530135028077e+02,-1.377058696967706108e+00
5.253835389010813515e+02,2.954895914586181789e+02,-1.373420477054553723e+00
5.254450599753076858e+02,2.952169399545986721e+02,-1.369481850454682625e+00
5.255159922718174812e+02,2.949525552484508921e+02,-1.362938354375079708e+00
5.255832234709231443e+02,2.946587111765797999e+02,-1.358196955126051542e+00
5.256530812646509503e+02,2.943655490989728492e+02,-1.351763225875284524e+00
5.257203540596402718e+02,2.940802736505534654e+02,-1.346714565950977605e+00
5.257864813460527103e+02,2.938252171228711518e+02,-1.340088291440903578e+00
5.258806538741670238e+02,2.935257985600934489e+02,-1.334324611381627834e+00
5.259487767642298195e+02,2.932627736159611231e+02,-1.327735755365835546e+00
5.260349474678409933e+02,2.929921368524547347e+02,-1.322033422812861181e+00
5.261227609532509177e+02,2.927114567314002329e+02,-1.316604174483184231e+00
5.262070530604918304e+02,2.924447620663631255e+02,-1.310100883063898713e+00
5.262572281406927459e+02,2.921834114709879486e+02,-1.304532354288536977e+00
5.263544227864786080e+02,2.919012353210969763e+02,-1.299310999642138142e+00
5.264316163614460038e+02,2.916459340198120458e+02,-1.291836716819050990e+00
5.265149627930439920e+02,2.913897289682182077e+02,-1.285524148219052476e+00
5.266068680356831919e+02,2.910969633874847204e+02,-1.279051622967443347e+00
5.266933655886844008e+02,2.908477175781167148e+02,-1.273663691441919710e+00
5.267658472024145340e+02,2.905854679469895245e+02,-1.267570578425582184e+00
5.268544316763189954e+02,2.903050394849939266e+02,-1.261113843156426162e+00
5.269437674560196001e+02,2.900592578657428362e+02,-1.255733409049700322e+00
5.270393263001053583e+02,2.897899655778175543e+02,-1.250320826924992579e+00
5.271325204066148444e+02,2.895468083881616508e+02,-1.245010242349792184e+00
5.272414698985132873e+02,2.892775340066355625e+02,-1.238849575628955257e+00
5.273258435582577022e+02,2.890263821754569449e+02,-1.232438237163973715e+00
5.274207550413689205e+02,2.888004887788613360e+02,-1.227315018230181520e+00
5.275151124477154099e+02,2.885309724766273689e+02,-1.222933102626181601e+00
5.276026063323949984e+02,2.882684503056092353e+02,-1.217680352700784896e+00
5.277122405636374651e+02,2.880165935231767094e+02,-1.210711908443805163e+00
5.278209552965904550e+02,2.877843101121026734e+02,-1.205997819225071321e+00
5.279185126594296662e+02,2.875553919296378922e+02,-1.200347015795717454e+00
5.280257331954877600e+02,2.873207384644308036e+02,-1.196527496713074346e+00
5.281080585577451529e+02,2.870567652470081157e+02,-1.192327132938102663e+00
5.282186252001026787e+02,2.868157266825549527e+02,-1.188157542559225455e+00
5.283134479704989417e+02,2.865662143419322661e+02,-1.185926727524176716e+00
5.284177175718665467e+02,2.863131621691786677e+02,-1.181961195447821078e+00
5.285202019601457550e+02,2.860681491188697692e+02,-1.177663574332124430e+00
5.286224823942603734e+02,2.858276411990594283e+02,-1.175210513794488598e+00
5.287278297800449991e+02,2.855690899925718895e+02,-1.173806596971858296e+00
5.288375847856618748e+02,2.853309428664534266e+02,-1.172146801579406317e+00
5.289482737934213219e+02,2.851010103007953944e+02,-1.170008641004449457e+00
5.290732911772156513e+02,2.848995266498728824e+02,-1.167677626494412646e+00
5.291677906777637190e+02,2.846354947980652241e+02,-1.167223387325931894e+00
5.292651481798039867e+02,2.844006047855294810e+02,-1.166951382263488490e+00
5.293818125276070532e+02,2.841487643896449526e+02,-1.164331590331258992e+00
5.294854061860569345e+02,2.839084265114883010e+02,-1.163332520061065800e+00
5.295893983944838510e+02,2.836752387541690155e+02,-1.162699621265618211e+00
5.297085750899519780e+02,2.834434217669394229e+02,-1.162485627253044385e+00
5.298226197113526723e+02,2.832039222454558285e+02,-1.162038915358460933e+00
5.299216002288620757e+02,2.829763243863085336e+02,-1.160575215805512261e+00
5.300252922233385107e+02,2.827260524758888209e+02,-1.161170346829324407e+00
5.301323066077478643e+02,2.824695007896300467e+02,-1.161727155863432781e+00
5.302401082792263196e+02,2.822369299723865765e+02,-1.161584903077481190e+00
5.303492619799715158e+02,2.820278009380107278e+02,-1.161653670090334156e+00
5.304549914522679046e+02,2.817738103176298523e+02,-1.161228834539140609e+00
5.305472926656535719e+02,2.815330226252668808e+02,-1.161043118676226227e+00
5.306510137469485926e+02,2.812987464871501402e+02,-1.161217262868660560e+00
5.307714973355442680e+02,2.810768325652163071e+02,-1.161751988409483349e+00
5.308689225517812247e+02,2.808311731089116279e+02,-1.161910563543366859e+00
5.309648122495530060e+02,2.806030334096263346e+02,-1.162321775520942069e+00
5.310685868504847349e+02,2.803608384509187772e+02,-1.164366927796674389e+00
5.311749666623916255e+02,2.801410100679898392e+02,-1.165803469891089517e+00
5.312755249531263644e+02,2.798899270749126913e+02,-1.167720423512637273e+00
5.313802970300164361e+02,2.796733356527626597e+02,-1.169769911618408598e+00
5.314832624876270302e+02,2.794192736790443519e+02,-1.170897119635634587e+00
5.315707139948212898e+02,2.792045533524815824e+02,-1.173740957073420743e+00
5.316937905464390042e+02,2.789628213985052412e+02,-1.175999498803006471e+00
5.317827326937490398e+02,2.787147506884970198e+02,-1.179084663337811367e+00
5.318896162728935906e+02,2.784679331407507448e+02,-1.180817887204162142e+00
5.319869117261220026e+02,2.782466328526768393e+02,-1.183607569737290977e+00
5.320962957861414679e+02,2.779851809323411089e+02,-1.186333699382057461e+00
5.321840398270202286e+02,2.777748831259402209e+02,-1.189480630249095450e+00
5.322853814373402201e+02,2.775120415899432942e+02,-1.192522238615889130e+00
5.323806619975570129e+02,2.772796418758915138e+02,-1.194760917323921312e+00
5.324721934300043813e+02,2.770593508223826689e+02,-1.196927951231219200e+00
5.325506729735102454e+02,2.768352117838169875e+02,-1.199937051235474561e+00
5.326600937809480456e+02,2.765846462770495009e+02,-1.202144870301347757e+00
5.327560886179195450e+02,2.763343718627492080e+02,-1.205859458586441058e+00
5.328424326057913731e+02,2.760823400732747359e+02,-1.208691852193148453e+00
5.329429867657204341e+02,2.758495691397922656e+02,-1.211238460294604025e+00
5.330254529497317435e+02,2.755924846251754161e+02,-1.214884891074259343e+00
5.331272485320101850e+02,2.753554285440097829e+02,-1.218124064946490837e+00
5.332050367792816132e+02,2.751018625118246632e+02,-1.221316655182113076e+00
5.333031142995072287e+02,2.748671019406406799e+02,-1.224614451214055766e+00
5.333893215529629970e+02,2.745934516756445305e+02,-1.228935903124834361e+00
5.334762993627890637e+02,2.743498073616320312e+02,-1.232088749904871161e+00
5.335627495014107353e+02,2.740955671690052213e+02,-1.236596408239534650e+00
5.336313079133561814e+02,2.738700004730604860e+02,-1.240536251056965300e+00
5.337390665479804284e+02,2.736040274419000298e+02,-1.244646322742425371e+00
5.338128362623033354e+02,2.733294366661569939e+02,-1.248471160092953891e+00
5.339035469386109298e+02,2.730666998465197253e+02,-1.253139730453143530e+00
5.339955205379100107e+02,2.728233295632470572e+02,-1.256947134807208988e+00
5.340660201041255277e+02,2.725850547896355920e+02,-1.261564875221213855e+00
5.341327350582610052e+02,2.722958099342329206e+02,-1.266022088028822434e+00
5.342202256725830694e+02,2.720546612499520620e+02,-1.270186323051374355e+00
5.342937587802999815e+02,2.717934143258755739e+02,-1.274418939185694599e+00
5.343614032111942151e+02,2.715378768301706032e+02,-1.278737313577600343e+00
5.344400531964886341e+02,2.712686629630577499e+02,-1.283920257326097492e+00
5.345079488172628999e+02,2.710065323908366395e+02,-1.287199131221162585e+00
5.345847711185332400e+02,2.707430777294023869e+02,-1.292180574421330608e+00
5.346464811650512274e+02,2.705069261994003682e+02,-1.295609462671415191e+00
5.347403389595115186e+02,2.701817869557295353e+02,-1.299934422194557015e+00
5.348128161566728522e+02,2.699559833704915945e+02,-1.304425759006285324e+00
5.348682976431878160e+02,2.696761620452396073e+02,-1.309176336257100948e+00
5.349418588421964387e+02,2.694082951643932233e+02,-1.313525724394797534e+00
5.350067738869263394e+02,2.691431780179567568e+02,-1.316790826306156292e+00
5.350734286928442316e+02,2.688787844639540481e+02,-1.321345728288599419e+00
5.351539140267934727e+02,2.686014298269375331e+02,-1.324864915391015474e+00
5.351949177309575134e+02,2.683342565810206679e+02,-1.329525309728165627e+00
5.352556782899007430e+02,2.680629137582527051e+02,-1.333183045771440645e+00
5.353097376000456507e+02,2.678202514953485434e+02,-1.337835945701735030e+00
5.353835986160632956e+02,2.675282614219714219e+02,-1.341236188552431985e+00
5.354342921675870457e+02,2.672703918747059220e+02,-1.345415091103036254e+00
5.355094902018431640e+02,2.669881885087633009e+02,-1.349044928780015029e+00
5.355688881904919754e+02,2.667499312584046720e+02,-1.351974883563020313e+00
5.356166499632560090e+02,2.665024489288917380e+02,-1.356128588414915237e+00
5.356742931233658283e+02,2.662142410163679074e+02,-1.359512090643685944e+00
5.357257675108982085e+02,2.659421687482964103e+02,-1.364041885315521618e+00
5.357716700479887777e+02,2.656802483306171325e+02,-1.368112241394423112e+00
5.358318288055990024e+02,2.654198178158054020e+02,-1.371457668131747631e+00
5.358616616654700238e+02,2.651620416480467384e+02,-1.375590157783661560e+00
5.359105315620998908e+02,2.648892168964977714e+02,-1.379557813301339753e+00
5.359618054126157176e+02,2.646411319040756212e+02,-1.383048673861165589e+00
5.360161056237506045e+02,2.643803438731894175e+02,-1.387372302105758681e+00
5.360686270439612144e+02,2.640981100028910191e+02,-1.390499861319556940e+00
5.361090322880095300e+02,2.638586122704296031e+02,-1.394319230704913704e+00
5.361542949938626634e+02,2.635913214557317019e+02,-1.398250006305562509e+00
5.361934442390072491e+02,2.633409587519017236e+02,-1.402169718414596034e+00
5.362299940927749731e+02,2.631005416432388415e+02,-1.405995756822872256e+00
5.362754048428267879e+02,2.627965434909058331e+02,-1.408417170158520637e+00
5.363037447572038445e+02,2.625667169962515004e+02,-1.411884375994300500e+00
5.363522337284797459e+02,2.623247915092035782e+02,-1.416046949137323319e+00
5.363926268739196530e+02,2.620828037676067197e+02,-1.418989662690345321e+00
5.364356005783070032e+02,2.618219828081302012e+02,-1.422747752733555915e+00
5.364666207362245132e+02,2.615412641449560169e+02,-1.425388646020928851e+00
5.365271094185198990e+02,2.612794279718291364e+02,-1.428792774927716502e+00
5.365530457767363259e+02,2.610573605534651165e+02,-1.432515329496364398e+00
5.365942048823881123e+02,2.607601904967634141e+02,-1.435180436207197152e+00
5.366215067459578449e+02,2.605181373482149070e+02,-1.436881773218530389e+00
5.366675685132248645e+02,2.602400714168915670e+02,-1.438947317031197493e+00
5.366900988001813175e+02,2.600167067847892781e+02,-1.442540970619476282e+00
5.367353194796082789e+02,2.597677983219546718e+02,-1.444574255466589241e+00
5.367709158709720896e+02,2.595021618407912456e+02,-1.445696897849800378e+00
5.368020077089703364e+02,2.592375965159754401e+02,-1.446903297796961807e+00
5.368402776206402223e+02,2.590242217016398740e+02,-1.448574742347928712e+00
5.368498453485844948e+02,2.587664416170889012e+02,-1.449769739227212639e+00
5.369025504095086490e+02,2.584702789084232677e+02,-1.449331868987558281e+00
5.369162952144921519e+02,2.582350209547220174e+02,-1.449692472445531122e+00
5.369583741622483331e+02,2.579759322681536560e+02,-1.450596090735079891e+00
5.369950338074454521e+02,2.577140969076122587e+02,-1.450743426128632274e+00
5.370290041257688927e+02,2.574588690388736723e+02,-1.451470243180767117e+00
5.370591165482182987e+02,2.571938069801543634e+02,-1.451333493886669990e+00
5.370916117011007600e+02,2.569449432531955608e+02,-1.452215137072728535e+00
5.371304233152374081e+02,2.566769723847825730e+02,-1.452112633274711184e+00
5.371743924808205293e+02,2.564215708649596763e+02,-1.452231430669695733e+00
5.371802224763143840e+02,2.561929342792561215e+02,-1.452389263982685419e+00
5.372104780803808808e+02,2.559023942963333127e+02,-1.452971661340489939e+00
5.372456724482273103e+02,2.556677119592292797e+02,-1.452876198566845911e+00
5.372665906644837150e+02,2.554098281524540255e+02,-1.452842775727796854e+00
5.373040729570226404e+02,2.551581216945336905e+02,-1.452668018276779494e+00
5.373357051860242564e+02,2.548908730376479070e+02,-1.452935926547238354e+00
5.373541848843000253e+02,2.546492252882048319e+02,-1.452994413198536172e+00
5.373909264695308821e+02,2.543912872838022281e+02,-1.453438857294887976e+00
5.374214492467617674e+02,2.541466670850942933e+02,-1.453942692066535036e+00
5.374621428432211587e+02,2.538960052357540746e+02,-1.453733728621902976e+00
5.374886938581109916e+02,2.536482139691265445e+02,-1.453964450272106745e+00
5.375084572159865957e+02,2.533866275938904096e+02,-1.453543006671294657e+00
5.375435722800259555e+02,2.531398195291398849e+02,-1.452747115352494234e+00
5.375975771210365792e+02,2.528760786710108448e+02,-1.451569099433690502e+00
5.376348725145160188e+02,2.526425922805930497e+02,-1.450045354284617893e+00
5.376586793252304233e+02,2.523862228170070807e+02,-1.447559571622074381e+00
5.376907711024530272e+02,2.521347002408541869e+02,-1.444958449643125364e+00
5.377309804623690752e+02,2.518877614786609342e+02,-1.441165651648746104e+00
5.377659672853188795e+02,2.516675353148142449e+02,-1.437365879137762814e+00
5.378121207569477065e+02,2.513904771876432562e+02,-1.432037965093908349e+00
5.378649677712119228e+02,2.511957261088544726e+02,-1.425764095340313675e+00
5.379100421764372868e+02,2.509259983782886536e+02,-1.418541041818703885e+00
5.379585815992301150e+02,2.506822009861656966e+02,-1.409703162888605199e+00
5.379966903162816152e+02,2.504467119077654615e+02,-1.401287143332078156e+00
5.380504244467526860e+02,2.502297271596122528e+02,-1.393068697783703458e+00
5.381209787573975518e+02,2.499986483312381722e+02,-1.385233566533031535e+00
5.381713263404459440e+02,2.497560955290720415e+02,-1.376360752141332355e+00
5.382485627975229363e+02,2.495305702499312588e+02,-1.367999814506008827e+00
5.383095845764638625e+02,2.493015619342548916e+02,-1.359877640332781690e+00
5.383767741436688539e+02,2.490763903179809802e+02,-1.351559844954868028e+00
5.384513021199115883e+02,2.488508042985068016e+02,-1.343058164297184387e+00
5.385169519293650637e+02,2.486356386949466071e+02,-1.335406672158035102e+00
5.385872233330253493e+02,2.484112268863598274e+02,-1.326967498717412486e+00
5.386573849047798603e+02,2.481594949497674065e+02,-1.318036365134021226e+00
5.387305182747801382e+02,2.479172185470087584e+02,-1.309924609766350168e+00
5.387859930557382313e+02,2.477090934969165517e+02,-1.301685652884421840e+00
5.388748793881521806e+02,2.475044061608310528e+02,-1.294605486452760301e+00
5.389411437904243485e+02,2.472701827194977966e+02,-1.289679532186779998e+00
5.390121573242246313e+02,2.470818717564879705e+02,-1.285604129307809096e+00
5.391020868088694442e+02,2.468360744686070802e+02,-1.281880193884723074e+00
5.391706343268355113e+02,2.466407880289005448e+02,-1.279631046483962198e+00
5.392360418559785558e+02,2.463974267062237118e+02,-1.277371228895624489e+00
5.393067720839600270e+02,2.461862032808105596e+02,-1.276746682573123737e+00
5.393794781741755742e+02,2.459672837397806688e+02,-1.275095065794258353e+00
5.394501434062074168e+02,2.457525028659856048e+02,-1.274523725251618833e+00
5.395028896345504563e+02,2.455520684871707715e+02,-1.275300043204111722e+00
5.395808585163960061e+02,2.453227155745599646e+02,-1.275418171039422788e+00
5.396541185158818053e+02,2.451132755907116518e+02,-1.276856291284480083e+00
5.397402887494806691e+02,2.448624047901402037e+02,-1.277111757002208581e+00
5.397984951308708332e+02,2.446596513064862393e+02,-1.277678705883437793e+00
5.398592730325020739e+02,2.444204393118534142e+02,-1.278952854772239744e+00
5.399269784365664009e+02,2.442275798008132881e+02,-1.281531777250154214e+00
5.400111431862085283e+02,2.439565123915536162e+02,-1.282598590645656733e+00
5.400611715848335734e+02,2.437689299164561589e+02,-1.287821642903036468e+00
5.401246171714295770e+02,2.435064818430747380e+02,-1.290213174121829232e+00
5.401586460901487499e+02,2.433330648251393882e+02,-1.294043994602234848e+00
5.402290596383373895e+02,2.431110336678445094e+02,-1.298909860557598162e+00
5.402838469617872761e+02,2.428795999876668361e+02,-1.303378611814935750e+00
5.403495141747736170e+02,2.426560280975633646e+02,-1.307081954120799416e+00
5.404026762114903022e+02,2.424532307248750840e+02,-1.309869540147406752e+00
5.404670385379567961e+02,2.422208567535818702e+02,-1.314815614239088992e+00
5.405065903477950542e+02,2.419907701786407301e+02,-1.321302306153568473e+00
5.405580252340105289e+02,2.417834045543380626e+02,-1.326386755145648078e+00
5.406151940149907205e+02,2.415659348528425312e+02,-1.332753862149618218e+00
5.406635980720751604e+02,2.413265203261816509e+02,-1.339874531458710161e+00
5.407018332307511628e+02,2.411019405252369552e+02,-1.348306738770416402e+00
5.407431945196689185e+02,2.408814045810092352e+02,-1.356395988734790281e+00
5.407699638927790602e+02,2.406593404545200769e+02,-1.366437265686859304e+00
5.408064468202294393e+02,2.404513734421859397e+02,-1.375934174981429781e+00
5.408263248939880441e+02,2.402532628223064819e+02,-1.386584654573788544e+00
5.408675268498102469e+02,2.400096335402055558e+02,-1.395660191208182299e+00
5.408900543519680468e+02,2.398167006874021752e+02,-1.405337518818079445e+00
5.409148260929270009e+02,2.395969512315700172e+02,-1.415970079544997873e+00
5.409303365609498542e+02,2.393536549674725222e+02,-1.426206659331016313e+00
5.409388292854200699e+02,2.391501610137294733e+02,-1.434369618299410565e+00
5.409525155740290074e+02,2.389596774469066816e+02,-1.446239955591123616e+00
5.409857679418598764e+02,2.387286020227695928e+02,-1.453776356720530627e+00
5.409944683576411535e+02,2.385236210884265233e+02,-1.463024159903938193e+00
5.410128403373453239e+02,2.383297892194944438e+02,-1.472157646657554331e+00
5.410194759884630002e+02,2.381023605997899892e+02,-1.481640321715593567e+00
5.410381813530822228e+02,2.378897809157408290e+02,-1.490720890423530065e+00
5.410241353439753311e+02,2.376493055828137528e+02,-1.499108461098010547e+00
5.410379425996366081e+02,2.374393137634022253e+02,-1.509535056013441512e+00
5.410542219753317568e+02,2.372198255367598279e+02,-1.516947387197121966e+00
5.410767188386057569e+02,2.369842376904718719e+02,-1.526516217901958017e+00
5.410770128430123123e+02,2.367731038314088607e+02,-1.535617360259363906e+00
5.410541277068246018e+02,2.365295799853646201e+02,-1.545580177783978826e+00
5.410554537316290862e+02,2.363344942582655221e+02,-1.555388162938791563e+00
5.410409533212550741e+02,2.360685504729057129e+02,-1.564160965697286576e+00
5.410327626166954360e+02,2.358749204313378129e+02,-1.572008681659557094e+00
5.410231135649105454e+02,2.356066173262359484e+02,-1.579918540167801089e+00
5.409950429434891248e+02,2.354175454380986992e+02,-1.587639059367867977e+00
5.410006870973383002e+02,2.351842378623557579e+02,-1.595863190080790028e+00
5.409886253886591021e+02,2.349512365373234672e+02,-1.602086172897922989e+00
5.409773484635259138e+02,2.346951255068822491e+02,-1.609264075481877443e+00
5.409772439672179871e+02,2.344589013401983095e+02,-1.614920452525276051e+00
5.409568348825579278e+02,2.342298782129845165e+02,-1.620007999618503058e+00
5.409629185606236206e+02,2.339983521190034423e+02,-1.625599980974242076e+00
5.409511352444141039e+02,2.337683034018477315e+02,-1.630050736822349577e+00
5.409189702927324106e+02,2.335258528329988792e+02,-1.634872909824417686e+00
5.409067090094803234e+02,2.332958282322141201e+02,-1.637858755373194253e+00
5.408999803399526627e+02,2.330413100543940459e+02,-1.641186212921722953e+00
5.408507065243089755e+02,2.328219300795791185e+02,-1.644125328621957038e+00
5.408572837458366394e+02,2.325571552324685172e+02,-1.644902047373245191e+00
5.408368233541908694e+02,2.323438830455721700e+02,-1.646409069854138929e+00
5.408207930618295904e+02,2.320964663432368127e+02,-1.646486925129492462e+00
5.408091345681563098e+02,2.318717840495175437e+02,-1.645488579608436863e+00
5.407922636528207931e+02,2.316347134409734565e+02,-1.645277378180545202e+00
5.407839304171965296e+02,2.313953172090679402e+02,-1.643990229535355674e+00
5.407649284562896810e+02,2.311697500819502409e+02,-1.641333962269929447e+00
5.407638997478724150e+02,2.309045152258130997e+02,-1.638165932982355244e+00
5.407380084603667001e+02,2.306919697568058893e+02,-1.634095689368298743e+00
5.407460941682470548e+02,2.304632146096037957e+02,-1.630710252145794792e+00
5.407407146919061915e+02,2.302437758667459775e+02,-1.625510728266397864e+00
5.407368754110112832e+02,2.300142515008473367e+02,-1.619965701757180021e+00
5.407196774505707708e+02,2.297859242194704734e+02,-1.613366788370976357e+00
5.407414187030951780e+02,2.295853769455633824e+02,-1.605400384480170750e+00
5.407467550024800857e+02,2.293619448788787167e+02,-1.596362572558299942e+00
5.407689958694708139e+02,2.291507485131693329e+02,-1.587303335193784415e+00
5.407630263691577284e+02,2.289476774587531906e+02,-1.577873702580282034e+00
5.407781556143812622e+02,2.287255123164090378e+02,-1.565986029908158716e+00
5.408018361833558174e+02,2.285183500184135994e+02,-1.556658555866756499e+00
5.408290718894913880e+02,2.283206521472837665e+02,-1.545738375575613333e+00
5.408611735341023632e+02,2.281113745146467124e+02,-1.530596329969837965e+00
5.408949970919821908e+02,2.279305257195607908e+02,-1.520215409174597632e+00
5.409194954790841621e+02,2.276985867959391214e+02,-1.505363502386936503e+00
5.409584727649737488e+02,2.275086911972787505e+02,-1.490343634883250168e+00
5.410064708903609016e+02,2.272822042159982630e+02,-1.473955659239090776e+00
5.410410001604203671e+02,2.271044502164383516e+02,-1.458497321907759270e+00
5.410937029863845282e+02,2.268912636700731298e+02,-1.442796948936488466e+00
5.411425734955765847e+02,2.266777085980875199e+02,-1.424470190130657565e+00
5.411926982400507313e+02,2.265063562124481109e+02,-1.406642257756879122e+00
5.412593957225448094e+02,2.262963902905338784e+02,-1.387147999001980381e+00
5.413219164869807400e+02,2.261206762275912752e+02,-1.366941467871628069e+00
5.413967994462146862e+02,2.259208873302954714e+02,-1.345630530269743108e+00
5.414764334309275000e+02,2.257605161462254557e+02,-1.324359607737414235e+00
5.415311452076300611e+02,2.255712138112855314e+02,-1.299253587277002353e+00
5.416398002921526995e+02,2.253977023323032256e+02,-1.269997401345780652e+00
5.417406631294477393e+02,2.252443352534531869e+02,-1.241506812647637625e+00
5.418417366712955072e+02,2.251083241230409158e+02,-1.210582344457090898e+00
5.419612459135206564e+02,2.249459511661826809e+02,-1.177230718184879787e+00
5.420578135268447113e+02,2.248323881765018655e+02,-1.144615297183225966e+00
5.421353438528724382e+02,2.247081882367490380e+02,-1.111246974414432653e+00
5.422664214205436792e+02,2.245739916317878055e+02,-1.074756084986306259e+00
5.424050485714534489e+02,2.244726645019775901e+02,-1.038992457116042933e+00
5.425295962409950334e+02,2.243464198564813614e+02,-1.002326393621058687e+00
5.426653981784697862e+02,2.242125349938957584e+02,-9.651060374990476642e-01
5.427764043082033822e+02,2.241071243279324108e+02,-9.285386643683527508e-01
5.428935904185970003e+02,2.240120832071904431e+02,-8.929080835488288903e-01
5.430549671370467877e+02,2.239290291475110735e+02,-8.559713350654530872e-01
5.431818476004498280e+02,2.238673014038457723e+02,-8.198987307057237217e-01
5.433071486502362859e+02,2.238010318169315553e+02,-7.850617709232214914e-01
5.434436255194297019e+02,2.237273164173068096e+02,-7.493649119539608217e-01
5.435883313996223478e+02,2.236631527100291805e+02,-7.137340392866325933e-01
5.437339517904011927e+02,2.236145823657600999e+02,-6.789620064450101466e-01
5.438383015590899277e+02,2.235610111441430377e+02,-6.460456885965184526e-01
5.439940526421835330e+02,2.234888511330208871e+02,-6.112611843907286291e-01
5.441585060518565342e+02,2.234690395185536431e+02,-5.767071600143964805e-01
5.443043652642792267e+02,2.234097577181562428e+02,-5.427418438693383251e-01
5.444474433565225127e+02,2.233690728815756756e+02,-5.102739441718752156e-01
5.445901606492819838e+02,2.233229502815368335e+02,-4.782810448699809647e-01
5.447341789617460108e+02,2.233071025298118570e+02,-4.463438925029342697e-01
5.448474447930302631e+02,2.232779291191430673e+02,-4.147259779798518342e-01
5.449797232087021257e+02,2.232916421675502079e+02,-3.834073857478462188e-01
5.451157268153624500e+02,2.232845088158186684e+02,-3.531268893628778938e-01
5.452601633909918064e+02,2.232850915652949482e+02,-3.223018746244284971e-01
5.453765423574961915e+02,2.232668626766758848e+02,-2.914394823223898645e-01
5.455126119426912510e+02,2.232899211791511220e+02,-2.633948728580786658e-01
5.456013921611743172e+02,2.232897234449742996e+02,-2.362122720441120205e-01
5.457271919869675685e+02,2.232831511612021131e+02,-2.067695988607137492e-01
5.458611458636556790e+02,2.232890181796441027e+02,-1.779891177763428256e-01
5.459854608252767321e+02,2.233116074063854626e+02,-1.501992699288855204e-01
5.460955764585412453e+02,2.233358698586483797e+02,-1.229365845129199719e-01
5.462358243828573450e+02,2.233609572491645849e+02,-9.656425343389270222e-02
5.463290419181124662e+02,2.233661387729773651e+02,-7.046616593898831493e-02
5.464261443449489661e+02,2.233974719219891654e+02,-4.518639778317608963e-02
5.465709703643866533e+02,2.234396483653957546e+02,-1.856018186241931503e-02
5.466128856035697936e+02,2.234607565834955949e+02,4.566341051814075402e-03
5.467273712094894336e+02,2.234878056822709596e+02,2.895982028376408238e-02
5.468316343301873985e+02,2.235122941030770392e+02,5.071245356209620053e-02
5.469167318708094854e+02,2.235471497398633005e+02,7.076058179372869683e-02
5.469785619171758526e+02,2.235696261686404398e+02,9.019022523865546925e-02
5.470431491592556768e+02,2.235999204003898910e+02,1.082997646826606292e-01
5.471201072450752463e+02,2.236299915523843538e+02,1.243567742889347960e-01
5.471609103267472847e+02,2.236583184824942805e+02,1.394399045844760543e-01
5.472299738186228524e+02,2.236898331183987239e+02,1.532796796988991628e-01
5.472883705453481298e+02,2.237190930536052917e+02,1.653585172600527953e-01
5.473338642856748493e+02,2.237349973336124265e+02,1.761001915737633594e-01
5.473736137403551538e+02,2.237607925305700292e+02,1.859732828660318471e-01
5.474009805631677636e+02,2.237713058865915059e+02,1.940309365285644849e-01
5.474275532115847227e+02,2.237990784476189674e+02,2.000299230010639251e-01
5.474628466727522209e+02,2.238025578742819732e+02,2.072024789229110209e-01
5.474903534687675801e+02,2.238263224972878618e+02,2.117033209974815422e-01
5.474861832587690742e+02,2.238116437198512472e+02,2.143889431380295307e-01
5.475321410096532873e+02,2.238361906827858263e+02,2.173820770319725981e-01
5.475043034770075110e+02,2.238307772442950068e+02,2.193171577980241038e-01
5.475359337082818456e+02,2.238348105735145452e+02,2.221988207315596653e-01
5.475402602550694837e+02,2.238285844800024620e+02,2.226178824071218809e-01
5.475406900620077977e+02,2.238488869524247775e+02,2.231686967248660558e-01
5.475436511673873383e+02,2.238191975189255345e+02,2.230465199301080170e-01
5.475374711975208584e+02,2.238263838754812980e+02,2.224549587304136267e-01
5.475362627919628267e+02,2.238258992507796279e+02,2.225443650314843924e-01
5.475262753449757156e+02,2.238264162120528624e+02,2.221279882188453569e-01
5.475328129173973366e+02,2.238314603346746026e+02,2.219121921514035645e-01
5.475448797013046942e+02,2.238424200511076947e+02,2.214478280922927145e-01
5.475466849059523611e+02,2.238268100625171826e+02,2.215992823772413856e-01
5.475432688448454428e+02,2.238412390619838845e+02,2.210243678907587717e-01
5.475493957604116986e+02,2.238481646257582725e+02,2.196782298098019781e-01
5.475525729269470503e+02,2.238428596996105000e+02,2.198526514921798625e-01
5.475581842632003600e+02,2.238332163913269142e+02,2.194369702311848580e-01
5.475547806663323627e+02,2.238299284491720584e+02,2.189747188513741227e-01
5.475541889430098763e+02,2.238426626819234002e+02,2.191331225167157670e-01
5.475609320826014255e+02,2.238332397037149804e+02,2.187528007946834274e-01
5.475455312814050330e+02,2.238485544141427113e+02,2.188323843072056407e-01
5.475519642967601612e+02,2.238434388298520901e+02,2.184860938399655894e-01
5.475523044935266626e+02,2.238382647138305970e+02,2.185325226723808523e-01
5.475505908062909839e+02,2.238330087826774388e+02,2.189926986673441378e-01
5.475487938150500895e+02,2.238290740818311235e+02,2.183895576554813756e-01
5.475494402717571347e+02,2.238262721796058656e+02,2.186678118227526058e-01
5.475451971944066827e+02,2.238129860140570315e+02,2.189723188225357331e-01
5.475411602958358799e+02,2.238110108272204855e+02,2.195135488975927807e-01
5.475147360746602772e+02,2.238217436543407075e+02,2.203808403620401146e-01
5.474986526884409841e+02,2.238136150057304690e+02,2.225399903826115744e-01
5.474817790699671605e+02,2.238278680208466653e+02,2.241740934064879731e-01
5.474533630320098609e+02,2.238020937359634104e+02,2.275274773433426934e-01
5.474272473872495084e+02,2.238210651807487466e+02,2.315563898976000234e-01
5.473942270782066544e+02,2.238309372821483691e+02,2.347881342579822561e-01
5.473517355714808446e+02,2.238363837751953440e+02,2.388001652732787139e-01
5.473260409891202016e+02,2.238401075418679227e+02,2.439176348405111272e-01
5.472792887564191915e+02,2.238295796674909468e+02,2.487232319764680344e-01
5.472357030578690456e+02,2.238050460770247412e+02,2.551159921292930344e-01
5.471752931417910304e+02,2.238018676549375812e+02,2.616431709084708346e-01
5.471323026485255241e+02,2.237765602201557158e+02,2.674336976916947273e-01
5.470949703143837723e+02,2.237861096046539444e+02,2.744073970265917817e-01
5.470310271705538980e+02,2.237685725778643189e+02,2.820788049072785464e-01
5.469611562910740759e+02,2.237752019887972779e+02,2.897623230061151522e-01
5.469072456916337615e+02,2.237596187310840605e+02,2.988615371351451278e-01
5.468286226751724826e+02,2.237539192388954916e+02,3.068924373058512511e-01
5.467812542116197392e+02,2.237618399878266189e+02,3.153443556522474434e-01
5.467037788313067495e+02,2.237417908819847980e+02,3.255699208156638824e-01
5.466655974215738070e+02,2.237385273092369005e+02,3.340795842067128540e-01
5.466094511331367585e+02,2.237306270688338543e+02,3.437105351352226501e-01
5.465565964880389629e+02,2.237087301291551569e+02,3.533484830579268210e-01
5.465016347107864476e+02,2.237298498421384352e+02,3.637233450906545706e-01
5.464294378110751040e+02,2.237030842449522936e+02,3.734192130910111707e-01
5.463599970977915063e+02,2.237064296022770407e+02,3.833695501038392739e-01
5.463053236660130096e+02,2.236939680236970105e+02,3.939323217886259720e-01
5.462587421717129246e+02,2.236637236913557842e+02,4.052920322852593404e-01
5.461856742135480545e+02,2.236617664533777656e+02,4.164686833587604720e-01
5.461256385460169440e+02,2.236536090678405344e+02,4.285151487281159133e-01
5.460685106020524699e+02,2.236464007100792912e+02,4.414472481686624872e-01
5.460081864264602700e+02,2.236186671949373022e+02,4.537185418737715858e-01
5.459501899405786389e+02,2.236144097570996507e+02,4.671034997301714009e-01
5.458867717845046172e+02,2.235987034338234594e+02,4.796062395081015506e-01
5.458274941141600038e+02,2.236007404034725710e+02,4.927272797022140827e-01
5.457650241283250807e+02,2.235922060712767347e+02,5.050746281173327246e-01
5.457031771585596971e+02,2.235647455891714515e+02,5.196160808538424769e-01
5.456430680367203649e+02,2.235648909276623328e+02,5.326705514041948364e-01
5.455887474898346454e+02,2.235495942162161498e+02,5.463388541715126223e-01
5.455424722683106893e+02,2.235399138954379055e+02,5.590834736226567570e-01
5.454776443586839605e+02,2.235128587781965166e+02,5.730230469274441019e-01
5.454104106956883697e+02,2.235115966755562624e+02,5.859598445430552749e-01
5.453672949893133364e+02,2.234907274017278098e+02,6.003043488360771951e-01
5.453037885980380679e+02,2.234684706062383555e+02,6.129901753699659173e-01
5.452507072165468571e+02,2.234511989140748085e+02,6.272556481090837410e-01
5.452018931828123414e+02,2.234263858390514770e+02,6.414769331494915017e-01
5.451404677540841703e+02,2.234104962057058685e+02,6.541506648031736315e-01
5.450732450697743161e+02,2.233918999711550555e+02,6.667152091780437217e-01
5.450251043718119490e+02,2.233698410662927074e+02,6.786524990110025524e-01
5.449694133435764343e+02,2.233567121978141472e+02,6.912911096449831927e-01
5.449238719492481096e+02,2.233444912263488504e+02,7.025964641028641378e-01
5.448790607955382939e+02,2.233202130256927376e+02,7.117969511629942403e-01
5.448495159693999312e+02,2.233115225702253213e+02,7.214378152578492243e-01
5.448215934261174880e+02,2.232916736576875394e+02,7.299961608803289259e-01
5.447643808881890664e+02,2.232944511295682446e+02,7.366415720483041607e-01
5.447372712605229026e+02,2.232665314001444301e+02,7.445280867015973136e-01
5.447026608902629050e+02,2.232358621109869716e+02,7.534223400356285794e-01
5.446772766159393768e+02,2.232437623711010986e+02,7.596170796871476449e-01
5.446533623383239728e+02,2.232188716494048606e+02,7.702670301020524413e-01
5.446026564568028334e+02,2.231995300032728267e+02,7.784343345836923778e-01
5.445734903623829268e+02,2.231791382266634400e+02,7.877035842242294805e-01
5.445470562335543718e+02,2.231630297804987606e+02,7.951068244889282211e-01
5.445178488758003823e+02,2.231622876577536090e+02,8.034298307514641246e-01
5.444684963356351091e+02,2.231161404985454340e+02,8.134355041160886701e-01
5.444364728838689871e+02,2.231150345985762158e+02,8.224658751414373192e-01
5.443941586111202469e+02,2.230946073580381608e+02,8.311051891118144130e-01
5.443886663947304214e+02,2.230755339128081971e+02,8.393007835499329827e-01
5.443614092533656503e+02,2.230543095942357468e+02,8.453060090103454716e-01
5.443253771620878751e+02,2.230435959456885655e+02,8.522371643241474226e-01
5.442950574111456490e+02,2.230279391338982578e+02,8.581016137039194636e-01
5.442729551310487750e+02,2.230106927504875785e+02,8.629303726976509381e-01
5.442591401123993364e+02,2.229955089883927997e+02,8.680886271012494548e-01
5.442243390971539156e+02,2.229994153716349672e+02,8.711571190144365984e-01
5.442067733606709226e+02,2.229621379477822245e+02,8.766290621164710695e-01
5.442003262660407472e+02,2.229474116891414610e+02,8.794348968162577496e-01
5.441911224989013363e+02,2.229642760383451332e+02,8.818732234092674371e-01
5.441844176510163607e+02,2.229661343240967710e+02,8.815272427571063663e-01
5.441900097106292833e+02,2.229620998712807136e+02,8.823392034429713426e-01
5.442088052917116556e+02,2.229582170219014472e+02,8.829074234381270037e-01
5.441948492209969572e+02,2.229636052447461338e+02,8.833289623646431998e-01
5.442016430825300404e+02,2.229631946783955527e+02,8.830851131510193408e-01
5.441874249674547173e+02,2.229529480455429962e+02,8.833954733716424812e-01
5.441821205243618351e+02,2.229509036907588495e+02,8.838340105249568035e-01
5.441886504137534075e+02,2.229529350846837872e+02,8.844976176228249720e-01
5.441855119842708746e+02,2.229685191971332188e+02,8.841972445665702285e-01
5.441895129825704771e+02,2.229450534179152896e+02,8.847386038202313951e-01
5.441877390311445879e+02,2.229666479537009707e+02,8.849461768735831235e-01
5.441894738944723713e+02,2.229672286189088481e+02,8.850354665718214164e-01
5.441795714085494637e+02,2.229685616646167716e+02,8.853025449983187301e-01
5.441799784306383572e+02,2.229580907610505562e+02,8.851337494655791005e-01
5.441884366847326646e+02,2.229752993519832955e+02,8.850968046691949365e-01
5.441714212418893339e+02,2.229750812847491090e+02,8.864036128436280082e-01
5.441819161859856422e+02,2.229733775462435119e+02,8.860020301967904688e-01
5.441847666602502613e+02,2.229831311950683528e+02,8.861000809523434940e-01
5.441948135039324370e+02,2.229815361146870032e+02,8.879986292871141496e-01
5.442084202558343122e+02,2.229912758023809261e+02,8.892739176196280404e-01
5.442177513533567890e+02,2.229895616854553282e+02,8.899368557497676635e-01
5.442290362914347952e+02,2.230127147189301127e+02,8.942342274954213632e-01
5.442451909811642281e+02,2.230228847461770556e+02,8.982877910419209133e-01
5.442611796065258432e+02,2.230556017944452663e+02,9.033512902712471648e-01
5.442863128381609386e+02,2.230876487200710017e+02,9.098857164461485736e-01
5.442838102425793068e+02,2.231454636033187171e+02,9.170271361015644995e-01
5.442940989395035558e+02,2.231867948557039938e+02,9.284648524247101076e-01
5.443365794363211307e+02,2.232273100328542341e+02,9.404640949753755308e-01
5.443444335063569497e+02,2.232940209334115877e+02,9.534534872496501778e-01
5.443703655791761093e+02,2.233492567425666664e+02,9.676698706500805880e-01
5.444027661817082162e+02,2.234210774179581165e+02,9.828906796183191075e-01
5.444288693629961244e+02,2.235024137708624608e+02,9.992416170148422649e-01
5.444540809467662257e+02,2.235697713663149955e+02,1.016728699726573648e+00
5.444807070056680232e+02,2.236427019165371064e+02,1.035566252211026939e+00
5.444973100211802830e+02,2.237400430026137315e+02,1.053807928001354810e+00
5.445143511608846438e+02,2.238250988647291990e+02,1.074594131140135467e+00
5.445435613546076183e+02,2.239015513666999198e+02,1.095162712796053484e+00
5.445615254310578166e+02,2.239999798615526743e+02,1.116680000806040907e+00
5.445822054698121519e+02,2.240729574615189392e+02,1.138072507971627623e+00
5.445938801881299014e+02,2.241797392136024882e+02,1.159916862251254122e+00
5.446049105632688452e+02,2.242924728462516839e+02,1.183813108841698103e+00
5.446200715860062473e+02,2.243848016440556705e+02,1.207546423467756869e+00
5.446361560169799532e+02,2.244812043754360218e+02,1.231949979741440826e+00
5.446447051792395087e+02,2.246013995480715550e+02,1.257397196225390701e+00
5.446400970917424047e+02,2.247100595762565547e+02,1.283208753437879102e+00
5.446400118704722217e+02,2.248525427715480873e+02,1.308952376591021149e+00
5.446176672431147381e+02,2.249685305525727870e+02,1.335940762172114660e+00
5.446148117635765402e+02,2.250858070177126820e+02,1.363861382655762622e+00
5.445941507989688262e+02,2.252098688904745813e+02,1.391660714330003934e+00
5.445903918526581720e+02,2.253395158062916437e+02,1.421089374717036113e+00
5.445796270261263317e+02,2.254692455504894326e+02,1.450029101110223761e+00
5.445168140090950146e+02,2.256113716606551520e+02,1.478346296494504442e+00
5.444973513923114297e+02,2.257363353891204270e+02,1.507621791564769165e+00
5.445008077374677669e+02,2.258860880055094356e+02,1.538388134736629054e+00
5.444723896354407771e+02,2.260027609000089512e+02,1.570215698935882420e+00
5.444101230783151095e+02,2.261365441849688978e+02,1.601746270524341265e+00
5.443830237135832704e+02,2.262674913147109521e+02,1.632970095959986656e+00
5.443178762308790510e+02,2.264114432678579476e+02,1.665174816976124905e+00
5.442383863707983664e+02,2.265337733382086753e+02,1.696132113955967080e+00
5.442001746499934143e+02,2.266686300877332201e+02,1.729256944302757892e+00
5.441446452908481888e+02,2.267991205408354460e+02,1.761478409670133027e+00
5.440557055267840951e+02,2.269303622379514422e+02,1.791710123370751750e+00
5.439785022026856041e+02,2.270499074235357568e+02,1.821965631511764494e+00
5.439065911117671703e+02,2.271645044767286379e+02,1.852983600874792192e+00
5.438295028927640260e+02,2.272570779715368019e+02,1.883006201789332090e+00
5.437597497330415308e+02,2.273508933572679211e+02,1.914402322877151397e+00
5.436784332182427306e+02,2.274801322852536316e+02,1.941086383200185894e+00
5.435693883026935964e+02,2.275901079354303249e+02,1.966770211343700225e+00
5.434928556513584681e+02,2.276849005532819206e+02,1.993197502183973846e+00
5.434098160612597894e+02,2.277937132548912302e+02,2.015794605883305834e+00
5.433181771500296691e+02,2.278885300230843427e+02,2.038026773040825024e+00
5.432352544922590596e+02,2.280069148221727175e+02,2.058049178242033594e+00
5.431384330430906857e+02,2.281262245807977536e+02,2.076985559846648233e+00
5.430653117287452005e+02,2.281990492039401488e+02,2.095702574280478458e+00
5.429828753547136557e+02,2.283057188551312038e+02,2.110485182762710021e+00
5.428950871840893342e+02,2.284170131293103054e+02,2.125320057386163253e+00
5.428189790772646575e+02,2.285090070226057151e+02,2.138160267763294708e+00
5.427254855137556433e+02,2.286018078793823918e+02,2.151211381309256598e+00
5.426622808532695217e+02,2.286928634644495162e+02,2.161795027405820857e+00
5.425821853099051850e+02,2.288036523001603939e+02,2.170500387165056555e+00
5.424766043940409190e+02,2.289044657272360439e+02,2.176884819220621381e+00
5.424058950885017794e+02,2.289886962025620960e+02,2.184681615048128744e+00
5.423169318108373318e+02,2.290826215005709230e+02,2.187740722518838332e+00
5.422457796028372741e+02,2.292122223570929123e+02,2.191616543906745651e+00
5.421596532605857419e+02,2.293033566899677851e+02,2.194881335302975689e+00
5.420868832483639608e+02,2.294302860231524335e+02,2.194973925202588827e+00
5.419900620647665619e+02,2.295343951678652274e+02,2.195272457621370688e+00
5.419110524005432126e+02,2.296524607869624788e+02,2.195902843134363458e+00
5.418329176552738318e+02,2.297661258942316636e+02,2.194760108798057274e+00
5.417355078626168279e+02,2.298680662860265613e+02,2.191478531155509391e+00
5.416610137669175629e+02,2.299841462586924479e+02,2.190946412106709928e+00
5.415882081436226372e+02,2.301221150655165388e+02,2.187855869004139198e+00
5.414943379904669882e+02,2.302570542889328067e+02,2.185822510952295961e+00
5.414168183504531271e+02,2.303661962073560119e+02,2.183702283268757594e+00
5.413308735504219840e+02,2.305005113340307332e+02,2.180900583924119562e+00
5.412398743548103539e+02,2.306236821248483295e+02,2.178487687181479782e+00
5.411736867695734645e+02,2.307328359565488540e+02,2.176184800442410694e+00
5.410901931236082874e+02,2.308379683483334475e+02,2.172489010457539393e+00
5.410280419027175185e+02,2.309851060720647240e+02,2.168492869552532287e+00
5.409448270959100000e+02,2.311023962794395743e+02,2.163730510913013383e+00
5.408681406256121136e+02,2.312169264052121491e+02,2.158307503660188864e+00
5.407847560523445054e+02,2.313715517057865441e+02,2.150974958710820673e+00
5.407054434930074649e+02,2.314756540176885267e+02,2.142885331654331704e+00
5.406495316980353891e+02,2.316053428500272275e+02,2.134427058678447064e+00
5.405772926880641762e+02,2.317316927423919140e+02,2.126025317705097617e+00
5.405095434058308683e+02,2.318503439713275043e+02,2.116366052573128265e+00
5.404318226973474566e+02,2.319619015401565889e+02,2.106405686386271459e+00
5.403987030924287183e+02,2.320778774940997948e+02,2.096755553418233831e+00
5.402985607540164210e+02,2.322635580483718911e+02,2.084271975092256479e+00
5.402504812775705432e+02,2.323670838070203217e+02,2.077041324173987569e+00
5.401833782492223008e+02,2.325268239377528232e+02,2.068299478354106657e+00
5.401198759015653650e+02,2.326683258040210376e+02,2.060088780303632294e+00
5.400684029879486161e+02,2.327863718046305905e+02,2.053858513566960475e+00
5.400035346584568288e+02,2.329281836562060732e+02,2.045334125638258005e+00
5.399412337952692269e+02,2.330525473638856226e+02,2.034651766830636088e+00
5.398927792215465615e+02,2.331892544704987813e+02,2.025753290953284935e+00
5.398158381591822490e+02,2.333152156039557212e+02,2.016243802114165540e+00
5.397703640293191256e+02,2.334537379538055859e+02,2.006623244137518913e+00
5.397148892124628219e+02,2.336100536828788279e+02,1.995503211250583497e+00
5.396788676736349544e+02,2.337491387407700074e+02,1.985311079760125885e+00
5.396158114767196139e+02,2.338983437041843558e+02,1.973390614140718702e+00
5.395625183365307294e+02,2.340164604266093704e+02,1.962301533409872123e+00
5.395258366162817083e+02,2.341689998026657520e+02,1.950522480020683957e+00
5.394918125522924583e+02,2.343171003246547741e+02,1.936529150940424104e+00
5.394587139083412239e+02,2.344628037617143548e+02,1.922219451284985059e+00
5.394154133536549125e+02,2.346354788086643737e+02,1.907557363177011522e+00
5.393939251303714855e+02,2.347472129743731273e+02,1.891440913119745826e+00
5.393747188048060934e+02,2.349025886271268178e+02,1.875332006764203641e+00
5.393251328261893605e+02,2.350451315588602483e+02,1.858886543074702802e+00
5.392862644558081229e+02,2.351894528219197866e+02,1.840925313131195562e+00
5.392803116965926620e+02,2.353181300801620353e+02,1.825580685410941095e+00
5.392666760926620100e+02,2.354818807327962418e+02,1.807012496392403245e+00
5.392536706978826260e+02,2.356231654637619215e+02,1.792092654170529320e+00
5.392558329884782324e+02,2.357647486688338176e+02,1.777388584401170757e+00
5.392362546448626972e+02,2.359101122095818539e+02,1.763645263712441347e+00
5.392452720452515678e+02,2.360276729353566338e+02,1.747900007432020564e+00
5.392339944390910205e+02,2.361607480702078021e+02,1.737327668857282736e+00
5.392244948317556918e+02,2.362963396654503754e+02,1.723385778156051762e+00
5.392141860661462260e+02,2.363793840297396400e+02,1.712396303971404077e+00
5.392079620952224559e+02,2.364900975376179417e+02,1.701575821139633904e+00
5.392301820405072021e+02,2.366203087888656853e+02,1.689736471567101050e+00
5.392261707083479223e+02,2.367320540342295772e+02,1.678716558844529416e+00
5.392406243304216105e+02,2.368204179186518843e+02,1.669025759184165958e+00
5.392479001357235120e+02,2.369090856626550021e+02,1.658483323563418432e+00
5.392336947717385556e+02,2.370281295863209721e+02,1.648967145948456281e+00
5.392375022585121087e+02,2.370987091910577931e+02,1.642166410296203027e+00
5.392190614069115782e+02,2.371907048126062705e+02,1.634894978741145533e+00
5.392413785551852925e+02,2.372709922204096529e+02,1.629390499928137892e+00
5.392383269547307236e+02,2.373498069310091410e+02,1.624962819639018896e+00
5.392217633661241507e+02,2.374492633132485651e+02,1.621437663177800470e+00
5.392286714845266715e+02,2.375373063665301743e+02,1.617930233040995480e+00
5.392079319578620016e+02,2.375963009401857846e+02,1.615861772815170294e+00
5.392227397821800423e+02,2.376624768756624348e+02,1.615033919762654202e+00
5.392255790950374603e+02,2.377274778487324056e+02,1.615097424340920185e+00
5.392276010068094365e+02,2.377846620258113148e+02,1.614689168597767788e+00
5.392236095299559793e+02,2.378200521965051450e+02,1.616196008469670931e+00
5.392046005584431896e+02,2.378688645118674287e+02,1.616992659940744037e+00
5.391960444915522430e+02,2.379026587789472558e+02,1.619240181362971542e+00
5.391911058803168544e+02,2.379512397788555518e+02,1.617584700655231522e+00
5.392007098570055632e+02,2.379577674478675533e+02,1.617999500485469477e+00
5.392101093210020508e+02,2.379774201820296753e+02,1.618767672552147152e+00
5.392031887913027504e+02,2.379783118914452018e+02,1.618844761590318759e+00
5.391979335835368374e+02,2.379693009865929127e+02,1.619360542189770991e+00
5.391946170093971205e+02,2.379813628498790763e+02,1.618491946131615178e+00
5.391990744789816290e+02,2.379733753481757788e+02,1.618768513141476628e+00
5.392016690919592747e+02,2.379732907532410024e+02,1.618905859864559593e+00
5.391929986103668853e+02,2.379634278883578986e+02,1.619357970303054062e+00
5.391967299740039152e+02,2.379791403781389647e+02,1.618744730979151614e+00
5.391935983031906972e+02,2.379700740197139339e+02,1.619251120980748304e+00
5.391966746233858885e+02,2.379698200831845156e+02,1.619240089862714171e+00
5.391959361458610829e+02,2.379743606371248461e+02,1.618757274923580791e+00
5.391935475721168132e+02,2.379758312793422874e+02,1.619023978528266738e+00
5.391996134832905909e+02,2.379658775375519895e+02,1.619719297991049078e+00
5.391919773480459526e+02,2.379766912382010560e+02,1.619402377602440657e+00
5.391877940649945913e+02,2.379725612624327482e+02,1.619349160037710345e+00
5.391913796222619339e+02,2.379690808628278091e+02,1.619357226340114586e+00
5.391949123590279669e+02,2.379648476075251722e+02,1.618691659121941795e+00
5.391969949447537829e+02,2.379730960457696654e+02,1.619608349260530211e+00
5.391998696062210001e+02,2.379787889366419336e+02,1.618780679961587143e+00
5.391894710168506890e+02,2.379709746853374668e+02,1.619312711666606841e+00
5.391824159562393106e+02,2.379739051084653454e+02,1.619101482822116855e+00
5.391965823564695484e+02,2.379722062773807636e+02,1.619482531671356806e+00
5.391820715337049705e+02,2.379859196064371929e+02,1.618893549353214389e+00
5.391903727399635500e+02,2.379715798446602832e+02,1.619671228290011866e+00
5.391862247962681067e+02,2.379630840934729008e+02,1.620107698540609542e+00
5.391875260537909753e+02,2.379794196936679498e+02,1.619805746041923067e+00
5.391900282932283517e+02,2.379741649121833404e+02,1.619132786029872539e+00
5.391789457381679540e+02,2.379708962135205184e+02,1.619286222113843765e+00
5.391801294279673584e+02,2.379555379425355284e+02,1.619774489465945821e+00
5.391847707735056474e+02,2.379696142758328392e+02,1.619380176218093048e+00
5.391951710174452046e+02,2.379708211695553075e+02,1.618507409128552066e+00
5.391964403565375505e+02,2.379605572837145644e+02,1.619700727979311417e+00
5.391867389430924504e+02,2.379582605494908591e+02,1.619324057078432633e+00
5.391907685287575305e+02,2.379593706677655405e+02,1.619629554661764503e+00
5.391881491723761428e+02,2.379619353620736319e+02,1.619931927616534706e+00
5.391931843800992965e+02,2.379622924619575599e+02,1.619875883790717896e+00
5.391915651973474723e+02,2.379572631327102954e+02,1.619799034419784789e+00
5.391942223425495513e+02,2.379504051535050166e+02,1.619703852334801297e+00
5.391854985936838602e+02,2.379757398115494027e+02,1.619417715358074439e+00
